audio_file,text,normalized_text,duration,line_number
BT-7274.Voicepack/bt_clips/001_Standing_by_pilot_Climb_onto_my.wav,"Standing by, pilot. Climb onto my hand.",standing by pilot climb onto my hand,2.42,1
BT-7274.Voicepack/bt_clips/002_Pilot_I_advise_against_turning_yourself.wav,"Pilot, I advise against turning yourself over to the IMC.",pilot i advise against turning yourself over to the imc,3.44,2
BT-7274.Voicepack/bt_clips/003_Voice_pattern_analysis_indicates_they_ar.wav,Voice pattern analysis indicates they are lying.,voice pattern analysis indicates they are lying,2.4800000000000004,3
BT-7274.Voicepack/bt_clips/004_Understood_but_I_do_recommend_you.wav,"Understood, but I do recommend you move.",understood but i do recommend you move,2.24,4
BT-7274.Voicepack/bt_clips/005_IMC_salvage_teams_are_not_far.wav,IMC salvage teams are not far away.,imc salvage teams are not far away,2.119999999999999,5
BT-7274.Voicepack/bt_clips/006_It_is_a_common_requirement_for.wav,It is a common requirement for pilots to maneuver in situations without a linked Titan.,it is a common requirement for pilots to maneuver in situations without a linked titan,4.440000000000001,6
BT-7274.Voicepack/bt_clips/007_Be_careful_pilot.wav,"Be careful, pilot.",be careful pilot,1.0,7
BT-7274.Voicepack/bt_clips/008_Undetermined_I_will_not_know_the.wav,"Undetermined, I will not know the full extent of your brain function until we establish a neural link.",undetermined i will not know the full extent of your brain function until we establish a neural link,5.220000000000002,8
BT-7274.Voicepack/bt_clips/009_This_is_the_commander_of_the.wav,"This is the commander of the Marauder Corps, a section of the Militia's Special Recon Squadron, or SRS.",this is the commander of the marauder corps a section of the militias special recon squadron or srs,6.140000000000001,9
BT-7274.Voicepack/bt_clips/010_Her_name_is_Sarah_Briggs.wav,Her name is Sarah Briggs.,her name is sarah briggs,1.5600000000000023,10
BT-7274.Voicepack/bt_clips/011_No_scans_do_not_detect_any.wav,"No, scans do not detect any life signs within the NCS James McAllen.",no scans do not detect any life signs within the ncs james mcallen,4.759999999999998,11
BT-7274.Voicepack/bt_clips/012_But_90_of_the_lifeboats_have.wav,But 90% of the lifeboats have been ejected.,but 90 of the lifeboats have been ejected,2.5799999999999983,12
BT-7274.Voicepack/bt_clips/013_There_is_still_hope.wav,There is still hope.,there is still hope,1.0,13
BT-7274.Voicepack/bt_clips/014_IMC_Titan_acquired.wav,IMC Titan acquired.,imc titan acquired,1.2800000000000011,14
BT-7274.Voicepack/bt_clips/015_Lastimosa_hostile_Titans_inbound.wav,"Lastimosa, hostile Titans inbound.",lastimosa hostile titans inbound,2.280000000000001,15
BT-7274.Voicepack/bt_clips/016_Apex_Predators.wav,Apex Predators.,apex predators,0.8400000000000034,16
BT-7274.Voicepack/bt_clips/017_Lastimosa_we_have_unmarked_Titans_inboun.wav,"Lastimosa, we have unmarked Titans inbound.",lastimosa we have unmarked titans inbound,2.519999999999996,17
BT-7274.Voicepack/bt_clips/018_Lastimosa_we_have_Titans_inbound.wav,"Lastimosa, we have Titans inbound.",lastimosa we have titans inbound,2.0,18
BT-7274.Voicepack/bt_clips/019_Apex_Predators.wav,Apex Predators.,apex predators,1.3200000000000003,19
BT-7274.Voicepack/bt_clips/020_Pilot_our_location_has_been_compromised.wav,"Pilot, our location has been compromised.",pilot our location has been compromised,1.9400000000000048,20
BT-7274.Voicepack/bt_clips/021_Those_drones_are_IMC_scouts.wav,Those drones are IMC scouts.,those drones are imc scouts,41.76,21
BT-7274.Voicepack/bt_clips/022_Enemy_reinforcements_will_be_on_their.wav,Enemy reinforcements will be on their way.,enemy reinforcements will be on their way,1.7800000000000011,22
BT-7274.Voicepack/bt_clips/023_We_must_complete_the_neural_link.wav,We must complete the neural link immediately.,we must complete the neural link immediately,1.9399999999999977,23
BT-7274.Voicepack/bt_clips/024_Please_install_the_final_battery.wav,Please install the final battery.,please install the final battery,1.480000000000004,24
BT-7274.Voicepack/bt_clips/025_Are_you_alright_pilot.wav,"Are you alright, pilot?",are you alright pilot,0.960000000000008,25
BT-7274.Voicepack/bt_clips/026_Yes.wav,Yes.,yes,0.3999999999999915,26
BT-7274.Voicepack/bt_clips/027_The_late_Captain_Lastimosa_gave_you.wav,The late Captain Lastimosa gave you the provisional rank of acting pilot.,the late captain lastimosa gave you the provisional rank of acting pilot,3.759999999999991,27
BT-7274.Voicepack/bt_clips/028_Congratulations_on_your_promotion.wav,Congratulations on your promotion.,congratulations on your promotion,1.5799999999999983,28
BT-7274.Voicepack/bt_clips/029_You_may_call_me_BT.wav,You may call me BT.,you may call me bt,1.0600000000000023,29
BT-7274.Voicepack/bt_clips/030_I_am_BT-7274.wav,I am BT-7274.,i am bt7274,2.0,30
BT-7274.Voicepack/bt_clips/031_A_Vanguard_Class_Titan_of_the.wav,A Vanguard Class Titan of the Militia SRS Marauder Corps.,a vanguard class titan of the militia srs marauder corps,3.5799999999999983,31
BT-7274.Voicepack/bt_clips/032_You_may_call_me_BT.wav,You may call me BT.,you may call me bt,1.039999999999992,32
BT-7274.Voicepack/bt_clips/033_Protocol_1.wav,Protocol 1.,protocol 1,0.8399999999999892,33
BT-7274.Voicepack/bt_clips/034_Link_to_pilot.wav,Link to pilot.,link to pilot,0.7799999999999727,34
BT-7274.Voicepack/bt_clips/035_Neural_link_established.wav,Neural link established.,neural link established,1.3000000000000114,35
BT-7274.Voicepack/bt_clips/036_Rifleman_Jack_Cooper.wav,Rifleman Jack Cooper.,rifleman jack cooper,1.0600000000000023,36
BT-7274.Voicepack/bt_clips/037_You_are_now_confirmed_as_acting.wav,You are now confirmed as acting pilot of BT-7274.,you are now confirmed as acting pilot of bt7274,4.0,37
BT-7274.Voicepack/bt_clips/038_Protocol_2.wav,Protocol 2.,protocol 2,0.8400000000000034,38
BT-7274.Voicepack/bt_clips/039_Uphold_the_mission.wav,Uphold the mission.,uphold the mission,0.8799999999999955,39
BT-7274.Voicepack/bt_clips/040_Our_orders_are_to_resume_Special.wav,Our orders are to resume Special Operation 217.,our orders are to resume special operation 217,3.4000000000000057,40
BT-7274.Voicepack/bt_clips/041_Protocol_3.wav,Protocol 3.,protocol 3,0.8799999999999955,41
BT-7274.Voicepack/bt_clips/042_Protect_the_pilot.wav,Protect the pilot.,protect the pilot,1.4199999999999875,42
BT-7274.Voicepack/bt_clips/043_I_will_support_you_in_the.wav,I will support you in the pursuit of valid mission objectives.,i will support you in the pursuit of valid mission objectives,2.9799999999999898,43
BT-7274.Voicepack/bt_clips/044_Ready_to_proceed.wav,Ready to proceed.,ready to proceed,0.8799999999999955,44
BT-7274.Voicepack/bt_clips/045_Our_orders_are_to_resume_Special.wav,Our orders are to resume Special Operation 217.,our orders are to resume special operation 217,3.4199999999999875,45
BT-7274.Voicepack/bt_clips/046_Rendezvous_with_Major_Anderson_of_the.wav,Rendezvous with Major Anderson of the SRS.,rendezvous with major anderson of the srs,2.640000000000015,46
BT-7274.Voicepack/bt_clips/047_Anderson_is_a_member_of_the.wav,"Anderson is a member of the SRS, the Special Reconnaissance Squadron.",anderson is a member of the srs the special reconnaissance squadron,43.920000000000016,47
BT-7274.Voicepack/bt_clips/048_The_unit_was_created_to_perform.wav,The unit was created to perform direct action raids on IMC installations.,the unit was created to perform direct action raids on imc installations,4.099999999999994,48
BT-7274.Voicepack/bt_clips/049_Detailed_access_is_restricted.wav,Detailed access is restricted.,detailed access is restricted,1.4399999999999977,49
BT-7274.Voicepack/bt_clips/050_Major_Andersons_authorization_is_require.wav,Major Anderson's authorization is required.,major andersons authorization is required,2.0200000000000102,50
BT-7274.Voicepack/bt_clips/051_Our_orders_were_to_rendezvous_with.wav,Our orders were to rendezvous with him post-Titanfall.,our orders were to rendezvous with him posttitanfall,3.579999999999984,51
BT-7274.Voicepack/bt_clips/052_The_rendezvous_point_is_106_clicks.wav,The rendezvous point is 106 clicks northeast of our current position.,the rendezvous point is 106 clicks northeast of our current position,4.0800000000000125,52
BT-7274.Voicepack/bt_clips/053_Prediction.wav,Prediction.,prediction,0.4399999999999977,53
BT-7274.Voicepack/bt_clips/054_A_substantial_IMC_presence_lies_along.wav,A substantial IMC presence lies along our route.,a substantial imc presence lies along our route,2.880000000000024,54
BT-7274.Voicepack/bt_clips/055_This_would_violate_Protocol_2.wav,This would violate Protocol 2.,this would violate protocol 2,1.6399999999999864,55
BT-7274.Voicepack/bt_clips/056_We_are_a_Pilot_Titan_Unified.wav,We are a Pilot Titan Unified Combat System.,we are a pilot titan unified combat system,2.539999999999992,56
BT-7274.Voicepack/bt_clips/057_Our_orders_are_to_rendezvous_with.wav,Our orders are to rendezvous with Major Anderson.,our orders are to rendezvous with major anderson,2.1999999999999886,57
BT-7274.Voicepack/bt_clips/058_Yes.wav,Yes.,yes,0.3400000000000034,58
BT-7274.Voicepack/bt_clips/059_I_have_taken_significant_damage_but.wav,"I have taken significant damage, but my data core is intact.",i have taken significant damage but my data core is intact,3.480000000000018,59
BT-7274.Voicepack/bt_clips/060_Yes.wav,Yes.,yes,0.3400000000000034,60
BT-7274.Voicepack/bt_clips/061_Trust_me.wav,Trust me.,trust me,0.6399999999999864,61
BT-7274.Voicepack/bt_clips/062_Correct.wav,Correct.,correct,0.7199999999999989,62
BT-7274.Voicepack/bt_clips/063_We_are_deployed_on_operations_that.wav,We are deployed on operations that strongly benefit from the cooperation of both Pilot and Titan.,we are deployed on operations that strongly benefit from the cooperation of both pilot and titan,5.380000000000024,63
BT-7274.Voicepack/bt_clips/064_Correct.wav,Correct.,correct,0.4199999999999875,64
BT-7274.Voicepack/bt_clips/065_However_an_SRS_mission_is_frequently.wav,"However, an SRS mission is frequently challenging, requiring the highest qualified pilots to achieve success.",however an srs mission is frequently challenging requiring the highest qualified pilots to achieve success,6.280000000000001,65
BT-7274.Voicepack/bt_clips/066_Due_to_your_limited_experience_as.wav,"Due to your limited experience as a Pilot, success is uncertain.",due to your limited experience as a pilot success is uncertain,3.8600000000000136,66
BT-7274.Voicepack/bt_clips/067_Nevertheless_my_second_protocol_dictates.wav,"Nevertheless, my second protocol dictates that we uphold the mission.",nevertheless my second protocol dictates that we uphold the mission,44.73999999999995,67
BT-7274.Voicepack/bt_clips/068_A_positive_attitude_can_only_improve.wav,A positive attitude can only improve our situation.,a positive attitude can only improve our situation,2.7000000000000455,68
BT-7274.Voicepack/bt_clips/069_Pilot_we_must_establish_a_neural.wav,"Pilot, we must establish a neural link in order to proceed.",pilot we must establish a neural link in order to proceed,3.2200000000000273,69
BT-7274.Voicepack/bt_clips/070_Embark_when_ready.wav,Embark when ready.,embark when ready,0.9599999999999795,70
BT-7274.Voicepack/bt_clips/071_Please_embark_when_ready.wav,Please embark when ready.,please embark when ready,1.2199999999999704,71
BT-7274.Voicepack/bt_clips/072_Pilot_Im_detecting_incoming_enemy_forces.wav,"Pilot, I'm detecting incoming enemy forces.",pilot im detecting incoming enemy forces,2.480000000000018,72
BT-7274.Voicepack/bt_clips/073_I_advise_you_prepare_for_combat.wav,I advise you prepare for combat.,i advise you prepare for combat,1.6200000000000045,73
BT-7274.Voicepack/bt_clips/074_Power_low.wav,Power low.,power low,0.7599999999999909,74
BT-7274.Voicepack/bt_clips/075_Insufficient_power.wav,Insufficient power.,insufficient power,1.1200000000000045,75
BT-7274.Voicepack/bt_clips/076_Power_at_two-thirds.wav,Power at two-thirds.,power at twothirds,1.1800000000000068,76
BT-7274.Voicepack/bt_clips/077_Data_core_reinitialized.wav,Data core reinitialized.,data core reinitialized,1.4800000000000182,77
BT-7274.Voicepack/bt_clips/078_Ocular_system_online.wav,"Ocular system, online.",ocular system online,1.8199999999999932,78
BT-7274.Voicepack/bt_clips/079_Adjusting_focus.wav,Adjusting focus.,adjusting focus,0.9800000000000182,79
BT-7274.Voicepack/bt_clips/080_I_will_continue_repairing_myself_to.wav,I will continue repairing myself to the extent I am capable.,i will continue repairing myself to the extent i am capable,2.920000000000016,80
BT-7274.Voicepack/bt_clips/081_A_third_battery_will_help_me.wav,"A third battery will help me greatly, Pilot.",a third battery will help me greatly pilot,2.1999999999999886,81
BT-7274.Voicepack/bt_clips/082_Until_I_am_mobile_I_will.wav,"Until I am mobile, I will assist you through your helmet radio when possible.",until i am mobile i will assist you through your helmet radio when possible,3.7800000000000296,82
BT-7274.Voicepack/bt_clips/083_Battery_at_100.wav,Battery at 100%.,battery at 100,0.8000000000000114,83
BT-7274.Voicepack/bt_clips/084_Power_at_full_capacity.wav,Power at full capacity.,power at full capacity,1.4799999999999613,84
BT-7274.Voicepack/bt_clips/085_Establishing_neural_link.wav,Establishing neural link.,establishing neural link,1.420000000000016,85
BT-7274.Voicepack/bt_clips/086_Reinitializing_critical_systems.wav,Reinitializing critical systems.,reinitializing critical systems,1.579999999999984,86
BT-7274.Voicepack/bt_clips/087_Vortex_Shield_online.wav,"Vortex Shield, online.",vortex shield online,1.0400000000000205,87
BT-7274.Voicepack/bt_clips/088_The_Vortex_Shield_catches_incoming_round.wav,The Vortex Shield catches incoming rounds and missiles.,the vortex shield catches incoming rounds and missiles,2.680000000000007,88
BT-7274.Voicepack/bt_clips/089_Release_the_button_to_launch_any.wav,Release the button to launch any captured objects back at the enemy.,release the button to launch any captured objects back at the enemy,3.599999999999966,89
BT-7274.Voicepack/bt_clips/090_Pilot_the_Acolyte_pod_is_online.wav,"Pilot, the Acolyte pod is online.",pilot the acolyte pod is online,2.0399999999999636,90
BT-7274.Voicepack/bt_clips/091_This_shoulder-mounted_rocket_pod_will_lo.wav,This shoulder-mounted rocket pod will lock onto multiple enemy targets.,this shouldermounted rocket pod will lock onto multiple enemy targets,43.30000000000001,91
BT-7274.Voicepack/bt_clips/092_The_longer_you_hold_down_the.wav,"The longer you hold down the button, the more locks you will achieve.",the longer you hold down the button the more locks you will achieve,3.159999999999968,92
BT-7274.Voicepack/bt_clips/093_Neural_link_complete.wav,Neural link complete.,neural link complete,1.079999999999984,93
BT-7274.Voicepack/bt_clips/094_Primary_weapon_control_and_motion_link.wav,Primary weapon control and motion link reestablished.,primary weapon control and motion link reestablished,2.7799999999999727,94
BT-7274.Voicepack/bt_clips/095_We_are_linked_Pilot.wav,"We are linked, Pilot.",we are linked pilot,0.8199999999999932,95
BT-7274.Voicepack/bt_clips/096_You_now_have_full_control.wav,You now have full control.,you now have full control,1.4600000000000364,96
BT-7274.Voicepack/bt_clips/097_Pilot_enemy_Titanfall_detected.wav,"Pilot, enemy Titanfall detected.",pilot enemy titanfall detected,1.9800000000000182,97
BT-7274.Voicepack/bt_clips/098_Picking_up_weapons_from_enemy_Titans.wav,"Picking up weapons from enemy Titans gives us access to their full loadouts,",picking up weapons from enemy titans gives us access to their full loadouts,3.9399999999999977,98
BT-7274.Voicepack/bt_clips/099_should_we_choose_to_equip_them.wav,should we choose to equip them.,should we choose to equip them,1.400000000000034,99
BT-7274.Voicepack/bt_clips/100_We_will_have_to_fight_our.wav,We will have to fight our way to safety.,we will have to fight our way to safety,2.2199999999999704,100
BT-7274.Voicepack/bt_clips/101_Get_ready.wav,Get ready.,get ready,0.4800000000000182,101
BT-7274.Voicepack/bt_clips/102_My_systems_are_rebooting.wav,My systems are rebooting.,my systems are rebooting,1.3799999999999955,102
BT-7274.Voicepack/bt_clips/103_But_a_third_battery_will_accelerate.wav,But a third battery will accelerate the process.,but a third battery will accelerate the process,2.4599999999999795,103
BT-7274.Voicepack/bt_clips/104_I_will_remain_here.wav,I will remain here.,i will remain here,1.0199999999999818,104
BT-7274.Voicepack/bt_clips/105_I_will_remain_here.wav,I will remain here.,i will remain here,1.1399999999999864,105
BT-7274.Voicepack/bt_clips/106_Pilot_my_mapping_systems_have_been.wav,"Pilot, my mapping systems have been restored.",pilot my mapping systems have been restored,2.319999999999993,106
BT-7274.Voicepack/bt_clips/107_The_ambush_of_the_9th_Militia.wav,The ambush of the 9th Militia Fleet has landed us far off course from our original destination.,the ambush of the 9th militia fleet has landed us far off course from our original destination,4.659999999999968,107
BT-7274.Voicepack/bt_clips/108_We_are_located_in_hostile_territory.wav,We are located in hostile territory.,we are located in hostile territory,1.8600000000000136,108
BT-7274.Voicepack/bt_clips/109_Be_careful_we_cannot_stay_here.wav,"Be careful, we cannot stay here long.",be careful we cannot stay here long,1.920000000000016,109
BT-7274.Voicepack/bt_clips/110_Pilot_your_suit_has_an_emergency.wav,"Pilot, your suit has an emergency cloaking ability.",pilot your suit has an emergency cloaking ability,2.6399999999999864,110
BT-7274.Voicepack/bt_clips/111_This_can_help_you_survive_dangerous.wav,This can help you survive dangerous situations.,this can help you survive dangerous situations,2.140000000000043,111
BT-7274.Voicepack/bt_clips/112_We_have_no_other_options.wav,We have no other options.,we have no other options,2.0600000000000023,112
BT-7274.Voicepack/bt_clips/113_We_will_have_to_improvise_and.wav,We will have to improvise and adapt if we wish to survive.,we will have to improvise and adapt if we wish to survive,3.0400000000000205,113
BT-7274.Voicepack/bt_clips/114_Enemy_targets_inbound.wav,Enemy targets inbound.,enemy targets inbound,1.1800000000000068,114
BT-7274.Voicepack/bt_clips/115_Well_done_Pilot.wav,"Well done, Pilot.",well done pilot,0.8199999999999932,115
BT-7274.Voicepack/bt_clips/116_Our_combat_effectiveness_rating_has_incr.wav,Our combat effectiveness rating has increased.,our combat effectiveness rating has increased,42.28000000000003,116
BT-7274.Voicepack/bt_clips/117_Pilot_I_am_detecting_militia_forces.wav,"Pilot, I am detecting militia forces 10 clicks south of our location.",pilot i am detecting militia forces 10 clicks south of our location,3.920000000000016,117
BT-7274.Voicepack/bt_clips/118_Pilot_there_are_more_IMC_salvage.wav,"Pilot, there are more IMC salvage teams on the way.",pilot there are more imc salvage teams on the way,3.180000000000007,118
BT-7274.Voicepack/bt_clips/119_Pilot_our_only_chance_of_survival.wav,"Pilot, our only chance of survival is to rendezvous with Major Anderson and reconnect with the fleet.",pilot our only chance of survival is to rendezvous with major anderson and reconnect with the fleet,5.5400000000000205,119
BT-7274.Voicepack/bt_clips/120_Until_then_you_and_I_are.wav,"Until then, you and I are on our own.",until then you and i are on our own,3.519999999999982,120
BT-7274.Voicepack/bt_clips/121_Pilot_our_only_chance_of_survival.wav,"Pilot, our only chance of survival will be to rendezvous with Major Anderson and reconnect with the fleet.",pilot our only chance of survival will be to rendezvous with major anderson and reconnect with the fleet,4.960000000000036,121
BT-7274.Voicepack/bt_clips/122_Until_then_you_and_I_are.wav,"Until then, you and I are on our own.",until then you and i are on our own,2.419999999999959,122
BT-7274.Voicepack/bt_clips/123_Pilot_our_only_chance_of_survival.wav,"Pilot, our only chance of survival is to rendezvous with Major Anderson and reconnect with the fleet.",pilot our only chance of survival is to rendezvous with major anderson and reconnect with the fleet,5.1200000000000045,123
BT-7274.Voicepack/bt_clips/124_Until_then_you_and_I_are.wav,"Until then, you and I are on our own.",until then you and i are on our own,2.2200000000000273,124
BT-7274.Voicepack/bt_clips/125_Pilot_I_detect_more_IMC_salvage.wav,"Pilot, I detect more IMC salvage teams on the way.",pilot i detect more imc salvage teams on the way,3.240000000000009,125
BT-7274.Voicepack/bt_clips/126_Our_only_chance_of_survival_is.wav,Our only chance of survival is to uphold the original mission and rendezvous with Major Anderson.,our only chance of survival is to uphold the original mission and rendezvous with major anderson,5.080000000000041,126
BT-7274.Voicepack/bt_clips/127_Until_then_you_and_I_are.wav,"Until then, you and I are on our own.",until then you and i are on our own,2.340000000000032,127
BT-7274.Voicepack/bt_clips/128_Pilot_our_only_chance_of_survival.wav,"Pilot, our only chance of survival is to uphold our mission of rendezvousing with Major Anderson.",pilot our only chance of survival is to uphold our mission of rendezvousing with major anderson,4.740000000000009,128
BT-7274.Voicepack/bt_clips/129_Until_then_you_and_I_are.wav,"Until then, you and I are on our own.",until then you and i are on our own,2.3799999999999955,129
BT-7274.Voicepack/bt_clips/130_Marking_your_HUD_we_must_move.wav,"Marking your HUD, we must move quickly.",marking your hud we must move quickly,2.1800000000000637,130
BT-7274.Voicepack/bt_clips/131_If_we_wish_to_survive_our.wav,"If we wish to survive, our only chance will be to uphold the mission and rendezvous with Major Anderson.",if we wish to survive our only chance will be to uphold the mission and rendezvous with major anderson,45.200000000000045,131
BT-7274.Voicepack/bt_clips/132_Until_then_you_and_I_are.wav,"Until then, you and I are on our own.",until then you and i are on our own,2.4600000000000364,132
BT-7274.Voicepack/bt_clips/133_Power.wav,Power.,power,0.4399999999999409,133
BT-7274.Voicepack/bt_clips/134_Low.wav,Low.,low,0.40000000000009095,134
BT-7274.Voicepack/bt_clips/135_Insufficient_power.wav,Insufficient power.,insufficient power,1.0799999999999272,135
BT-7274.Voicepack/bt_clips/136_Pilot_I_am_detecting_friendly_militia.wav,"Pilot, I am detecting friendly militia forces along your path.",pilot i am detecting friendly militia forces along your path,3.5399999999999636,136
BT-7274.Voicepack/bt_clips/137_They_may_need_assistance.wav,They may need assistance.,they may need assistance,1.080000000000041,137
BT-7274.Voicepack/bt_clips/138_In_order_to_survive_we_must.wav,"In order to survive, we must keep moving.",in order to survive we must keep moving,2.519999999999982,138
BT-7274.Voicepack/bt_clips/139_Well_done_Pilot.wav,"Well done, Pilot.",well done pilot,0.6999999999999318,139
BT-7274.Voicepack/bt_clips/140_Kanes_helmet_radio_is_still_intact.wav,Kane's helmet radio is still intact.,kanes helmet radio is still intact,1.8600000000000136,140
BT-7274.Voicepack/bt_clips/141_We_should_retrieve_it.wav,We should retrieve it.,we should retrieve it,0.9199999999999591,141
BT-7274.Voicepack/bt_clips/142_Pilot_avoid_any_pools_of_thermite.wav,"Pilot, avoid any pools of thermite.",pilot avoid any pools of thermite,2.019999999999982,142
BT-7274.Voicepack/bt_clips/143_They_cause_heavy_damage.wav,They cause heavy damage.,they cause heavy damage,1.0599999999999454,143
BT-7274.Voicepack/bt_clips/144_Pilot_stay_out_of_Kanes_thermite.wav,"Pilot, stay out of Kane's thermite residue.",pilot stay out of kanes thermite residue,2.1399999999999864,144
BT-7274.Voicepack/bt_clips/145_It_causes_heavy_damage.wav,It causes heavy damage.,it causes heavy damage,1.2000000000000455,145
BT-7274.Voicepack/bt_clips/146_The_ability_to_decrypt_enemy_communicati.wav,The ability to decrypt enemy communications has a strong history in warfare.,the ability to decrypt enemy communications has a strong history in warfare,3.7999999999999545,146
BT-7274.Voicepack/bt_clips/147_This_will_work_to_our_advantage.wav,This will work to our advantage.,this will work to our advantage,1.5,147
BT-7274.Voicepack/bt_clips/148_Pilot_by_now_the_IMC_will.wav,"Pilot, by now the IMC will be searching for us.",pilot by now the imc will be searching for us,2.6399999999999864,148
BT-7274.Voicepack/bt_clips/149_Our_best_chance_of_survival_lies.wav,Our best chance of survival lies in rendezvousing with Major Anderson.,our best chance of survival lies in rendezvousing with major anderson,3.3600000000000136,149
BT-7274.Voicepack/bt_clips/150_It_will_be_a_long_journey.wav,It will be a long journey through enemy-occupied territory.,it will be a long journey through enemyoccupied territory,3.060000000000059,150
BT-7274.Voicepack/bt_clips/151_We_must_move_quickly.wav,We must move quickly.,we must move quickly,1.2799999999999727,151
BT-7274.Voicepack/bt_clips/152_I_advise_we_proceed_with_caution.wav,I advise we proceed with caution.,i advise we proceed with caution,1.6599999999999682,152
BT-7274.Voicepack/bt_clips/153_Be_careful_Pilot.wav,"Be careful, Pilot.",be careful pilot,0.7999999999999545,153
BT-7274.Voicepack/bt_clips/154_This_toxic_sludge_appears_corrosive_to.wav,This toxic sludge appears corrosive to organic life.,this toxic sludge appears corrosive to organic life,3.1399999999999864,154
BT-7274.Voicepack/bt_clips/155_Pilot_I_advise_you_to_re-enter.wav,"Pilot, I advise you to re-enter the cockpit.",pilot i advise you to reenter the cockpit,1.9599999999999227,155
BT-7274.Voicepack/bt_clips/156_This_toxic_sludge_appears_corrosive_to.wav,This toxic sludge appears corrosive to organic life.,this toxic sludge appears corrosive to organic life,2.9600000000000364,156
BT-7274.Voicepack/bt_clips/157_Pilot_this_titan_weapon_is_an.wav,"Pilot, this titan weapon is an advanced design and may give us a tactical advantage.",pilot this titan weapon is an advanced design and may give us a tactical advantage,44.379999999999995,157
BT-7274.Voicepack/bt_clips/158_Pilot_this_titan_sword_is_of.wav,"Pilot, this titan sword is of an advanced design and may give us a tactical advantage.",pilot this titan sword is of an advanced design and may give us a tactical advantage,4.540000000000077,158
BT-7274.Voicepack/bt_clips/159_A_humans_concept_of_love_requires.wav,"A human's concept of love requires admiration, attraction, devotion, and respect.",a humans concept of love requires admiration attraction devotion and respect,5.819999999999936,159
BT-7274.Voicepack/bt_clips/160_Conclusion_I_am_50_in_love.wav,Conclusion I am 50% in love.,conclusion i am 50 in love,3.1200000000000045,160
BT-7274.Voicepack/bt_clips/161_Agreed.wav,Agreed.,agreed,0.4599999999999227,161
BT-7274.Voicepack/bt_clips/162_The_IMC_is_well_equipped_with.wav,The IMC is well equipped with advanced titan weaponry.,the imc is well equipped with advanced titan weaponry,2.8799999999999955,162
BT-7274.Voicepack/bt_clips/163_They_will_be_most_beneficial_to.wav,They will be most beneficial to our success.,they will be most beneficial to our success,2.019999999999982,163
BT-7274.Voicepack/bt_clips/164_A_basic_melee_attack_will_actuate.wav,A basic melee attack will actuate the sword.,a basic melee attack will actuate the sword,2.3600000000000136,164
BT-7274.Voicepack/bt_clips/165_However_a_fully_charged_core_will.wav,"However, a fully charged core will deliver maximum damage.",however a fully charged core will deliver maximum damage,3.2200000000000273,165
BT-7274.Voicepack/bt_clips/166_We_will_need_to_deactivate_the.wav,We will need to deactivate the sludge flows in order to regroup.,we will need to deactivate the sludge flows in order to regroup,2.759999999999991,166
BT-7274.Voicepack/bt_clips/167_I_have_marked_the_controls_on.wav,I have marked the controls on your HUD.,i have marked the controls on your hud,2.159999999999968,167
BT-7274.Voicepack/bt_clips/168_Visual_contact_re-established_with_Pilot.wav,Visual contact re-established with Pilot.,visual contact reestablished with pilot,1.8999999999999773,168
BT-7274.Voicepack/bt_clips/169_Commencing_supporting_fire.wav,Commencing supporting fire.,commencing supporting fire,1.2000000000000455,169
BT-7274.Voicepack/bt_clips/170_Danger_close.wav,Danger close.,danger close,0.7400000000000091,170
BT-7274.Voicepack/bt_clips/171_Pilot_exercise_caution.wav,"Pilot, exercise caution.",pilot exercise caution,1.6400000000001,171
BT-7274.Voicepack/bt_clips/172_Pilot_exercise_caution.wav,"Pilot, exercise caution.",pilot exercise caution,1.6600000000000819,172
BT-7274.Voicepack/bt_clips/173_I_am_following_the_stream_of.wav,I am following the stream of sludge.,i am following the stream of sludge,1.919999999999959,173
BT-7274.Voicepack/bt_clips/174_The_current_is_strong_up_ahead.wav,"The current is strong up ahead, suggesting an exit.",the current is strong up ahead suggesting an exit,2.7000000000000455,174
BT-7274.Voicepack/bt_clips/175_Keep_moving_forward.wav,Keep moving forward.,keep moving forward,0.8799999999999955,175
BT-7274.Voicepack/bt_clips/176_As_on_many_other_worlds_in.wav,"As on many other worlds in the frontier, this IMC facility does not follow standard protocols and is discharging toxins without regard for the health of this planet.",as on many other worlds in the frontier this imc facility does not follow standard protocols and is discharging toxins without regard for the health of this planet,49.180000000000064,176
BT-7274.Voicepack/bt_clips/177_It_will_not_take_long_for.wav,It will not take long for these toxic fumes and sludge to completely destroy Typhon.,it will not take long for these toxic fumes and sludge to completely destroy typhon,4.840000000000032,177
BT-7274.Voicepack/bt_clips/178_Pilot_our_paths_will_intersect_just.wav,"Pilot, our paths will intersect just up ahead.",pilot our paths will intersect just up ahead,2.7799999999999727,178
BT-7274.Voicepack/bt_clips/179_Scans_indicate_multiple_IMC_security_for.wav,Scans indicate multiple IMC security forces.,scans indicate multiple imc security forces,2.7200000000000273,179
BT-7274.Voicepack/bt_clips/180_Prepare_yourself_Pilot.wav,"Prepare yourself, Pilot.",prepare yourself pilot,1.0,180
BT-7274.Voicepack/bt_clips/181_I_was_not_shooting_at_you.wav,I was not shooting at you.,i was not shooting at you,1.259999999999991,181
BT-7274.Voicepack/bt_clips/182_That_would_be_in_violation_of.wav,That would be in violation of Protocol 3.,that would be in violation of protocol 3,2.060000000000059,182
BT-7274.Voicepack/bt_clips/183_On_the_contrary_your_helmet_provided.wav,"On the contrary, your helmet provided me with a live feed of your actions.",on the contrary your helmet provided me with a live feed of your actions,4.159999999999968,183
BT-7274.Voicepack/bt_clips/184_You_fought_well_out_there_Pilot.wav,"You fought well out there, Pilot.",you fought well out there pilot,1.1599999999999682,184
BT-7274.Voicepack/bt_clips/185_It_is_good_to_see_you.wav,"It is good to see you too, Pilot.",it is good to see you too pilot,1.5199999999999818,185
BT-7274.Voicepack/bt_clips/186_The_controls_to_deactivate_the_sludge.wav,"The controls to deactivate the sludge flow are in the next chamber, marking your HUD.",the controls to deactivate the sludge flow are in the next chamber marking your hud,3.980000000000018,186
BT-7274.Voicepack/bt_clips/187_The_sludge_falls_contain_a_high.wav,The sludge falls contain a high concentration of heavy metals.,the sludge falls contain a high concentration of heavy metals,2.7399999999998954,187
BT-7274.Voicepack/bt_clips/188_They_are_interfering_with_my_targeting.wav,They are interfering with my targeting systems.,they are interfering with my targeting systems,1.919999999999959,188
BT-7274.Voicepack/bt_clips/189_Blind_firing_into_my_Pilots_combat.wav,Blind firing into my Pilot's combat zone would be a violation of Protocol 3.,blind firing into my pilots combat zone would be a violation of protocol 3,4.199999999999932,189
BT-7274.Voicepack/bt_clips/190_For_now_yes.wav,"For now, yes.",for now yes,1.17999999999995,190
BT-7274.Voicepack/bt_clips/191_Pilot_that_was_a_difficult_battle.wav,"Pilot, that was a difficult battle.",pilot that was a difficult battle,1.8599999999999,191
BT-7274.Voicepack/bt_clips/192_You_handled_yourself_well.wav,You handled yourself well.,you handled yourself well,1.2200000000000273,192
BT-7274.Voicepack/bt_clips/193_I_have_noted_it_for_the.wav,I have noted it for the record.,i have noted it for the record,1.2999999999999545,193
BT-7274.Voicepack/bt_clips/194_I_have_identified_an_exit_on.wav,I have identified an exit on this side.,i have identified an exit on this side,2.2000000000000455,194
BT-7274.Voicepack/bt_clips/195_This_way.wav,This way.,this way,0.5199999999999818,195
BT-7274.Voicepack/bt_clips/196_Pilot_the_IMC_are_intensifying_their.wav,"Pilot, the IMC are intensifying their search efforts.",pilot the imc are intensifying their search efforts,2.9599999999999227,196
BT-7274.Voicepack/bt_clips/197_We_should_hurry.wav,We should hurry.,we should hurry,0.6599999999999682,197
BT-7274.Voicepack/bt_clips/198_Pilot_our_path_through_this_facility.wav,"Pilot, our path through this facility is blocked by a flow regulation gate.",pilot our path through this facility is blocked by a flow regulation gate,44.0,198
BT-7274.Voicepack/bt_clips/199_There_should_be_a_control_interface.wav,There should be a control interface nearby.,there should be a control interface nearby,1.759999999999991,199
BT-7274.Voicepack/bt_clips/200_Pilot_the_safety_airlock_has_sealed.wav,"Pilot, the safety airlock has sealed you in the control room.",pilot the safety airlock has sealed you in the control room,3.159999999999968,200
BT-7274.Voicepack/bt_clips/201_You_must_find_another_way_out.wav,You must find another way out.,you must find another way out,1.4400000000000546,201
BT-7274.Voicepack/bt_clips/202_We_have_no_choice_but_to.wav,We have no choice but to split up.,we have no choice but to split up,1.7000000000000455,202
BT-7274.Voicepack/bt_clips/203_Given_our_dire_circumstances_this_is.wav,"Given our dire circumstances, this is a risk worth taking.",given our dire circumstances this is a risk worth taking,3.3999999999999773,203
BT-7274.Voicepack/bt_clips/204_A_nearby_exit_will_most_likely.wav,A nearby exit will most likely lead further into the reclamation facility.,a nearby exit will most likely lead further into the reclamation facility,4.220000000000027,204
BT-7274.Voicepack/bt_clips/205_Exercise_caution_Pilot.wav,"Exercise caution, Pilot.",exercise caution pilot,1.3000000000000682,205
BT-7274.Voicepack/bt_clips/206_Pilot_our_path_is_blocked_by.wav,"Pilot, our path is blocked by a flow regulation gate.",pilot our path is blocked by a flow regulation gate,3.1000000000000227,206
BT-7274.Voicepack/bt_clips/207_There_should_be_a_control_interface.wav,There should be a control interface nearby.,there should be a control interface nearby,1.7799999999999727,207
BT-7274.Voicepack/bt_clips/208_I_recommend_you_disembark_and_proceed.wav,I recommend you disembark and proceed on foot.,i recommend you disembark and proceed on foot,2.3799999999999955,208
BT-7274.Voicepack/bt_clips/209_Accessing_files.wav,Accessing files.,accessing files,0.9599999999999227,209
BT-7274.Voicepack/bt_clips/210_Cane_a_mercenary_commonly_affiliated_wit.wav,"Cane, a mercenary, commonly affiliated with the Apex Predators.",cane a mercenary commonly affiliated with the apex predators,5.480000000000018,210
BT-7274.Voicepack/bt_clips/211_A_well-known_narcotics_user_and_supplier.wav,A well-known narcotics user and supplier.,a wellknown narcotics user and supplier,2.340000000000032,211
BT-7274.Voicepack/bt_clips/212_Agreed.wav,Agreed.,agreed,0.4399999999999409,212
BT-7274.Voicepack/bt_clips/213_Scans_indicate_the_source_is_somewhere.wav,Scans indicate the source is somewhere in this facility.,scans indicate the source is somewhere in this facility,2.6399999999999864,213
BT-7274.Voicepack/bt_clips/214_We_should_not_waste_time_here.wav,We should not waste time here.,we should not waste time here,1.32000000000005,214
BT-7274.Voicepack/bt_clips/215_Pilot_I_am_tracking_your_location.wav,"Pilot, I am tracking your location.",pilot i am tracking your location,1.759999999999991,215
BT-7274.Voicepack/bt_clips/216_Recommend_you_seek_an_exit.wav,Recommend you seek an exit.,recommend you seek an exit,1.240000000000009,216
BT-7274.Voicepack/bt_clips/217_Copy_that_Pilot.wav,"Copy that, Pilot.",copy that pilot,0.7999999999999545,217
BT-7274.Voicepack/bt_clips/218_I_have_no_wish_to_incite.wav,I have no wish to incite fear.,i have no wish to incite fear,2.240000000000009,218
BT-7274.Voicepack/bt_clips/219_That_is_reserved_for_our_enemies.wav,That is reserved for our enemies.,that is reserved for our enemies,1.9799999999999045,219
BT-7274.Voicepack/bt_clips/220_Pilot_I_do_not_know_what.wav,"Pilot, I do not know what you did, but a series of explosions just weakened the manipulator arm.",pilot i do not know what you did but a series of explosions just weakened the manipulator arm,45.08000000000004,220
BT-7274.Voicepack/bt_clips/221_I_have_broken_free.wav,I have broken free.,i have broken free,0.9399999999999409,221
BT-7274.Voicepack/bt_clips/222_This_place_is_falling_apart.wav,This place is falling apart.,this place is falling apart,1.2999999999999545,222
BT-7274.Voicepack/bt_clips/223_I_suggest_we_leave.wav,I suggest we leave.,i suggest we leave,1.1000000000000227,223
BT-7274.Voicepack/bt_clips/224_You_are_not_far_from_my.wav,You are not far from my location.,you are not far from my location,1.5,224
BT-7274.Voicepack/bt_clips/225_Marking_your_HUD.wav,Marking your HUD.,marking your hud,0.8000000000000682,225
BT-7274.Voicepack/bt_clips/226_Pilot.wav,Pilot.,pilot,0.31999999999993634,226
BT-7274.Voicepack/bt_clips/227_Cooper.wav,Cooper.,cooper,0.2800000000000864,227
BT-7274.Voicepack/bt_clips/228_If_you_read_me_I_am.wav,"If you read me, I am being taken to this facility's substation.",if you read me i am being taken to this facilitys substation,3.1200000000000045,228
BT-7274.Voicepack/bt_clips/229_You_must_follow_the_pipes_to.wav,You must follow the pipes to the lower levels.,you must follow the pipes to the lower levels,8.659999999999968,229
BT-7274.Voicepack/bt_clips/230_Warning.wav,Warning.,warning,0.2599999999999909,230
BT-7274.Voicepack/bt_clips/231_Losing_contact.wav,Losing contact.,losing contact,0.8799999999998818,231
BT-7274.Voicepack/bt_clips/232_Perhaps_Lastimosa_was_right.wav,Perhaps Lastimosa was right.,perhaps lastimosa was right,1.740000000000009,232
BT-7274.Voicepack/bt_clips/233_No_plan_survives_first_contact.wav,No plan survives first contact.,no plan survives first contact,2.0,233
BT-7274.Voicepack/bt_clips/234_Pilot_I_am_being_taken_down.wav,"Pilot, I am being taken down an assembly line.",pilot i am being taken down an assembly line,2.660000000000082,234
BT-7274.Voicepack/bt_clips/235_There_may_be_a_common_exit.wav,There may be a common exit.,there may be a common exit,1.2000000000000455,235
BT-7274.Voicepack/bt_clips/236_Pilot_I_recommend_you_follow_the.wav,"Pilot, I recommend you follow the flow of the platforms.",pilot i recommend you follow the flow of the platforms,2.8200000000001637,236
BT-7274.Voicepack/bt_clips/237_Pilot.wav,Pilot.,pilot,0.4800000000000182,237
BT-7274.Voicepack/bt_clips/238_Pilot_are_you_alright.wav,"Pilot, are you alright?",pilot are you alright,1.3199999999999363,238
BT-7274.Voicepack/bt_clips/239_I_am_undamaged.wav,I am undamaged.,i am undamaged,1.0800000000001546,239
BT-7274.Voicepack/bt_clips/240_However_I_do_not_believe_this.wav,"However, I do not believe this is a food processing plant.",however i do not believe this is a food processing plant,42.83999999999992,240
BT-7274.Voicepack/bt_clips/241_Or_upside_down_considering_the_circumsta.wav,"Or upside down, considering the circumstances.",or upside down considering the circumstances,2.9200000000000728,241
BT-7274.Voicepack/bt_clips/242_I_can_see_IMC_infantry_scattered.wav,I can see IMC infantry scattered throughout this facility.,i can see imc infantry scattered throughout this facility,6.440000000000055,242
BT-7274.Voicepack/bt_clips/243_Be_careful_Pilot.wav,"Be careful, Pilot.",be careful pilot,0.8399999999999181,243
BT-7274.Voicepack/bt_clips/244_Pilot.wav,Pilot.,pilot,0.5199999999999818,244
BT-7274.Voicepack/bt_clips/245_This_facility_is_extremely_dangerous.wav,This facility is extremely dangerous.,this facility is extremely dangerous,1.8999999999998636,245
BT-7274.Voicepack/bt_clips/246_Watch_for_crushing_hazards_on_the.wav,Watch for crushing hazards on the assembly line.,watch for crushing hazards on the assembly line,2.1400000000001,246
BT-7274.Voicepack/bt_clips/247_Pilot.wav,Pilot.,pilot,0.5199999999999818,247
BT-7274.Voicepack/bt_clips/248_I_am_being_taken_through_an.wav,I am being taken through an area stocked with prefabricated structures.,i am being taken through an area stocked with prefabricated structures,3.0800000000001546,248
BT-7274.Voicepack/bt_clips/249_We_are_not_far_apart.wav,We are not far apart.,we are not far apart,1.0600000000001728,249
BT-7274.Voicepack/bt_clips/250_Keep_moving.wav,Keep moving.,keep moving,0.5199999999999818,250
BT-7274.Voicepack/bt_clips/251_Knowing.wav,Knowing.,knowing,1.0600000000001728,251
BT-7274.Voicepack/bt_clips/252_Unknown.wav,Unknown.,unknown,0.5199999999999818,252
BT-7274.Voicepack/bt_clips/253_But_I_doubt_the_IMC_are.wav,But I doubt the IMC are mass-producing homes.,but i doubt the imc are massproducing homes,2.5599999999999454,253
BT-7274.Voicepack/bt_clips/254_They_usually_destroy_them.wav,They usually destroy them.,they usually destroy them,1.3599999999999,254
BT-7274.Voicepack/bt_clips/255_Your_confidence_that_we_will_reconnect.wav,Your confidence that we will reconnect is encouraging.,your confidence that we will reconnect is encouraging,2.6599999999998545,255
BT-7274.Voicepack/bt_clips/256_This_ability_to_stay_positive_is.wav,This ability to stay positive is the mark of a good pilot.,this ability to stay positive is the mark of a good pilot,42.92000000000007,256
BT-7274.Voicepack/bt_clips/257_Pilot.wav,Pilot.,pilot,0.1999999999998181,257
BT-7274.Voicepack/bt_clips/258_Pilot.wav,Pilot.,pilot,0.5,258
BT-7274.Voicepack/bt_clips/259_I_need_assistance.wav,I need assistance.,i need assistance,0.5,259
BT-7274.Voicepack/bt_clips/260_Good_work_Pilot.wav,"Good work, Pilot.",good work pilot,0.540000000000191,260
BT-7274.Voicepack/bt_clips/261_Your_skills_are_greatly_improving.wav,Your skills are greatly improving.,your skills are greatly improving,14.919999999999845,261
BT-7274.Voicepack/bt_clips/262_Pilot.wav,Pilot.,pilot,0.5,262
BT-7274.Voicepack/bt_clips/263_Pilot.wav,Pilot.,pilot,0.5,263
BT-7274.Voicepack/bt_clips/264_This_loading_docks_cargo_lift_offers.wav,This loading dock's cargo lift offers a shortcut through the facility.,this loading docks cargo lift offers a shortcut through the facility,3.380000000000109,264
BT-7274.Voicepack/bt_clips/265_Check_your_HUD_for_the_control.wav,Check your HUD for the control panel.,check your hud for the control panel,1.6199999999998909,265
BT-7274.Voicepack/bt_clips/266_Thank_you_Pilot.wav,"Thank you, Pilot.",thank you pilot,0.6600000000000819,266
BT-7274.Voicepack/bt_clips/267_Trust_me.wav,Trust me.,trust me,0.5800000000001546,267
BT-7274.Voicepack/bt_clips/268_We_cannot_proceed_through_this_facility.wav,We cannot proceed through this facility without the cargo lift.,we cannot proceed through this facility without the cargo lift,2.900000000000091,268
BT-7274.Voicepack/bt_clips/269_I_am_marking_your_HUD_with.wav,I am marking your HUD with the location of the controls.,i am marking your hud with the location of the controls,2.4400000000000546,269
BT-7274.Voicepack/bt_clips/270_Pilot.wav,Pilot.,pilot,0.2799999999999727,270
BT-7274.Voicepack/bt_clips/271_I_require_assistance.wav,I require assistance.,i require assistance,1.1199999999998909,271
BT-7274.Voicepack/bt_clips/272_Pilot.wav,Pilot.,pilot,0.2800000000002001,272
BT-7274.Voicepack/bt_clips/273_Pilot.wav,Pilot.,pilot,0.5,273
BT-7274.Voicepack/bt_clips/274_I_cannot_free_myself.wav,I cannot free myself.,i cannot free myself,1.4199999999998454,274
BT-7274.Voicepack/bt_clips/275_Cooper.wav,Cooper.,cooper,0.5199999999999818,275
BT-7274.Voicepack/bt_clips/276_He_is_a_war_criminal_wanted.wav,"He is a war criminal, wanted by the militia, commonly employed by the IMC.",he is a war criminal wanted by the militia commonly employed by the imc,4.940000000000055,276
BT-7274.Voicepack/bt_clips/277_Blisk_was_responsible_for_the_death.wav,"Blisk was responsible for the death of my previous pilot, Captain Lastimosa.",blisk was responsible for the death of my previous pilot captain lastimosa,4.319999999999936,277
BT-7274.Voicepack/bt_clips/278_Doubtful.wav,Doubtful.,doubtful,0.4800000000000182,278
BT-7274.Voicepack/bt_clips/279_His_faction_the_Apex_Predators_is.wav,"His faction, the Apex Predators, is one of the most ruthless mercenary units in the frontier.",his faction the apex predators is one of the most ruthless mercenary units in the frontier,5.019999999999982,279
BT-7274.Voicepack/bt_clips/280_They_are_war_criminals.wav,They are war criminals.,they are war criminals,0.9199999999998454,280
BT-7274.Voicepack/bt_clips/281_Pilot.wav,Pilot.,pilot,0.2799999999999727,281
BT-7274.Voicepack/bt_clips/282_I_detect_an_exit_beyond_this.wav,I detect an exit beyond this dome.,i detect an exit beyond this dome,1.9199999999998454,282
BT-7274.Voicepack/bt_clips/283_Check_your_HUD.wav,Check your HUD.,check your hud,40.69999999999982,283
BT-7274.Voicepack/bt_clips/284_This_is_a_highly_dangerous_environment.wav,This is a highly dangerous environment.,this is a highly dangerous environment,1.7200000000000273,284
BT-7274.Voicepack/bt_clips/285_I_suggest_you_embark_Pilot.wav,"I suggest you embark, Pilot.",i suggest you embark pilot,1.3999999999998636,285
BT-7274.Voicepack/bt_clips/286_Pilot.wav,Pilot.,pilot,0.2999999999999545,286
BT-7274.Voicepack/bt_clips/287_The_security_lockdown_has_been_disengage.wav,The security lockdown has been disengaged.,the security lockdown has been disengaged,2.1599999999998545,287
BT-7274.Voicepack/bt_clips/288_I_recommend_we_leave_through_the.wav,I recommend we leave through the tunnel.,i recommend we leave through the tunnel,1.5600000000001728,288
BT-7274.Voicepack/bt_clips/289_Pilot.wav,Pilot.,pilot,0.2799999999999727,289
BT-7274.Voicepack/bt_clips/290_I_have_concluded_we_should_take.wav,I have concluded we should take no further shortcuts.,i have concluded we should take no further shortcuts,2.660000000000082,290
BT-7274.Voicepack/bt_clips/291_Next_time_I_suggest_we_take.wav,"Next time, I suggest we take the long way.",next time i suggest we take the long way,2.4600000000000364,291
BT-7274.Voicepack/bt_clips/292_Pilot.wav,Pilot.,pilot,0.2400000000000091,292
BT-7274.Voicepack/bt_clips/293_Your_heart_rate_is_accelerating.wav,Your heart rate is accelerating.,your heart rate is accelerating,1.3400000000001455,293
BT-7274.Voicepack/bt_clips/294_Are_you_in_distress.wav,Are you in distress?,are you in distress,0.8000000000001819,294
BT-7274.Voicepack/bt_clips/295_If_in_combat_utilize_your_cloak.wav,"If in combat, utilize your cloak.",if in combat utilize your cloak,1.9600000000000364,295
BT-7274.Voicepack/bt_clips/296_It_will_temporarily_make_you_invisible.wav,It will temporarily make you invisible.,it will temporarily make you invisible,1.6800000000000637,296
BT-7274.Voicepack/bt_clips/297_Your_heart_rate_is_exceeding_170.wav,Your heart rate is exceeding 170 beats per minute.,your heart rate is exceeding 170 beats per minute,3.099999999999909,297
BT-7274.Voicepack/bt_clips/298_If_possible_you_should_find_a.wav,"If possible, you should find a place to rest.",if possible you should find a place to rest,2.3600000000001273,298
BT-7274.Voicepack/bt_clips/299_Pilot_to_Titan_video_feed_re-established.wav,Pilot to Titan video feed re-established.,pilot to titan video feed reestablished,2.1399999999998727,299
BT-7274.Voicepack/bt_clips/300_Cooper.wav,Cooper.,cooper,0.2599999999999909,300
BT-7274.Voicepack/bt_clips/301_The_houses_contain_weapon_caches.wav,The houses contain weapon caches.,the houses contain weapon caches,1.6000000000001364,301
BT-7274.Voicepack/bt_clips/302_I_saw_them_being_loaded_on.wav,I saw them being loaded on the assembly line.,i saw them being loaded on the assembly line,2.0,302
BT-7274.Voicepack/bt_clips/303_Cooper.wav,Cooper.,cooper,0.2799999999999727,303
BT-7274.Voicepack/bt_clips/304_The_houses_contain_weapon_caches.wav,The houses contain weapon caches.,the houses contain weapon caches,1.6399999999998727,304
BT-7274.Voicepack/bt_clips/305_I_saw_them_being_loaded_on.wav,I saw them being loaded on the assembly line.,i saw them being loaded on the assembly line,2.060000000000173,305
BT-7274.Voicepack/bt_clips/306_Cooper.wav,Cooper.,cooper,0.22000000000002728,306
BT-7274.Voicepack/bt_clips/307_If_you_see_any_prefabricated_houses.wav,"If you see any prefabricated houses, check them for weapon caches.",if you see any prefabricated houses check them for weapon caches,3.4600000000000364,307
BT-7274.Voicepack/bt_clips/308_I_saw_them_being_installed_on.wav,I saw them being installed on the assembly line.,i saw them being installed on the assembly line,2.240000000000009,308
BT-7274.Voicepack/bt_clips/309_Cooper.wav,Cooper.,cooper,0.2400000000000091,309
BT-7274.Voicepack/bt_clips/310_I_have_detected_an_opening_in.wav,I have detected an opening in the outer wall.,i have detected an opening in the outer wall,2.1400000000001,310
BT-7274.Voicepack/bt_clips/311_You_should_get_out_of_there.wav,You should get out of there while you can.,you should get out of there while you can,1.8799999999998818,311
BT-7274.Voicepack/bt_clips/312_Marking_your_HUD.wav,Marking your HUD.,marking your hud,0.7999999999999545,312
BT-7274.Voicepack/bt_clips/313_Pilot_Cooper.wav,Pilot Cooper.,pilot cooper,0.6199999999998909,313
BT-7274.Voicepack/bt_clips/314_Are_you_alright.wav,Are you alright?,are you alright,0.5600000000001728,314
BT-7274.Voicepack/bt_clips/315_You_will_have_to_explain_that.wav,You will have to explain that expression later.,you will have to explain that expression later,2.2200000000000273,315
BT-7274.Voicepack/bt_clips/316_Get_out_of_there_while_you.wav,Get out of there while you can.,get out of there while you can,1.2000000000000455,316
BT-7274.Voicepack/bt_clips/317_I_have_detected_an_opening_in.wav,I have detected an opening in the outer wall.,i have detected an opening in the outer wall,1.9800000000000182,317
BT-7274.Voicepack/bt_clips/318_Marking_your_HUD.wav,Marking your HUD.,marking your hud,0.7799999999999727,318
BT-7274.Voicepack/bt_clips/319_Still_operational_but_unable_to_escape.wav,"Still operational, but unable to escape.",still operational but unable to escape,2.240000000000009,319
BT-7274.Voicepack/bt_clips/320_I_have_detected_an_opening_in.wav,I have detected an opening in the outer wall.,i have detected an opening in the outer wall,2.019999999999982,320
BT-7274.Voicepack/bt_clips/321_You_should_get_out_of_there.wav,You should get out of there while you can.,you should get out of there while you can,1.5599999999999454,321
BT-7274.Voicepack/bt_clips/322_Marking_your_HUD.wav,Marking your HUD.,marking your hud,0.8200000000001637,322
BT-7274.Voicepack/bt_clips/323_Major_Anderson_went_this_way.wav,Major Anderson went this way.,major anderson went this way,1.5199999999999818,323
BT-7274.Voicepack/bt_clips/324_It_could_be_a_shortcut_to.wav,It could be a shortcut to the rendezvous point.,it could be a shortcut to the rendezvous point,2.119999999999891,324
BT-7274.Voicepack/bt_clips/325_I_recommend_we_proceed.wav,I recommend we proceed.,i recommend we proceed,1.1799999999998363,325
BT-7274.Voicepack/bt_clips/326_Watch_your_step.wav,Watch your step.,watch your step,0.7400000000000091,326
BT-7274.Voicepack/bt_clips/327_Watch_our_step.wav,Watch our step.,watch our step,1.1200000000001182,327
BT-7274.Voicepack/bt_clips/328_Careful_pilot.wav,"Careful, pilot.",careful pilot,0.6400000000001,328
BT-7274.Voicepack/bt_clips/329_Understood.wav,Understood.,understood,0.40000000000009095,329
BT-7274.Voicepack/bt_clips/330_Adding_to_memory.wav,Adding to memory.,adding to memory,0.7799999999999727,330
BT-7274.Voicepack/bt_clips/331_Recreational_activities_are_non-essentia.wav,Recreational activities are non-essential to the mission.,recreational activities are nonessential to the mission,2.619999999999891,331
BT-7274.Voicepack/bt_clips/332_Impressive.wav,Impressive.,impressive,0.4199999999998454,332
BT-7274.Voicepack/bt_clips/333_Your_mobility_skills_are_showing_marked.wav,Your mobility skills are showing marked improvement.,your mobility skills are showing marked improvement,2.3600000000001273,333
BT-7274.Voicepack/bt_clips/334_Pilot.wav,Pilot.,pilot,0.2799999999999727,334
BT-7274.Voicepack/bt_clips/335_I_detect_an_exit_in_the.wav,I detect an exit in the dome above.,i detect an exit in the dome above,1.8599999999999,335
BT-7274.Voicepack/bt_clips/336_It_is_your_only_option.wav,It is your only option.,it is your only option,1.1200000000001182,336
BT-7274.Voicepack/bt_clips/337_Recommend_you_get_to_the_top.wav,Recommend you get to the top.,recommend you get to the top,1.3200000000001637,337
BT-7274.Voicepack/bt_clips/338_Pilot.wav,Pilot.,pilot,0.2999999999999545,338
BT-7274.Voicepack/bt_clips/339_Scans_indicate_the_dome_above_is.wav,Scans indicate the dome above is your best course of action to find an exit.,scans indicate the dome above is your best course of action to find an exit,3.7200000000000273,339
BT-7274.Voicepack/bt_clips/340_I_recommend_getting_there_by_any.wav,I recommend getting there by any means necessary.,i recommend getting there by any means necessary,2.3599999999999,340
BT-7274.Voicepack/bt_clips/341_Objective_complete.wav,Objective complete.,objective complete,0.8199999999999363,341
BT-7274.Voicepack/bt_clips/342_We_have_rendezvoused_with_Major_Anderson.wav,We have rendezvoused with Major Anderson.,we have rendezvoused with major anderson,1.7000000000000455,342
BT-7274.Voicepack/bt_clips/343_Correct.wav,Correct.,correct,0.9800000000000182,343
BT-7274.Voicepack/bt_clips/344_Andersons_current_temperature_is_17_degr.wav,"Anderson's current temperature is 17 degrees Celsius, below the threshold of human survival.",andersons current temperature is 17 degrees celsius below the threshold of human survival,4.820000000000164,344
BT-7274.Voicepack/bt_clips/345_Well_done.wav,Well done.,well done,0.5199999999999818,345
BT-7274.Voicepack/bt_clips/346_If_you_bring_it_to_me.wav,"If you bring it to me, I can analyze his helmet for important data.",if you bring it to me i can analyze his helmet for important data,3.1000000000001364,346
BT-7274.Voicepack/bt_clips/347_Pilot.wav,Pilot.,pilot,0.3000000000001819,347
BT-7274.Voicepack/bt_clips/348_Bring_me_his_helmet.wav,Bring me his helmet.,bring me his helmet,0.8799999999998818,348
BT-7274.Voicepack/bt_clips/349_I_will_analyze_it.wav,I will analyze it.,i will analyze it,1.259999999999991,349
BT-7274.Voicepack/bt_clips/350_Pilot.wav,Pilot.,pilot,0.2999999999999545,350
BT-7274.Voicepack/bt_clips/351_There_may_be_important_data_within.wav,There may be important data within Major Anderson's helmet.,there may be important data within major andersons helmet,2.599999999999909,351
BT-7274.Voicepack/bt_clips/352_You_should_retrieve_it_for_analysis.wav,You should retrieve it for analysis.,you should retrieve it for analysis,1.3999999999998636,352
BT-7274.Voicepack/bt_clips/353_I_will_analyze_Major_Andersons_helmet.wav,I will analyze Major Anderson's helmet for mission critical data.,i will analyze major andersons helmet for mission critical data,3.019999999999982,353
BT-7274.Voicepack/bt_clips/354_I_recommend_you_retrieve_it.wav,I recommend you retrieve it.,i recommend you retrieve it,1.3599999999999,354
BT-7274.Voicepack/bt_clips/355_Pilot.wav,Pilot.,pilot,0.2799999999999727,355
BT-7274.Voicepack/bt_clips/356_If_you_hand_me_Andersons_helmet.wav,"If you hand me Anderson's helmet, I will analyze it.",if you hand me andersons helmet i will analyze it,2.6400000000001,356
BT-7274.Voicepack/bt_clips/357_With_the_death_of_Anderson_command.wav,"With the death of Anderson, command of Special Operation 217 now transfers to you.",with the death of anderson command of special operation 217 now transfers to you,6.059999999999945,357
BT-7274.Voicepack/bt_clips/358_Pilot.wav,Pilot.,pilot,0.2800000000002001,358
BT-7274.Voicepack/bt_clips/359_I_can_decode_Major_Andersons_logs.wav,I can decode Major Anderson's logs.,i can decode major andersons logs,1.9600000000000364,359
BT-7274.Voicepack/bt_clips/360_They_might_be_of_some_use.wav,They might be of some use.,they might be of some use,1.1199999999998909,360
BT-7274.Voicepack/bt_clips/361_Decrypting.wav,Decrypting.,decrypting,0.5199999999999818,361
BT-7274.Voicepack/bt_clips/362_Pilot.wav,Pilot.,pilot,0.2999999999999545,362
BT-7274.Voicepack/bt_clips/363_Pilot.wav,Pilot.,pilot,0.4800000000000182,363
BT-7274.Voicepack/bt_clips/364_I_will_attempt_to_decrypt_Major.wav,I will attempt to decrypt Major Anderson's logs.,i will attempt to decrypt major andersons logs,2.259999999999991,364
BT-7274.Voicepack/bt_clips/365_They_might_be_of_some_use.wav,They might be of some use.,they might be of some use,1.1399999999998727,365
BT-7274.Voicepack/bt_clips/366_My_intention_was_not_humor.wav,My intention was not humor.,my intention was not humor,1.3599999999999,366
BT-7274.Voicepack/bt_clips/367_There_are_distortions_throughout_this_fa.wav,"There are distortions throughout this facility, and they appear to be causing a rift in time.",there are distortions throughout this facility and they appear to be causing a rift in time,4.420000000000073,367
BT-7274.Voicepack/bt_clips/368_I_advise_caution_until_we_have.wav,I advise caution until we have further information.,i advise caution until we have further information,2.480000000000018,368
BT-7274.Voicepack/bt_clips/369_I_wish_you_luck.wav,I wish you luck.,i wish you luck,0.7999999999999545,369
BT-7274.Voicepack/bt_clips/370_Unknown.wav,Unknown.,unknown,0.38000000000010914,370
BT-7274.Voicepack/bt_clips/371_Militia_SRS_has_documented_several_cases.wav,Militia SRS has documented several cases on other planets.,militia srs has documented several cases on other planets,3.519999999999982,371
BT-7274.Voicepack/bt_clips/372_A_common_feature_of_such_rifts.wav,A common feature of such rifts is a massive energy surge.,a common feature of such rifts is a massive energy surge,3.019999999999982,372
BT-7274.Voicepack/bt_clips/373_Be_careful_Pilot.wav,"Be careful, Pilot.",be careful pilot,0.8999999999998636,373
BT-7274.Voicepack/bt_clips/374_The_time_disturbances_in_the_area.wav,The time disturbances in the area are a plausible cause of your ailment.,the time disturbances in the area are a plausible cause of your ailment,3.8400000000001455,374
BT-7274.Voicepack/bt_clips/375_Medical_routine_J-12_suggests_slow_and.wav,Medical routine J-12 suggests slow and deep breaths.,medical routine j12 suggests slow and deep breaths,43.13999999999987,375
BT-7274.Voicepack/bt_clips/376_Strange.wav,Strange.,strange,0.44000000000005457,376
BT-7274.Voicepack/bt_clips/377_I_am_picking_up_traces_of.wav,I am picking up traces of my own data signature within this area.,i am picking up traces of my own data signature within this area,3.3600000000001273,377
BT-7274.Voicepack/bt_clips/378_The_distortions_must_be_affecting_my.wav,The distortions must be affecting my scans.,the distortions must be affecting my scans,2.339999999999918,378
BT-7274.Voicepack/bt_clips/379_There_is_a_data_terminal_nearby.wav,There is a data terminal nearby.,there is a data terminal nearby,1.3599999999999,379
BT-7274.Voicepack/bt_clips/380_Recommend_you_download_any_intel_that.wav,Recommend you download any intel that can be passed on to SRS.,recommend you download any intel that can be passed on to srs,3.6000000000001364,380
BT-7274.Voicepack/bt_clips/381_Uphold_the_mission.wav,Uphold the mission.,uphold the mission,0.8199999999999363,381
BT-7274.Voicepack/bt_clips/382_Pilot.wav,Pilot.,pilot,0.2599999999999909,382
BT-7274.Voicepack/bt_clips/383_There_is_a_data_terminal_nearby.wav,There is a data terminal nearby.,there is a data terminal nearby,1.3799999999998818,383
BT-7274.Voicepack/bt_clips/384_Recommend_you_run_a_bypass_on.wav,Recommend you run a bypass on it to gather intel.,recommend you run a bypass on it to gather intel,2.3999999999998636,384
BT-7274.Voicepack/bt_clips/385_Pilot.wav,Pilot.,pilot,0.5199999999999818,385
BT-7274.Voicepack/bt_clips/386_A_fragment_of_Andersons_damaged_log.wav,A fragment of Anderson's damaged log may be relevant here.,a fragment of andersons damaged log may be relevant here,3.4600000000000364,386
BT-7274.Voicepack/bt_clips/387_Activating_log_playback.wav,Activating log playback.,activating log playback,1.1599999999998545,387
BT-7274.Voicepack/bt_clips/388_Pilot.wav,Pilot.,pilot,0.35999999999989996,388
BT-7274.Voicepack/bt_clips/389_I_detect_another_data_terminal_nearby.wav,I detect another data terminal nearby.,i detect another data terminal nearby,1.800000000000182,389
BT-7274.Voicepack/bt_clips/390_Pilot.wav,Pilot.,pilot,0.2999999999999545,390
BT-7274.Voicepack/bt_clips/391_It_appears_Anderson_made_it_at.wav,It appears Anderson made it at least this far.,it appears anderson made it at least this far,2.4200000000000728,391
BT-7274.Voicepack/bt_clips/392_His_log_might_contain_useful_intel.wav,His log might contain useful intel.,his log might contain useful intel,2.0,392
BT-7274.Voicepack/bt_clips/393_Activating_playback.wav,Activating playback.,activating playback,0.8199999999999363,393
BT-7274.Voicepack/bt_clips/394_Residual_energy_within_this_facility_mat.wav,Residual energy within this facility matches that of the arc.,residual energy within this facility matches that of the arc,3.1800000000000637,394
BT-7274.Voicepack/bt_clips/395_It_is_plausible_that_it_destabilized.wav,"It is plausible that it destabilized, causing the energy blast detected by SRS.",it is plausible that it destabilized causing the energy blast detected by srs,4.220000000000027,395
BT-7274.Voicepack/bt_clips/396_I_recommend_you_check_the_main.wav,I recommend you check the main lobby of reception.,i recommend you check the main lobby of reception,2.3199999999999363,396
BT-7274.Voicepack/bt_clips/397_I_would_accompany_you_but_unfortunately.wav,"I would accompany you, but unfortunately my chassis will not fit through the door.",i would accompany you but unfortunately my chassis will not fit through the door,4.440000000000055,397
BT-7274.Voicepack/bt_clips/398_I_detect_sarcasm.wav,I detect sarcasm.,i detect sarcasm,1.0,398
BT-7274.Voicepack/bt_clips/399_I_detect_sarcasm.wav,I detect sarcasm.,i detect sarcasm,0.5599999999999454,399
BT-7274.Voicepack/bt_clips/400_On_the_contrary.wav,On the contrary.,on the contrary,1.0199999999999818,400
BT-7274.Voicepack/bt_clips/401_You_are_proving_yourself_to_be.wav,You are proving yourself to be much more than a class 3 rifleman.,you are proving yourself to be much more than a class 3 rifleman,43.299999999999955,401
BT-7274.Voicepack/bt_clips/402_I_suspect_Major_Anderson_will_be.wav,I suspect Major Anderson will be impressed.,i suspect major anderson will be impressed,2.240000000000009,402
BT-7274.Voicepack/bt_clips/403_Uphold_the_mission.wav,Uphold the mission.,uphold the mission,0.7600000000002183,403
BT-7274.Voicepack/bt_clips/404_I_am_detecting_a_faint_biosignature.wav,I am detecting a faint biosignature on the upper level of the reception lobby.,i am detecting a faint biosignature on the upper level of the reception lobby,3.6400000000001,404
BT-7274.Voicepack/bt_clips/405_Recommend_you_investigate.wav,Recommend you investigate.,recommend you investigate,1.0599999999999454,405
BT-7274.Voicepack/bt_clips/406_Major_Andersons_exact_location_is_unknow.wav,Major Anderson's exact location is unknown.,major andersons exact location is unknown,2.2200000000000273,406
BT-7274.Voicepack/bt_clips/407_It_is_possible_he_proceeded_through.wav,It is possible he proceeded through the entrance of the reception lobby.,it is possible he proceeded through the entrance of the reception lobby,3.240000000000009,407
BT-7274.Voicepack/bt_clips/408_The_following_is_Andersons_mission_brief.wav,The following is Anderson's mission briefing from Commander Sarah Briggs of the Militia SRS.,the following is andersons mission briefing from commander sarah briggs of the militia srs,4.240000000000009,408
BT-7274.Voicepack/bt_clips/409_Congratulations_on_your_field_promotion_.wav,"Congratulations on your field promotion, Pilot Cooper.",congratulations on your field promotion pilot cooper,2.4400000000000546,409
BT-7274.Voicepack/bt_clips/410_Pilot.wav,Pilot.,pilot,0.2999999999999545,410
BT-7274.Voicepack/bt_clips/411_The_data_Major_Anderson_collected_appear.wav,The data Major Anderson collected appears to be incomplete.,the data major anderson collected appears to be incomplete,2.7000000000000455,411
BT-7274.Voicepack/bt_clips/412_We_are_duty_bound_to_uphold.wav,We are duty bound to uphold and fulfill Special Operation 217.,we are duty bound to uphold and fulfill special operation 217,3.8200000000001637,412
BT-7274.Voicepack/bt_clips/413_Recommend_we_locate_Andersons_wrist-moun.wav,Recommend we locate Anderson's wrist-mounted device before proceeding.,recommend we locate andersons wristmounted device before proceeding,3.2000000000000455,413
BT-7274.Voicepack/bt_clips/414_It_must_be_on_the_other.wav,It must be on the other half of his corpse.,it must be on the other half of his corpse,1.8999999999998636,414
BT-7274.Voicepack/bt_clips/415_I_detect_a_breach_in_the.wav,I detect a breach in the Security Services Building.,i detect a breach in the security services building,2.7200000000000273,415
BT-7274.Voicepack/bt_clips/416_I_will_provide_access.wav,I will provide access.,i will provide access,1.2000000000000455,416
BT-7274.Voicepack/bt_clips/417_The_breach_in_the_Security_Services.wav,The breach in the Security Services Building is now accessible.,the breach in the security services building is now accessible,2.759999999999991,417
BT-7274.Voicepack/bt_clips/418_Recommend_you_start_your_search_for.wav,Recommend you start your search for the device there.,recommend you start your search for the device there,2.2000000000000455,418
BT-7274.Voicepack/bt_clips/419_I_will_continue_scanning_the_ringed.wav,I will continue scanning the ringed structure here.,i will continue scanning the ringed structure here,2.3600000000001273,419
BT-7274.Voicepack/bt_clips/420_I_will_remain_here_and_scan.wav,I will remain here and scan the ringed structure while you investigate the facility for Intel and the missing device.,i will remain here and scan the ringed structure while you investigate the facility for intel and the missing device,5.879999999999882,420
BT-7274.Voicepack/bt_clips/421_Advisory.wav,Advisory.,advisory,0.4199999999998454,421
BT-7274.Voicepack/bt_clips/422_Use_the_zipline_to_access_the.wav,Use the zipline to access the upper section of the Security Services Building.,use the zipline to access the upper section of the security services building,3.6399999999998727,422
BT-7274.Voicepack/bt_clips/423_I_will_remain_here_until_you.wav,I will remain here until you return.,i will remain here until you return,1.740000000000009,423
BT-7274.Voicepack/bt_clips/424_I_suspect_the_ringed_structure_is.wav,I suspect the ringed structure is somehow related to the devastation here.,i suspect the ringed structure is somehow related to the devastation here,4.279999999999973,424
BT-7274.Voicepack/bt_clips/425_Further_analysis_is_required.wav,Further analysis is required.,further analysis is required,1.4800000000000182,425
BT-7274.Voicepack/bt_clips/426_Recommend_you_locate_Andersons_wrist-mou.wav,Recommend you locate Anderson's wrist-mounted device in the meantime.,recommend you locate andersons wristmounted device in the meantime,3.0399999999999636,426
BT-7274.Voicepack/bt_clips/427_Well_done_Pilot.wav,"Well done, Pilot.",well done pilot,0.7000000000000455,427
BT-7274.Voicepack/bt_clips/428_Scan_complete.wav,Scan complete.,scan complete,0.7599999999999909,428
BT-7274.Voicepack/bt_clips/429_This_version_of_the_fold_weapon.wav,This version of the fold weapon was only a small-scale test.,this version of the fold weapon was only a smallscale test,3.0399999999999636,429
BT-7274.Voicepack/bt_clips/430_Finding_Andersons_wrist-mounted_device_s.wav,Finding Anderson's wrist-mounted device should be our top priority.,finding andersons wristmounted device should be our top priority,3.019999999999982,430
BT-7274.Voicepack/bt_clips/431_I_suggest_you_navigate_to_the.wav,I suggest you navigate to the breach in Security Services to continue the search.,i suggest you navigate to the breach in security services to continue the search,3.8200000000001637,431
BT-7274.Voicepack/bt_clips/432_As_Anderson_discovered_the_IMC_intend.wav,"As Anderson discovered, the IMC intend to destroy the Militia Planet of Harmony using the full-scale version of this weapon.",as anderson discovered the imc intend to destroy the militia planet of harmony using the fullscale version of this weapon,7.339999999999918,432
BT-7274.Voicepack/bt_clips/433_Pilot_Cooper.wav,Pilot Cooper.,pilot cooper,0.5799999999999272,433
BT-7274.Voicepack/bt_clips/434_Our_journey_is_far_from_over.wav,Our journey is far from over.,our journey is far from over,1.7799999999999727,434
BT-7274.Voicepack/bt_clips/435_We_must_get_this_data_to.wav,We must get this data to the fleet.,we must get this data to the fleet,1.7200000000000273,435
BT-7274.Voicepack/bt_clips/436_I_am_still_working_on_it.wav,"I am still working on it, Pilot.",i am still working on it pilot,1.3600000000001273,436
BT-7274.Voicepack/bt_clips/437_Noted.wav,Noted.,noted,0.40000000000009095,437
BT-7274.Voicepack/bt_clips/438_It_appears_that_whatever_actions_you.wav,It appears that whatever actions you took in the past have caused the remaining automated security systems to be quite hostile towards us in the present.,it appears that whatever actions you took in the past have caused the remaining automated security systems to be quite hostile towards us in the present,7.759999999999991,438
BT-7274.Voicepack/bt_clips/439_Tactical_Analysis.wav,Tactical Analysis.,tactical analysis,0.8800000000001091,439
BT-7274.Voicepack/bt_clips/440_We_will_be_more_effective_in.wav,We will be more effective in this situation as a combined unit.,we will be more effective in this situation as a combined unit,3.839999999999918,440
BT-7274.Voicepack/bt_clips/441_Overwhelming_hostile_forces.wav,Overwhelming hostile forces.,overwhelming hostile forces,41.42000000000007,441
BT-7274.Voicepack/bt_clips/442_Recommend_you_embark.wav,Recommend you embark.,recommend you embark,0.9600000000000364,442
BT-7274.Voicepack/bt_clips/443_Pilot.wav,Pilot.,pilot,0.2799999999999727,443
BT-7274.Voicepack/bt_clips/444_If_you_embark_your_wrist-mounted_device.wav,"If you embark, your wrist-mounted device may work to transport both of us to the past.",if you embark your wristmounted device may work to transport both of us to the past,4.400000000000091,444
BT-7274.Voicepack/bt_clips/445_Pilot.wav,Pilot.,pilot,0.2799999999999727,445
BT-7274.Voicepack/bt_clips/446_I_have_located_the_controls_to.wav,I have located the controls to extend the bridge to the rings.,i have located the controls to extend the bridge to the rings,2.8199999999999363,446
BT-7274.Voicepack/bt_clips/447_I_have_marked_it_on_your.wav,I have marked it on your HUD.,i have marked it on your hud,1.1800000000000637,447
BT-7274.Voicepack/bt_clips/448_Uphold_the_mission.wav,Uphold the mission.,uphold the mission,0.7800000000002001,448
BT-7274.Voicepack/bt_clips/449_I_have_marked_the_bridge_controls.wav,I have marked the bridge controls on your HUD.,i have marked the bridge controls on your hud,1.9800000000000182,449
BT-7274.Voicepack/bt_clips/450_You_will_need_to_extend_the.wav,You will need to extend the bridge before the fold weapon test pad explodes.,you will need to extend the bridge before the fold weapon test pad explodes,3.7999999999999545,450
BT-7274.Voicepack/bt_clips/451_The_effects_of_close_proximity_to.wav,The effects of close proximity to the arc are unknown.,the effects of close proximity to the arc are unknown,2.7200000000000273,451
BT-7274.Voicepack/bt_clips/452_Use_caution_when_scanning.wav,Use caution when scanning.,use caution when scanning,1.8399999999999181,452
BT-7274.Voicepack/bt_clips/453_There_is_some_data_that_suggests.wav,There is some data that suggests your wrist-mounted device will protect you.,there is some data that suggests your wristmounted device will protect you,3.6799999999998363,453
BT-7274.Voicepack/bt_clips/454_Uphold_the_mission.wav,Uphold the mission.,uphold the mission,0.7799999999999727,454
BT-7274.Voicepack/bt_clips/455_You_will_need_to_get_as.wav,You will need to get as close as possible to the center of the rings in the past.,you will need to get as close as possible to the center of the rings in the past,3.5,455
BT-7274.Voicepack/bt_clips/456_Use_the_bridge_to_access_and.wav,Use the bridge to access and scan the arc.,use the bridge to access and scan the arc,2.380000000000109,456
BT-7274.Voicepack/bt_clips/457_Pilot.wav,Pilot.,pilot,0.2799999999999727,457
BT-7274.Voicepack/bt_clips/458_We_must_uphold_the_mission.wav,We must uphold the mission.,we must uphold the mission,1.3599999999999,458
BT-7274.Voicepack/bt_clips/459_I_advise_you_get_as_close.wav,I advise you get as close as possible to the center of the rings.,i advise you get as close as possible to the center of the rings,3.0599999999999454,459
BT-7274.Voicepack/bt_clips/460_To_uphold_the_mission_you_will.wav,"To uphold the mission, you will need to get as close as possible to the center of the active rings in the past.",to uphold the mission you will need to get as close as possible to the center of the active rings in the past,5.319999999999936,460
BT-7274.Voicepack/bt_clips/461_Pilot_I_recommend_you_scan_the.wav,"Pilot, I recommend you scan the center of the rings in order to uphold the mission.",pilot i recommend you scan the center of the rings in order to uphold the mission,4.600000000000136,461
BT-7274.Voicepack/bt_clips/462_Use_the_service_bridge_in_the.wav,Use the service bridge in the past to access the arc.,use the service bridge in the past to access the arc,2.7200000000000273,462
BT-7274.Voicepack/bt_clips/463_Pilot.wav,Pilot.,pilot,0.3400000000001455,463
BT-7274.Voicepack/bt_clips/464_After_you_complete_the_scan.wav,After you complete the scan.,after you complete the scan,41.40000000000009,464
BT-7274.Voicepack/bt_clips/465_Pilot_Cooper.wav,Pilot Cooper.,pilot cooper,0.6200000000001182,465
BT-7274.Voicepack/bt_clips/466_Scan_the_arc_and_record_its.wav,Scan the arc and record its energy signature for the militia.,scan the arc and record its energy signature for the militia,3.2199999999998,466
BT-7274.Voicepack/bt_clips/467_We_are_currently_in_the_past.wav,We are currently in the past.,we are currently in the past,1.3800000000001091,467
BT-7274.Voicepack/bt_clips/468_If_we_can_deliver_the_scan.wav,"If we can deliver the scan data to the fleet, they will be able to track the arc in the present.",if we can deliver the scan data to the fleet they will be able to track the arc in the present,5.480000000000018,468
BT-7274.Voicepack/bt_clips/469_You_must_get_to_the_center.wav,You must get to the center of those rings across the bridge.,you must get to the center of those rings across the bridge,3.1200000000001182,469
BT-7274.Voicepack/bt_clips/470_No.wav,No.,no,0.3000000000001819,470
BT-7274.Voicepack/bt_clips/471_But_a_true_militia_pilot_takes.wav,But a true militia pilot takes risks for the welfare of others.,but a true militia pilot takes risks for the welfare of others,3.4200000000000728,471
BT-7274.Voicepack/bt_clips/472_As_did_Major_Anderson_and_Captain.wav,As did Major Anderson and Captain Lestamosa before you.,as did major anderson and captain lestamosa before you,3.5599999999999454,472
BT-7274.Voicepack/bt_clips/473_Pilot.wav,Pilot.,pilot,0.2799999999999727,473
BT-7274.Voicepack/bt_clips/474_The_rings_at_my_location_contain.wav,The rings at my location contain a large amount of residual energy.,the rings at my location contain a large amount of residual energy,3.3799999999998818,474
BT-7274.Voicepack/bt_clips/475_This_was_the_arcs_final_destination.wav,This was the arc's final destination.,this was the arcs final destination,1.6800000000000637,475
BT-7274.Voicepack/bt_clips/476_If_we_can_obtain_the_arcs.wav,"If we can obtain the arc's energy signature, the militia fleet will be able to track its current location in the present day.",if we can obtain the arcs energy signature the militia fleet will be able to track its current location in the present day,6.1599999999998545,476
BT-7274.Voicepack/bt_clips/477_Andersons_plan_indicated_a_recon_mission.wav,Anderson's plan indicated a recon mission within close proximity to the center of the active rings.,andersons plan indicated a recon mission within close proximity to the center of the active rings,5.240000000000009,477
BT-7274.Voicepack/bt_clips/478_Pilot.wav,Pilot.,pilot,0.2999999999999545,478
BT-7274.Voicepack/bt_clips/479_I_recommend_you_meet_me_at.wav,I recommend you meet me at the rings in order to scan the arc's energy signature.,i recommend you meet me at the rings in order to scan the arcs energy signature,3.8199999999999363,479
BT-7274.Voicepack/bt_clips/480_That_was_Major_Andersons_final_recording.wav,That was Major Anderson's final recording.,that was major andersons final recording,2.0799999999999272,480
BT-7274.Voicepack/bt_clips/481_Cooper.wav,Cooper.,cooper,0.2600000000002183,481
BT-7274.Voicepack/bt_clips/482_Based_on_your_recon_of_this.wav,"Based on your recon of this facility, I may have a plan.",based on your recon of this facility i may have a plan,2.9600000000000364,482
BT-7274.Voicepack/bt_clips/483_Meet_me_outside.wav,Meet me outside.,meet me outside,1.2999999999997272,483
BT-7274.Voicepack/bt_clips/484_I_will_work_on_it.wav,I will work on it.,i will work on it,0.9400000000000546,484
BT-7274.Voicepack/bt_clips/485_Tactical_recommendation.wav,Tactical recommendation.,tactical recommendation,1.0,485
BT-7274.Voicepack/bt_clips/486_Pilot_should_embark_the_Titan_against.wav,Pilot should embark the Titan against overwhelming hostile forces.,pilot should embark the titan against overwhelming hostile forces,43.61999999999989,486
BT-7274.Voicepack/bt_clips/487_Hypothesis.wav,Hypothesis.,hypothesis,0.599999999999909,487
BT-7274.Voicepack/bt_clips/488_The_time_traversal_device_may_work.wav,The time traversal device may work to transport my chassis to the past as well.,the time traversal device may work to transport my chassis to the past as well,4.199999999999818,488
BT-7274.Voicepack/bt_clips/489_You_must_get_to_the_center.wav,You must get to the center of those rings.,you must get to the center of those rings,1.9800000000000182,489
BT-7274.Voicepack/bt_clips/490_Cross_the_bridge.wav,Cross the bridge.,cross the bridge,0.8200000000001637,490
BT-7274.Voicepack/bt_clips/491_Pilot.wav,Pilot.,pilot,0.2800000000002001,491
BT-7274.Voicepack/bt_clips/492_Major_Anderson_is_here.wav,Major Anderson is here.,major anderson is here,1.1799999999998363,492
BT-7274.Voicepack/bt_clips/493_Investigate_this_facility.wav,Investigate this facility.,investigate this facility,1.099999999999909,493
BT-7274.Voicepack/bt_clips/494_I_will_meet_you_on_the.wav,I will meet you on the other side.,i will meet you on the other side,1.4400000000000546,494
BT-7274.Voicepack/bt_clips/495_Major_Anderson_is_here.wav,Major Anderson is here.,major anderson is here,1.2600000000002183,495
BT-7274.Voicepack/bt_clips/496_In_order_to_find_him_we.wav,"In order to find him, we should search this complex.",in order to find him we should search this complex,2.4400000000000546,496
BT-7274.Voicepack/bt_clips/497_I_will_meet_you_on_the.wav,I will meet you on the other side.,i will meet you on the other side,2.1399999999998727,497
BT-7274.Voicepack/bt_clips/498_We_should_investigate_this_facility.wav,We should investigate this facility.,we should investigate this facility,1.5599999999999454,498
BT-7274.Voicepack/bt_clips/499_I_will_meet_you_on_the.wav,I will meet you on the other side.,i will meet you on the other side,1.4800000000000182,499
BT-7274.Voicepack/bt_clips/500_You_too_pilot.wav,"You too, pilot.",you too pilot,0.6799999999998363,500
BT-7274.Voicepack/bt_clips/501_I_will_avoid_all_shortcuts.wav,I will avoid all shortcuts.,i will avoid all shortcuts,1.6199999999998909,501
BT-7274.Voicepack/bt_clips/502_Agreed.wav,Agreed.,agreed,0.42000000000007276,502
BT-7274.Voicepack/bt_clips/503_However_close_quarters_recon_is_the.wav,"However, close quarters recon is the sole domain of the pilot.",however close quarters recon is the sole domain of the pilot,3.5599999999999454,503
BT-7274.Voicepack/bt_clips/504_Proceed_with_caution.wav,Proceed with caution.,proceed with caution,0.8999999999996362,504
BT-7274.Voicepack/bt_clips/505_Agreed.wav,Agreed.,agreed,0.4600000000000364,505
BT-7274.Voicepack/bt_clips/506_Titans_were_not_built_for_stealth.wav,Titans were not built for stealth.,titans were not built for stealth,1.6199999999998909,506
BT-7274.Voicepack/bt_clips/507_Interesting.wav,Interesting.,interesting,0.36000000000012733,507
BT-7274.Voicepack/bt_clips/508_Im_detecting_traces_of_a_massive.wav,I'm detecting traces of a massive energy explosion throughout this facility.,im detecting traces of a massive energy explosion throughout this facility,4.4399999999996,508
BT-7274.Voicepack/bt_clips/509_However_your_helmet_data_does_not.wav,"However, your helmet data does not detect the same in the other timeline.",however your helmet data does not detect the same in the other timeline,3.6600000000003092,509
BT-7274.Voicepack/bt_clips/510_Something_has_shattered_the_nature_of.wav,Something has shattered the nature of time at this facility.,something has shattered the nature of time at this facility,2.699999999999818,510
BT-7274.Voicepack/bt_clips/511_None_of_these_remains_match_the.wav,None of these remains match the genetic profile of Major Anderson.,none of these remains match the genetic profile of major anderson,3.3600000000001273,511
BT-7274.Voicepack/bt_clips/512_He_may_still_be_alive.wav,He may still be alive.,he may still be alive,1.3400000000001455,512
BT-7274.Voicepack/bt_clips/513_The_large_rings_within_the_main.wav,The large rings within the main campus are not an IMC technology.,the large rings within the main campus are not an imc technology,43.559999999999945,513
BT-7274.Voicepack/bt_clips/514_Its_design_is_foreign_and_its.wav,"Its design is foreign, and its function is unknown.",its design is foreign and its function is unknown,2.6799999999998363,514
BT-7274.Voicepack/bt_clips/515_Your_fear_is_justified_but_I.wav,"Your fear is justified, but I will do my best to protect you.",your fear is justified but i will do my best to protect you,3.8600000000001273,515
BT-7274.Voicepack/bt_clips/516_It_might.wav,It might.,it might,0.4399999999995998,516
BT-7274.Voicepack/bt_clips/517_Anderson_is_a_veteran_SRS_pilot.wav,Anderson is a veteran SRS pilot.,anderson is a veteran srs pilot,1.9800000000000182,517
BT-7274.Voicepack/bt_clips/518_He_has_survived_multiple_covert_missions.wav,He has survived multiple covert missions within enemy territory.,he has survived multiple covert missions within enemy territory,3.119999999999891,518
BT-7274.Voicepack/bt_clips/519_The_IMC_has_multiple_scientific_research.wav,The IMC has multiple scientific research facilities throughout the frontier.,the imc has multiple scientific research facilities throughout the frontier,3.8400000000001455,519
BT-7274.Voicepack/bt_clips/520_However_this_particular_one_is_unlike.wav,"However, this particular one is unlike any known to the militia.",however this particular one is unlike any known to the militia,3.6599999999998545,520
BT-7274.Voicepack/bt_clips/521_In_the_eight_standard_months_prior.wav,"In the eight standard months prior to Operation Broadsword, the 9th Militia Fleet captured or destroyed over 29 such installations.",in the eight standard months prior to operation broadsword the 9th militia fleet captured or destroyed over 29 such installations,7.900000000000091,521
BT-7274.Voicepack/bt_clips/522_Their_bodies_have_aged_unusually.wav,Their bodies have aged unusually.,their bodies have aged unusually,1.6599999999998545,522
BT-7274.Voicepack/bt_clips/523_However_some_show_signs_of_weapon.wav,"However, some show signs of weapon fire.",however some show signs of weapon fire,2.1599999999998545,523
BT-7274.Voicepack/bt_clips/524_Well_done_pilot.wav,"Well done, pilot.",well done pilot,0.7400000000002365,524
BT-7274.Voicepack/bt_clips/525_You_located_the_wrist-mounted_device.wav,You located the wrist-mounted device.,you located the wristmounted device,1.7400000000002365,525
BT-7274.Voicepack/bt_clips/526_SRS_intel_suggests_if_equipped_you.wav,"SRS intel suggests if equipped, you can withstand and manipulate the time shifts.",srs intel suggests if equipped you can withstand and manipulate the time shifts,4.619999999999891,526
BT-7274.Voicepack/bt_clips/527_Pilot_recommend_you_equip_the_device.wav,"Pilot, recommend you equip the device.",pilot recommend you equip the device,2.0399999999999636,527
BT-7274.Voicepack/bt_clips/528_The_wrist-mounted_device_may_be_useful.wav,The wrist-mounted device may be useful.,the wristmounted device may be useful,1.800000000000182,528
BT-7274.Voicepack/bt_clips/529_Recommend_you_equip_the_device.wav,Recommend you equip the device.,recommend you equip the device,1.4400000000000546,529
BT-7274.Voicepack/bt_clips/530_Advisory.wav,Advisory.,advisory,0.40000000000009095,530
BT-7274.Voicepack/bt_clips/531_Pilot_I_recommend_you_equip_the.wav,"Pilot, I recommend you equip the wrist-mounted device.",pilot i recommend you equip the wristmounted device,3.3200000000001637,531
BT-7274.Voicepack/bt_clips/532_Pilot_Cooper_I_have_transferred_some.wav,"Pilot Cooper, I have transferred some of my AI functions into your helmet in order to permit communication across time shifts.",pilot cooper i have transferred some of my ai functions into your helmet in order to permit communication across time shifts,46.340000000000146,532
BT-7274.Voicepack/bt_clips/533_Pilot_communication_has_transferred_to_y.wav,"Pilot, communication has transferred to your device.",pilot communication has transferred to your device,2.6599999999998545,533
BT-7274.Voicepack/bt_clips/534_I_recommend_retracing_Major_Andersons_st.wav,I recommend retracing Major Anderson's steps so he can determine the best way to complete his mission.,i recommend retracing major andersons steps so he can determine the best way to complete his mission,5.1599999999998545,534
BT-7274.Voicepack/bt_clips/535_Captain_what_is_the_status_of.wav,"Captain, what is the status of the beacon?",captain what is the status of the beacon,2.1599999999998545,535
BT-7274.Voicepack/bt_clips/536_Designation.wav,Designation.,designation,0.5599999999999454,536
BT-7274.Voicepack/bt_clips/537_Arc_tool.wav,Arc tool.,arc tool,0.6199999999998909,537
BT-7274.Voicepack/bt_clips/538_Function.wav,Function.,function,0.45999999999958163,538
BT-7274.Voicepack/bt_clips/539_Generates_power_up_to_5_megajoules.wav,Generates power up to 5 megajoules.,generates power up to 5 megajoules,2.1799999999998363,539
BT-7274.Voicepack/bt_clips/540_Can_you_repair_it.wav,Can you repair it?,can you repair it,0.9200000000000728,540
BT-7274.Voicepack/bt_clips/541_Pilot_you_must_recover_the_arc.wav,"Pilot, you must recover the arc tool.",pilot you must recover the arc tool,2.3399999999996908,541
BT-7274.Voicepack/bt_clips/542_I_advise_caution_while_navigating_this.wav,I advise caution while navigating this facility's substation.,i advise caution while navigating this facilitys substation,3.0799999999999272,542
BT-7274.Voicepack/bt_clips/543_Good_luck_pilot.wav,"Good luck, pilot.",good luck pilot,0.6999999999998181,543
BT-7274.Voicepack/bt_clips/544_Pilot_the_beacon_power_substation_is.wav,"Pilot, the beacon power substation is through that door marked power grid.",pilot the beacon power substation is through that door marked power grid,4.400000000000091,544
BT-7274.Voicepack/bt_clips/545_Pilot_recommend_you_disembark.wav,"Pilot, recommend you disembark.",pilot recommend you disembark,1.819999999999709,545
BT-7274.Voicepack/bt_clips/546_Got_you.wav,Got you.,got you,0.5599999999999454,546
BT-7274.Voicepack/bt_clips/547_Protocol_2_mission_update.wav,Protocol 2 mission update.,protocol 2 mission update,1.3599999999996726,547
BT-7274.Voicepack/bt_clips/548_Replace_the_uplink_module.wav,Replace the uplink module.,replace the uplink module,1.2800000000002,548
BT-7274.Voicepack/bt_clips/549_The_socket_for_the_module_is.wav,The socket for the module is at the top of this dish.,the socket for the module is at the top of this dish,2.4600000000000364,549
BT-7274.Voicepack/bt_clips/550_A_throw_combined_with_additional_climbin.wav,A throw combined with additional climbing is required.,a throw combined with additional climbing is required,2.799999999999727,550
BT-7274.Voicepack/bt_clips/551_Pilot_we_must_install_the_module.wav,"Pilot, we must install the module.",pilot we must install the module,1.7400000000002365,551
BT-7274.Voicepack/bt_clips/552_When_you_are_ready_climb_onto.wav,"When you are ready, climb onto my hand.",when you are ready climb onto my hand,2.4600000000000364,552
BT-7274.Voicepack/bt_clips/553_Standing_by_pilot.wav,"Standing by, pilot.",standing by pilot,0.900000000000091,553
BT-7274.Voicepack/bt_clips/554_Climb_onto_my_hand.wav,Climb onto my hand.,climb onto my hand,1.1199999999998909,554
BT-7274.Voicepack/bt_clips/555_Hypothesis.wav,Hypothesis.,hypothesis,0.6399999999998727,555
BT-7274.Voicepack/bt_clips/556_The_dish_will_automatically_reorient_its.wav,The dish will automatically reorient itself once the new module is installed.,the dish will automatically reorient itself once the new module is installed,4.0,556
BT-7274.Voicepack/bt_clips/557_Caution.wav,Caution.,caution,0.40000000000009095,557
BT-7274.Voicepack/bt_clips/558_Anomaly_detected.wav,Anomaly detected.,anomaly detected,0.8800000000001091,558
BT-7274.Voicepack/bt_clips/559_Possible_hostile_Titan.wav,Possible hostile Titan.,possible hostile titan,1.2399999999997817,559
BT-7274.Voicepack/bt_clips/560_Militia_forces.wav,Militia forces.,militia forces,0.6600000000003092,560
BT-7274.Voicepack/bt_clips/561_Lock_down_the_control_room.wav,Lock down the control room.,lock down the control room,1.2399999999997817,561
BT-7274.Voicepack/bt_clips/562_Threats_detected.wav,Threats detected.,threats detected,0.7199999999997999,562
BT-7274.Voicepack/bt_clips/563_Reapers_inbound.wav,Reapers inbound.,reapers inbound,0.8400000000001455,563
BT-7274.Voicepack/bt_clips/564_Unlikely_pilot.wav,"Unlikely, pilot.",unlikely pilot,0.7599999999997635,564
BT-7274.Voicepack/bt_clips/565_Pilot_the_fog_is_deadly_to.wav,"Pilot, the fog is deadly to organic life.",pilot the fog is deadly to organic life,2.200000000000273,565
BT-7274.Voicepack/bt_clips/566_We_cannot_uphold_the_mission_if.wav,We cannot uphold the mission if you are dead.,we cannot uphold the mission if you are dead,1.8800000000001091,566
BT-7274.Voicepack/bt_clips/567_You_will_be_safe_in_the.wav,You will be safe in the cockpit.,you will be safe in the cockpit,1.3800000000001091,567
BT-7274.Voicepack/bt_clips/568_Hostiles_confirmed.wav,Hostiles confirmed.,hostiles confirmed,0.9200000000000728,568
BT-7274.Voicepack/bt_clips/569_The_stalkers_appear_to_be_programmed.wav,The stalkers appear to be programmed to attack the control room.,the stalkers appear to be programmed to attack the control room,2.880000000000109,569
BT-7274.Voicepack/bt_clips/570_Pilot_Im_detecting_militia_forces_inside.wav,"Pilot, I'm detecting militia forces inside that beacon control room.",pilot im detecting militia forces inside that beacon control room,3.6599999999998545,570
BT-7274.Voicepack/bt_clips/571_They_are_signaling_distress.wav,They are signaling distress.,they are signaling distress,1.1199999999998909,571
BT-7274.Voicepack/bt_clips/572_Patching_in.wav,Patching in.,patching in,0.5599999999999454,572
BT-7274.Voicepack/bt_clips/573_I_recommend_we_help_eliminate_these.wav,I recommend we help eliminate these stalkers and then make direct contact with the militia riflemen.,i recommend we help eliminate these stalkers and then make direct contact with the militia riflemen,5.119999999999891,573
BT-7274.Voicepack/bt_clips/574_Interesting_tactic_pilot.wav,"Interesting tactic, pilot.",interesting tactic pilot,1.0799999999999272,574
BT-7274.Voicepack/bt_clips/575_The_40_ton_mass_of_my.wav,The 40 ton mass of my chassis can eliminate stalkers more efficiently.,the 40 ton mass of my chassis can eliminate stalkers more efficiently,4.079999999999927,575
BT-7274.Voicepack/bt_clips/576_Tactical_option.wav,Tactical option.,tactical option,0.7800000000002001,576
BT-7274.Voicepack/bt_clips/577_Run_them_over.wav,Run them over.,run them over,0.6399999999998727,577
BT-7274.Voicepack/bt_clips/578_My_40_ton_chassis_can_eliminate.wav,My 40 ton chassis can eliminate smaller enemies.,my 40 ton chassis can eliminate smaller enemies,2.6599999999998545,578
BT-7274.Voicepack/bt_clips/579_Threat_neutralized.wav,Threat neutralized.,threat neutralized,0.9599999999995816,579
BT-7274.Voicepack/bt_clips/580_Well_done.wav,Well done.,well done,0.5399999999999636,580
BT-7274.Voicepack/bt_clips/581_This_victory_has_raised_our_combat.wav,This victory has raised our combat efficiency rating.,this victory has raised our combat efficiency rating,2.519999999999982,581
BT-7274.Voicepack/bt_clips/582_BT-7274_to_militia_forces.wav,BT-7274 to militia forces.,bt7274 to militia forces,2.3200000000001637,582
BT-7274.Voicepack/bt_clips/583_All_threats_have_been_eliminated.wav,All threats have been eliminated.,all threats have been eliminated,1.2799999999997453,583
BT-7274.Voicepack/bt_clips/584_We_can_attempt_to_activate_the.wav,We can attempt to activate the beacon from the control room.,we can attempt to activate the beacon from the control room,2.4600000000000364,584
BT-7274.Voicepack/bt_clips/585_I_recommend_we_go_there.wav,I recommend we go there.,i recommend we go there,1.2200000000002547,585
BT-7274.Voicepack/bt_clips/586_We_should_get_moving_pilot.wav,"We should get moving, pilot.",we should get moving pilot,41.399999999999636,586
BT-7274.Voicepack/bt_clips/587_Embark_and_we_will_move_out.wav,"Embark and we will move out, pilot.",embark and we will move out pilot,1.6199999999998909,587
BT-7274.Voicepack/bt_clips/588_Thank_you_pilot.wav,"Thank you, pilot.",thank you pilot,1.400000000000091,588
BT-7274.Voicepack/bt_clips/589_Youre_welcome_pilot.wav,"You're welcome, pilot.",youre welcome pilot,1.199999999999818,589
BT-7274.Voicepack/bt_clips/590_Good_luck_over_there.wav,Good luck over there.,good luck over there,0.9800000000000182,590
BT-7274.Voicepack/bt_clips/591_Copy_that.wav,Copy that.,copy that,0.5399999999999636,591
BT-7274.Voicepack/bt_clips/592_Noted_for_the_next_supply_drop.wav,Noted for the next supply drop.,noted for the next supply drop,1.3599999999996726,592
BT-7274.Voicepack/bt_clips/593_Caution.wav,Caution.,caution,0.40000000000009095,593
BT-7274.Voicepack/bt_clips/594_I_detect_traces_of_poisonous_chemicals.wav,I detect traces of poisonous chemicals within the fog.,i detect traces of poisonous chemicals within the fog,2.819999999999709,594
BT-7274.Voicepack/bt_clips/595_Scanning.wav,Scanning.,scanning,0.4800000000000182,595
BT-7274.Voicepack/bt_clips/596_The_ground_fog_is_a_toxic.wav,The ground fog is a toxic byproduct of the beacon power grid.,the ground fog is a toxic byproduct of the beacon power grid,3.1599999999998545,596
BT-7274.Voicepack/bt_clips/597_I_recommend_you_embark_when_operating.wav,I recommend you embark when operating in hazardous environments with greater than 1 ppm tungsten hexafluoride.,i recommend you embark when operating in hazardous environments with greater than 1 ppm tungsten hexafluoride,5.940000000000055,597
BT-7274.Voicepack/bt_clips/598_Pilot_Cooper.wav,Pilot Cooper.,pilot cooper,0.5599999999999454,598
BT-7274.Voicepack/bt_clips/599_Anderson_is_dead_but_we_can.wav,"Anderson is dead, but we can complete his mission if we can reestablish contact with the fleet.",anderson is dead but we can complete his mission if we can reestablish contact with the fleet,4.420000000000073,599
BT-7274.Voicepack/bt_clips/600_The_interstellar_beacon_ahead_will_serve.wav,The interstellar beacon ahead will serve our needs.,the interstellar beacon ahead will serve our needs,2.680000000000291,600
BT-7274.Voicepack/bt_clips/601_40_million_souls_on_the_planet.wav,40 million souls on the planet Harmony will be lost.,40 million souls on the planet harmony will be lost,2.9400000000000546,601
BT-7274.Voicepack/bt_clips/602_We_must_get_this_information_to.wav,We must get this information to SRS Commander Sarah Briggs.,we must get this information to srs commander sarah briggs,3.2599999999997635,602
BT-7274.Voicepack/bt_clips/603_There_is_only_one_way_to.wav,There is only one way to find out.,there is only one way to find out,1.8200000000001637,603
BT-7274.Voicepack/bt_clips/604_We_must_uphold_the_mission.wav,We must uphold the mission.,we must uphold the mission,1.4200000000000728,604
BT-7274.Voicepack/bt_clips/605_Pilot.wav,Pilot.,pilot,0.27999999999974534,605
BT-7274.Voicepack/bt_clips/606_I_see_the_beacon_up_ahead.wav,I see the beacon up ahead.,i see the beacon up ahead,1.3800000000001091,606
BT-7274.Voicepack/bt_clips/607_Scans_detect_minimal_power_functionality.wav,Scans detect minimal power functionality.,scans detect minimal power functionality,1.9200000000000728,607
BT-7274.Voicepack/bt_clips/608_It_may_need_repairs.wav,It may need repairs.,it may need repairs,1.1200000000003456,608
BT-7274.Voicepack/bt_clips/609_Caution.wav,Caution.,caution,0.36000000000012733,609
BT-7274.Voicepack/bt_clips/610_Im_picking_up_multiple_contacts.wav,I'm picking up multiple contacts.,im picking up multiple contacts,2.0,610
BT-7274.Voicepack/bt_clips/611_Understood.wav,Understood.,understood,0.36000000000012733,611
BT-7274.Voicepack/bt_clips/612_Pilot.wav,Pilot.,pilot,0.3200000000001637,612
BT-7274.Voicepack/bt_clips/613_Cooper.wav,Cooper.,cooper,0.25999999999976353,613
BT-7274.Voicepack/bt_clips/614_I_advise_caution_while_navigating_this.wav,I advise caution while navigating this facility's substation.,i advise caution while navigating this facilitys substation,43.039999999999964,614
BT-7274.Voicepack/bt_clips/615_You_must_recover_the_arc_tool.wav,You must recover the arc tool.,you must recover the arc tool,1.400000000000091,615
BT-7274.Voicepack/bt_clips/616_Understood.wav,Understood.,understood,0.38000000000010914,616
BT-7274.Voicepack/bt_clips/617_Pilot.wav,Pilot.,pilot,0.3200000000001637,617
BT-7274.Voicepack/bt_clips/618_Jack.wav,Jack.,jack,0.3200000000001637,618
BT-7274.Voicepack/bt_clips/619_Cooper.wav,Cooper.,cooper,0.2800000000002001,619
BT-7274.Voicepack/bt_clips/620_I_advise_caution_while_navigating_this.wav,I advise caution while navigating this facility's substation.,i advise caution while navigating this facilitys substation,3.5399999999999636,620
BT-7274.Voicepack/bt_clips/621_You_must_recover_the_arc_tool.wav,You must recover the arc tool.,you must recover the arc tool,1.400000000000091,621
BT-7274.Voicepack/bt_clips/622_Pilot.wav,Pilot.,pilot,0.29999999999972715,622
BT-7274.Voicepack/bt_clips/623_The_power_chamber_relays_are_offline.wav,The power chamber relays are offline.,the power chamber relays are offline,1.8200000000001637,623
BT-7274.Voicepack/bt_clips/624_The_arc_tool_should_be_able.wav,The arc tool should be able to jumpstart them manually.,the arc tool should be able to jumpstart them manually,2.4400000000000546,624
BT-7274.Voicepack/bt_clips/625_The_captain_will_open_the_chamber.wav,The captain will open the chamber door for you when you are ready.,the captain will open the chamber door for you when you are ready,2.6399999999998727,625
BT-7274.Voicepack/bt_clips/626_Caution.wav,Caution.,caution,0.42000000000007276,626
BT-7274.Voicepack/bt_clips/627_High_radiation_levels_detected_ahead.wav,High radiation levels detected ahead.,high radiation levels detected ahead,2.0799999999999272,627
BT-7274.Voicepack/bt_clips/628_Your_suit_will_only_protect_you.wav,Your suit will only protect you for a limited time inside the chamber.,your suit will only protect you for a limited time inside the chamber,3.200000000000273,628
BT-7274.Voicepack/bt_clips/629_I_suggest_you_move_quickly.wav,I suggest you move quickly.,i suggest you move quickly,1.3799999999996544,629
BT-7274.Voicepack/bt_clips/630_Power_at_100.wav,Power at 100%.,power at 100,1.4200000000000728,630
BT-7274.Voicepack/bt_clips/631_I_recommend_you_exit_the_chamber.wav,I recommend you exit the chamber immediately.,i recommend you exit the chamber immediately,2.3200000000001637,631
BT-7274.Voicepack/bt_clips/632_Good_work_Pilot_Cooper.wav,"Good work, Pilot Cooper.",good work pilot cooper,0.9400000000000546,632
BT-7274.Voicepack/bt_clips/633_Now_we_can_jumpstart_the_power.wav,Now we can jumpstart the power to get the beacon functional.,now we can jumpstart the power to get the beacon functional,2.619999999999891,633
BT-7274.Voicepack/bt_clips/634_Stalker_down.wav,Stalker down.,stalker down,0.7199999999997999,634
BT-7274.Voicepack/bt_clips/635_Target_eliminated.wav,Target eliminated.,target eliminated,0.7399999999997817,635
BT-7274.Voicepack/bt_clips/636_Good_shot.wav,Good shot.,good shot,0.5799999999999272,636
BT-7274.Voicepack/bt_clips/637_Reaper_down.wav,Reaper down.,reaper down,0.6199999999998909,637
BT-7274.Voicepack/bt_clips/638_Welcome_back_Cooper.wav,"Welcome back, Cooper.",welcome back cooper,0.7600000000002183,638
BT-7274.Voicepack/bt_clips/639_Recommend_we_secure_this_area_before.wav,Recommend we secure this area before proceeding with the repairs.,recommend we secure this area before proceeding with the repairs,2.9200000000000728,639
BT-7274.Voicepack/bt_clips/640_All_threats_eliminated.wav,All threats eliminated.,all threats eliminated,1.099999999999909,640
BT-7274.Voicepack/bt_clips/641_Area_secure.wav,Area secure.,area secure,0.7799999999997453,641
BT-7274.Voicepack/bt_clips/642_Are_you_okay_Pilot.wav,"Are you okay, Pilot?",are you okay pilot,0.9800000000000182,642
BT-7274.Voicepack/bt_clips/643_Damage_report.wav,Damage report.,damage report,0.6999999999998181,643
BT-7274.Voicepack/bt_clips/644_Critical_systems_are_functioning_properl.wav,Critical systems are functioning properly.,critical systems are functioning properly,1.7600000000002183,644
BT-7274.Voicepack/bt_clips/645_And_despite_your_self-evaluation_I_am.wav,"And despite your self-evaluation, I am certain Captain Lastimosa would have said you fought well, Cooper.",and despite your selfevaluation i am certain captain lastimosa would have said you fought well cooper,45.36000000000013,645
BT-7274.Voicepack/bt_clips/646_Your_vitals_do_not_indicate_a.wav,Your vitals do not indicate a temperature problem.,your vitals do not indicate a temperature problem,2.599999999999909,646
BT-7274.Voicepack/bt_clips/647_Do_you_wish_for_me_to.wav,Do you wish for me to investigate this hot streak sensation further?,do you wish for me to investigate this hot streak sensation further,3.2800000000002,647
BT-7274.Voicepack/bt_clips/648_Understood.wav,Understood.,understood,0.36000000000012733,648
BT-7274.Voicepack/bt_clips/649_I_have_added_hot_streak_to.wav,I have added hot streak to my vocabulary.,i have added hot streak to my vocabulary,2.0599999999999454,649
BT-7274.Voicepack/bt_clips/650_I_have_had_numerous_hot_streaks.wav,I have had numerous hot streaks within the past 38 standard hours.,i have had numerous hot streaks within the past 38 standard hours,3.7599999999997635,650
BT-7274.Voicepack/bt_clips/651_Apparently.wav,Apparently.,apparently,0.44000000000005457,651
BT-7274.Voicepack/bt_clips/652_Broadcasting_data_stream.wav,Broadcasting data stream.,broadcasting data stream,1.2599999999997635,652
BT-7274.Voicepack/bt_clips/653_Awaiting_response.wav,Awaiting response.,awaiting response,0.900000000000091,653
BT-7274.Voicepack/bt_clips/654_Commander_Briggs.wav,Commander Briggs.,commander briggs,0.7199999999997999,654
BT-7274.Voicepack/bt_clips/655_This_is_BT-7274.wav,This is BT-7274.,this is bt7274,1.8999999999996362,655
BT-7274.Voicepack/bt_clips/656_Protocol_2.wav,Protocol 2.,protocol 2,0.7000000000002728,656
BT-7274.Voicepack/bt_clips/657_Uphold_the_mission.wav,Uphold the mission.,uphold the mission,0.7800000000002001,657
BT-7274.Voicepack/bt_clips/658_Report_intel_to_the_fleet_attached.wav,Report intel to the fleet attached to the SRS unit.,report intel to the fleet attached to the srs unit,2.899999999999636,658
BT-7274.Voicepack/bt_clips/659_Correct.wav,Correct.,correct,0.40000000000009095,659
BT-7274.Voicepack/bt_clips/660_Captain_Ty_Lastimosa_was_killed_in.wav,Captain Ty Lastimosa was killed in action.,captain ty lastimosa was killed in action,2.900000000000091,660
BT-7274.Voicepack/bt_clips/661_I_am_now_linked_to_an.wav,I am now linked to an acting pilot.,i am now linked to an acting pilot,1.8800000000001091,661
BT-7274.Voicepack/bt_clips/662_Rifleman_Jack_Cooper.wav,Rifleman Jack Cooper.,rifleman jack cooper,1.1399999999998727,662
BT-7274.Voicepack/bt_clips/663_Yes.wav,Yes.,yes,0.36000000000012733,663
BT-7274.Voicepack/bt_clips/664_He_had_no_other_options.wav,He had no other options.,he had no other options,1.4200000000000728,664
BT-7274.Voicepack/bt_clips/665_Objection.wav,Objection.,objection,0.5199999999999818,665
BT-7274.Voicepack/bt_clips/666_Cooper_is_my_pilot.wav,Cooper is my pilot.,cooper is my pilot,1.300000000000182,666
BT-7274.Voicepack/bt_clips/667_Our_combat_effectiveness_rating_now_exce.wav,Our combat effectiveness rating now exceeds 90%.,our combat effectiveness rating now exceeds 90,3.9200000000000728,667
BT-7274.Voicepack/bt_clips/668_Request_permission_to_retain_this_link.wav,Request permission to retain this link.,request permission to retain this link,2.1599999999998545,668
BT-7274.Voicepack/bt_clips/669_Do_not_be_afraid.wav,Do not be afraid.,do not be afraid,0.9200000000000728,669
BT-7274.Voicepack/bt_clips/670_Your_jump_kit_can_take_that.wav,Your jump kit can take that fall.,your jump kit can take that fall,1.6599999999998545,670
BT-7274.Voicepack/bt_clips/671_Pilot.wav,Pilot.,pilot,0.25999999999976353,671
BT-7274.Voicepack/bt_clips/672_There_appears_to_be_an_override.wav,There appears to be an override switch on the central turbine.,there appears to be an override switch on the central turbine,2.880000000000109,672
BT-7274.Voicepack/bt_clips/673_Try_using_the_arc_tool_on.wav,Try using the arc tool on that switch.,try using the arc tool on that switch,2.019999999999982,673
BT-7274.Voicepack/bt_clips/674_That_should_enable_you_to_run.wav,That should enable you to run across the face of the turbine.,that should enable you to run across the face of the turbine,42.81999999999971,674
BT-7274.Voicepack/bt_clips/675_Scanning.wav,Scanning.,scanning,0.5199999999999818,675
BT-7274.Voicepack/bt_clips/676_Exposed_power_circuits.wav,Exposed power circuits.,exposed power circuits,1.7600000000002183,676
BT-7274.Voicepack/bt_clips/677_You_should_avoid_physical_contact.wav,You should avoid physical contact.,you should avoid physical contact,1.5799999999999272,677
BT-7274.Voicepack/bt_clips/678_Proceed_forward_with_caution.wav,Proceed forward with caution.,proceed forward with caution,1.3799999999996544,678
BT-7274.Voicepack/bt_clips/679_Your_mission_is_to_obtain_an.wav,Your mission is to obtain an arc tool.,your mission is to obtain an arc tool,1.8800000000001091,679
BT-7274.Voicepack/bt_clips/680_Using_it_we_can_jump_start.wav,"Using it, we can jump start the power systems and get the beacon back online.",using it we can jump start the power systems and get the beacon back online,3.9200000000000728,680
BT-7274.Voicepack/bt_clips/681_Scans_detect_its_signature_further_withi.wav,Scans detect its signature further within this facility's substation.,scans detect its signature further within this facilitys substation,3.380000000000109,681
BT-7274.Voicepack/bt_clips/682_Scans_reveal_a_maximum_depth_of.wav,Scans reveal a maximum depth of 300 meters.,scans reveal a maximum depth of 300 meters,2.9600000000000364,682
BT-7274.Voicepack/bt_clips/683_The_stations_computer_details_this_locat.wav,The station's computer details this location as the power grid for an IMC interstellar beacon.,the stations computer details this location as the power grid for an imc interstellar beacon,5.7599999999997635,683
BT-7274.Voicepack/bt_clips/684_Pilot.wav,Pilot.,pilot,0.25999999999976353,684
BT-7274.Voicepack/bt_clips/685_I_have_patched_into_your_helmet.wav,I have patched into your helmet display to monitor your progress.,i have patched into your helmet display to monitor your progress,3.0799999999999272,685
BT-7274.Voicepack/bt_clips/686_The_channel_is_open_if_you.wav,The channel is open if you need assistance.,the channel is open if you need assistance,1.8600000000001273,686
BT-7274.Voicepack/bt_clips/687_Sensors_detect_a_power_control_room.wav,Sensors detect a power control room located at the top of the silo.,sensors detect a power control room located at the top of the silo,3.819999999999709,687
BT-7274.Voicepack/bt_clips/688_The_fan_exhaust_is_non-lethal.wav,The fan exhaust is non-lethal.,the fan exhaust is nonlethal,1.7400000000002365,688
BT-7274.Voicepack/bt_clips/689_Bypass_successful.wav,Bypass successful.,bypass successful,1.0599999999999454,689
BT-7274.Voicepack/bt_clips/690_The_fan_exhaust_is_offline.wav,The fan exhaust is offline.,the fan exhaust is offline,1.4600000000000364,690
BT-7274.Voicepack/bt_clips/691_Arc_tool_detected_at_30_meters.wav,Arc tool detected at 30 meters.,arc tool detected at 30 meters,1.6599999999998545,691
BT-7274.Voicepack/bt_clips/692_Well_done_pilot.wav,"Well done, pilot.",well done pilot,0.7400000000002365,692
BT-7274.Voicepack/bt_clips/693_You_have_acquired_the_arc_tool.wav,You have acquired the arc tool.,you have acquired the arc tool,1.4400000000000546,693
BT-7274.Voicepack/bt_clips/694_Return_to_the_control_room.wav,Return to the control room.,return to the control room,1.1400000000003274,694
BT-7274.Voicepack/bt_clips/695_We_are_ready_to_jump_start.wav,We are ready to jump start the system.,we are ready to jump start the system,1.9599999999995816,695
BT-7274.Voicepack/bt_clips/696_Trust_me.wav,Trust me.,trust me,0.6399999999998727,696
BT-7274.Voicepack/bt_clips/697_Wind.wav,Wind.,wind,0.3000000000001819,697
BT-7274.Voicepack/bt_clips/698_3_knots.wav,3 knots.,3 knots,0.6400000000003274,698
BT-7274.Voicepack/bt_clips/699_Heading_274.wav,Heading 274.,heading 274,1.180000000000291,699
BT-7274.Voicepack/bt_clips/700_Range.wav,Range.,range,0.38000000000010914,700
BT-7274.Voicepack/bt_clips/701_95_meters.wav,95 meters.,95 meters,0.900000000000091,701
BT-7274.Voicepack/bt_clips/702_Projectile_mass.wav,Projectile mass.,projectile mass,0.9400000000000546,702
BT-7274.Voicepack/bt_clips/703_89_kilograms.wav,89 kilograms.,89 kilograms,0.900000000000091,703
BT-7274.Voicepack/bt_clips/704_Good.wav,Good.,good,0.31999999999970896,704
BT-7274.Voicepack/bt_clips/705_You_are_at_the_controls.wav,You are at the controls.,you are at the controls,1.0599999999999454,705
BT-7274.Voicepack/bt_clips/706_Move_the_dish_to_the_far.wav,Move the dish to the far right to bring it within your reach.,move the dish to the far right to bring it within your reach,2.9400000000000546,706
BT-7274.Voicepack/bt_clips/707_IMC_dropships_headed_to_your_location.wav,IMC dropships headed to your location.,imc dropships headed to your location,1.9400000000000546,707
BT-7274.Voicepack/bt_clips/708_Uplink_targeting_module_detected.wav,Uplink targeting module detected.,uplink targeting module detected,1.5199999999999818,708
BT-7274.Voicepack/bt_clips/709_Check_your_HUD.wav,Check your HUD.,check your hud,0.7400000000002365,709
BT-7274.Voicepack/bt_clips/710_Pilot.wav,Pilot.,pilot,0.3000000000001819,710
BT-7274.Voicepack/bt_clips/711_The_module_is_in_the_projector.wav,The module is in the projector of that dish.,the module is in the projector of that dish,2.180000000000291,711
BT-7274.Voicepack/bt_clips/712_Protocol_2_mission_update.wav,Protocol 2 mission update.,protocol 2 mission update,1.300000000000182,712
BT-7274.Voicepack/bt_clips/713_Uplink_module_acquired.wav,Uplink module acquired.,uplink module acquired,1.1599999999998545,713
BT-7274.Voicepack/bt_clips/714_Standing_by_for_your_return_Cooper.wav,"Standing by for your return, Cooper.",standing by for your return cooper,2.180000000000291,714
BT-7274.Voicepack/bt_clips/715_Anti-Titan_squads_have_arrived_requestin.wav,"Anti-Titan squads have arrived, requesting assistance.",antititan squads have arrived requesting assistance,2.8400000000001455,715
BT-7274.Voicepack/bt_clips/716_Scans_indicate_a_fallen_pilot.wav,Scans indicate a fallen pilot.,scans indicate a fallen pilot,1.7399999999997817,716
BT-7274.Voicepack/bt_clips/717_My_memory_recalls_this_pilot_as.wav,My memory recalls this pilot as an exceptional fighter.,my memory recalls this pilot as an exceptional fighter,2.799999999999727,717
BT-7274.Voicepack/bt_clips/718_Proven_well_during_the_Fracture_operatio.wav,Proven well during the Fracture operation.,proven well during the fracture operation,1.9200000000000728,718
BT-7274.Voicepack/bt_clips/719_Fracture_was_the_codename_of_a.wav,Fracture was the codename of a major combat refueling operation conducted by the militia on the planet Victor.,fracture was the codename of a major combat refueling operation conducted by the militia on the planet victor,5.7400000000002365,719
BT-7274.Voicepack/bt_clips/720_We_sustained_many_casualties_but_the.wav,"We sustained many casualties, but the fleet survived.",we sustained many casualties but the fleet survived,3.8399999999996908,720
BT-7274.Voicepack/bt_clips/721_My_records_indicate_you_received_a.wav,My records indicate you received a concussion during fracture and suffered some memory loss.,my records indicate you received a concussion during fracture and suffered some memory loss,4.360000000000127,721
BT-7274.Voicepack/bt_clips/722_It_was_a_major_combat_refueling.wav,It was a major combat refueling operation and one of your first assignments as a rifleman.,it was a major combat refueling operation and one of your first assignments as a rifleman,4.559999999999945,722
BT-7274.Voicepack/bt_clips/723_My_scans_detect_a_functioning_uplink.wav,"My scans detect a functioning uplink targeting module, 428 meters northeast.",my scans detect a functioning uplink targeting module 428 meters northeast,5.400000000000091,723
BT-7274.Voicepack/bt_clips/724_My_analysis_indicates_a_throw_is.wav,My analysis indicates a throw is our only option here.,my analysis indicates a throw is our only option here,42.940000000000055,724
BT-7274.Voicepack/bt_clips/725_I_can_throw_you_across_the.wav,I can throw you across the gap.,i can throw you across the gap,1.4800000000000182,725
BT-7274.Voicepack/bt_clips/726_There_is_a_68_chance_of.wav,There is a 68% chance of success.,there is a 68 chance of success,2.1600000000003092,726
BT-7274.Voicepack/bt_clips/727_There_is_a_32_chance_of.wav,"There is a 32% chance of an incomplete traversal, resulting in catastrophic trauma, massive internal bleeding, and multiple compound fractures.",there is a 32 chance of an incomplete traversal resulting in catastrophic trauma massive internal bleeding and multiple compound fractures,7.920000000000073,727
BT-7274.Voicepack/bt_clips/728_Dismemberment_may_also_occur.wav,Dismemberment may also occur.,dismemberment may also occur,2.2600000000002183,728
BT-7274.Voicepack/bt_clips/729_There_is_also_the_possibility_of.wav,There is also the possibility of electrocution and disintegration within the toxic fog below.,there is also the possibility of electrocution and disintegration within the toxic fog below,4.760000000000218,729
BT-7274.Voicepack/bt_clips/730_That_sentiment_is_not_100_true.wav,That sentiment is not 100% true.,that sentiment is not 100 true,2.2800000000002,730
BT-7274.Voicepack/bt_clips/731_However_it_does_fit_this_current.wav,"However, it does fit this current scenario.",however it does fit this current scenario,2.2199999999998,731
BT-7274.Voicepack/bt_clips/732_I_am_incapable_of_insanity_pilot.wav,"I am incapable of insanity, pilot.",i am incapable of insanity pilot,1.900000000000091,732
BT-7274.Voicepack/bt_clips/733_Captain_the_uplink_targeting_module_is.wav,"Captain, the uplink targeting module is offline.",captain the uplink targeting module is offline,2.6799999999998363,733
BT-7274.Voicepack/bt_clips/734_That_is_a_reasonable_assumption.wav,That is a reasonable assumption.,that is a reasonable assumption,1.2800000000002,734
BT-7274.Voicepack/bt_clips/735_Pilot_this_situation_could_use_your.wav,"Pilot, this situation could use your skills.",pilot this situation could use your skills,2.699999999999818,735
BT-7274.Voicepack/bt_clips/736_I_suggest_we_relocate_to_the.wav,I suggest we relocate to the beacon platform for repairs.,i suggest we relocate to the beacon platform for repairs,2.980000000000018,736
BT-7274.Voicepack/bt_clips/737_Embark_and_we_will_move_out.wav,"Embark and we will move out, pilot.",embark and we will move out pilot,1.6200000000003456,737
BT-7274.Voicepack/bt_clips/738_Good_luck.wav,Good luck.,good luck,0.8599999999996726,738
BT-7274.Voicepack/bt_clips/739_Copy_that_6-4.wav,"Copy that, 6-4.",copy that 64,0.9600000000000364,739
BT-7274.Voicepack/bt_clips/740_You_can_do_this_Cooper.wav,"You can do this, Cooper.",you can do this cooper,0.9800000000000182,740
BT-7274.Voicepack/bt_clips/741_Climb_into_my_hand_and_I.wav,Climb into my hand and I will throw you to Blackbird 6-4.,climb into my hand and i will throw you to blackbird 64,3.119999999999891,741
BT-7274.Voicepack/bt_clips/742_Not_exactly.wav,Not exactly.,not exactly,0.7199999999997999,742
BT-7274.Voicepack/bt_clips/743_There_are_significantly_more_variables_t.wav,There are significantly more variables to throwing between two moving platforms.,there are significantly more variables to throwing between two moving platforms,3.980000000000018,743
BT-7274.Voicepack/bt_clips/744_Trust_me.wav,Trust me.,trust me,0.599999999999909,744
BT-7274.Voicepack/bt_clips/745_Cooper_aim_for_the_cockpit.wav,"Cooper, aim for the cockpit.",cooper aim for the cockpit,1.4200000000000728,745
BT-7274.Voicepack/bt_clips/746_Take_the_shot.wav,Take the shot.,take the shot,40.69999999999982,746
BT-7274.Voicepack/bt_clips/747_Left_arm_severed.wav,Left arm severed.,left arm severed,1.0,747
BT-7274.Voicepack/bt_clips/748_However_I_am_still_operational.wav,"However, I am still operational.",however i am still operational,1.7400000000002365,748
BT-7274.Voicepack/bt_clips/749_We_must_uphold_the_mission.wav,We must uphold the mission.,we must uphold the mission,1.400000000000091,749
BT-7274.Voicepack/bt_clips/750_This_ship_is_rapidly_losing_altitude.wav,This ship is rapidly losing altitude.,this ship is rapidly losing altitude,1.8600000000001273,750
BT-7274.Voicepack/bt_clips/751_It_is_up_to_us_Cooper.wav,"It is up to us, Cooper.",it is up to us cooper,1.099999999999909,751
BT-7274.Voicepack/bt_clips/752_Airborne_bogey_acquired.wav,Airborne bogey acquired.,airborne bogey acquired,1.1399999999998727,752
BT-7274.Voicepack/bt_clips/753_North_Star_Class_Titan.wav,North Star Class Titan.,north star class titan,1.4200000000000728,753
BT-7274.Voicepack/bt_clips/754_Heavily_modified.wav,Heavily modified.,heavily modified,0.7200000000002547,754
BT-7274.Voicepack/bt_clips/755_Airborne_bogey_acquired.wav,Airborne bogey acquired.,airborne bogey acquired,1.1799999999998363,755
BT-7274.Voicepack/bt_clips/756_North_Star_Class_Titan.wav,North Star Class Titan.,north star class titan,1.0799999999999272,756
BT-7274.Voicepack/bt_clips/757_Heavily_modified.wav,Heavily modified.,heavily modified,0.7400000000002365,757
BT-7274.Voicepack/bt_clips/758_Adjusting_for_wind_resistance.wav,Adjusting for wind resistance.,adjusting for wind resistance,1.4400000000000546,758
BT-7274.Voicepack/bt_clips/759_Calculating.wav,Calculating.,calculating,0.599999999999909,759
BT-7274.Voicepack/bt_clips/760_Down_here.wav,Down here.,down here,0.599999999999909,760
BT-7274.Voicepack/bt_clips/761_We_are_approaching_the_ARCs_containment.wav,We are approaching the ARC's containment unit.,we are approaching the arcs containment unit,1.9200000000000728,761
BT-7274.Voicepack/bt_clips/762_The_containment_unit_is_too_large.wav,The containment unit is too large to carry.,the containment unit is too large to carry,2.019999999999982,762
BT-7274.Voicepack/bt_clips/763_We_must_improvise.wav,We must improvise.,we must improvise,1.1799999999998363,763
BT-7274.Voicepack/bt_clips/764_Ready_to_transfer_control_to_pilot.wav,Ready to transfer control to pilot.,ready to transfer control to pilot,1.5799999999999272,764
BT-7274.Voicepack/bt_clips/765_Commander_Briggs.wav,Commander Briggs.,commander briggs,0.8000000000001819,765
BT-7274.Voicepack/bt_clips/766_This_is_BT-7274.wav,This is BT-7274.,this is bt7274,2.0399999999999636,766
BT-7274.Voicepack/bt_clips/767_Viper_is_down.wav,Viper is down.,viper is down,1.0,767
BT-7274.Voicepack/bt_clips/768_Cooper.wav,Cooper.,cooper,0.25999999999976353,768
BT-7274.Voicepack/bt_clips/769_Ready_for_fastball.wav,Ready for fastball.,ready for fastball,1.0599999999999454,769
BT-7274.Voicepack/bt_clips/770_Recommend_you_disembark.wav,Recommend you disembark.,recommend you disembark,1.2200000000002547,770
BT-7274.Voicepack/bt_clips/771_Cooper.wav,Cooper.,cooper,0.44000000000005457,771
BT-7274.Voicepack/bt_clips/772_Cooper.wav,Cooper.,cooper,0.11999999999989086,772
BT-7274.Voicepack/bt_clips/773_I_recommend_you_disembark_so_I.wav,I recommend you disembark so I may throw you to the Draconis.,i recommend you disembark so i may throw you to the draconis,3.100000000000364,773
BT-7274.Voicepack/bt_clips/774_Climb_into_my_hand_and_I.wav,Climb into my hand and I will throw you to the Draconis.,climb into my hand and i will throw you to the draconis,2.900000000000091,774
BT-7274.Voicepack/bt_clips/775_Cooper.wav,Cooper.,cooper,0.25999999999976353,775
BT-7274.Voicepack/bt_clips/776_Use_the_cargo_lift.wav,Use the cargo lift.,use the cargo lift,1.0199999999999818,776
BT-7274.Voicepack/bt_clips/777_There_are_still_anti-air_cannons_active.wav,There are still anti-air cannons active on the deck of the Malta.,there are still antiair cannons active on the deck of the malta,2.9399999999996,777
BT-7274.Voicepack/bt_clips/778_They_must_be_disabled_from_the.wav,They must be disabled from the bridge before we can approach.,they must be disabled from the bridge before we can approach,2.6599999999998545,778
BT-7274.Voicepack/bt_clips/779_I_cannot_reach_the_ARC.wav,I cannot reach the ARC.,i cannot reach the arc,1.2600000000002183,779
BT-7274.Voicepack/bt_clips/780_Cooper.wav,Cooper.,cooper,0.23999999999978172,780
BT-7274.Voicepack/bt_clips/781_I_need_your_help.wav,I need your help.,i need your help,0.8800000000001091,781
BT-7274.Voicepack/bt_clips/782_I_cannot_reach_the_ARC.wav,I cannot reach the ARC.,i cannot reach the arc,1.2800000000002,782
BT-7274.Voicepack/bt_clips/783_I_need_your_help.wav,I need your help.,i need your help,0.9400000000000546,783
BT-7274.Voicepack/bt_clips/784_Quickly.wav,Quickly.,quickly,0.25999999999976353,784
BT-7274.Voicepack/bt_clips/785_We_need_to_get_off_the.wav,We need to get off the ship.,we need to get off the ship,1.2600000000002183,785
BT-7274.Voicepack/bt_clips/786_We_are_running_out_of_time.wav,We are running out of time.,we are running out of time,1.1199999999998909,786
BT-7274.Voicepack/bt_clips/787_This_way_Cooper.wav,"This way, Cooper.",this way cooper,0.7199999999997999,787
BT-7274.Voicepack/bt_clips/788_Negative.wav,Negative.,negative,0.2800000000002001,788
BT-7274.Voicepack/bt_clips/789_We_are_trapped.wav,We are trapped.,we are trapped,0.6999999999998181,789
BT-7274.Voicepack/bt_clips/790_I_will_not_lose_another_pilot.wav,I will not lose another pilot.,i will not lose another pilot,2.0399999999999636,790
BT-7274.Voicepack/bt_clips/791_Protocol_3.wav,Protocol 3.,protocol 3,0.7599999999997635,791
BT-7274.Voicepack/bt_clips/792_I_will_not_lose_another_pilot.wav,I will not lose another pilot.,i will not lose another pilot,1.8400000000001455,792
BT-7274.Voicepack/bt_clips/793_Brace_for_impact.wav,Brace for impact.,brace for impact,0.900000000000091,793
BT-7274.Voicepack/bt_clips/794_Brace_for_impact.wav,Brace for impact.,brace for impact,1.0,794
BT-7274.Voicepack/bt_clips/795_C-c-c-cooper.wav,C-c-c-cooper.,ccccooper,1.800000000000182,795
BT-7274.Voicepack/bt_clips/796_The_injector_backblast_has_overloaded_my.wav,The injector backblast has overloaded my critical internal systems.,the injector backblast has overloaded my critical internal systems,6.119999999999891,796
BT-7274.Voicepack/bt_clips/797_Attempting_to_restore_ocular_systems.wav,Attempting to restore ocular systems.,attempting to restore ocular systems,2.7600000000002183,797
BT-7274.Voicepack/bt_clips/798_Neural_link_pathways_deteriorating.wav,Neural link pathways deteriorating.,neural link pathways deteriorating,2.199999999999818,798
BT-7274.Voicepack/bt_clips/799_Reactor_core.wav,Reactor core.,reactor core,0.8000000000001819,799
BT-7274.Voicepack/bt_clips/800_Unstable_Weapon_systems_offline_Auto_nav.wav,Unstable. Weapon systems offline. Auto navigation system offline. Ocular killer systems restored.,unstable weapon systems offline auto navigation system offline ocular killer systems restored,8.0,800
BT-7274.Voicepack/bt_clips/801_Warning_Hostile.wav,Warning. Hostile.,warning hostile,2.0,801
BT-7274.Voicepack/bt_clips/802_Hostile_Titan_detect.wav,Hostile. Titan detect.,hostile titan detect,4.0,802
BT-7274.Voicepack/bt_clips/803_I_require_your_assistance_My_auto.wav,I require your assistance. My auto navigation systems are offline.,i require your assistance my auto navigation systems are offline,7.0,803
BT-7274.Voicepack/bt_clips/804_Get_me_into_that_injector_assembly.wav,Get me into that injector assembly. We must do this together.,get me into that injector assembly we must do this together,4.0,804
BT-7274.Voicepack/bt_clips/805_Commander_Briggs_I_believe_I_have.wav,"Commander Briggs, I believe I have a solution. In its exposed state, my reactor core may be able to destabilize the arc at the center of the full weapon.",commander briggs i believe i have a solution in its exposed state my reactor core may be able to destabilize the arc at the center of the full weapon,50.0,805
BT-7274.Voicepack/bt_clips/806_We_can_blow_it_up_Im.wav,We can blow it up. I'm sending you coordinates for a dropship rendezvous.,we can blow it up im sending you coordinates for a dropship rendezvous,5.0,806
BT-7274.Voicepack/bt_clips/807_Trust_me_I_have_double_done.wav,"Trust me, I have double done the math.",trust me i have double done the math,4.0,807
BT-7274.Voicepack/bt_clips/808_We_must_keep_going_Cooper_Our.wav,"We must keep going, Cooper. Our reactor core has become very, very, very unstable.",we must keep going cooper our reactor core has become very very very unstable,5.0,808
BT-7274.Voicepack/bt_clips/809_I_do_not_know_how_long.wav,I do not know how long we have. The full weapon has energized its final phase using the arc.,i do not know how long we have the full weapon has energized its final phase using the arc,7.0,809
BT-7274.Voicepack/bt_clips/810_We_are_running_out_of_time.wav,"We are running out of time. Move, Cooper. Move.",we are running out of time move cooper move,3.0,810
BT-7274.Voicepack/bt_clips/811_Not_for_me.wav,Not for me.,not for me,2.0,811
BT-7274.Voicepack/bt_clips/812_That_is_not_in_the_plan.wav,That is not in the plan.,that is not in the plan,3.0,812
BT-7274.Voicepack/bt_clips/813_Goodbye_Jack_Good_luck.wav,"Goodbye, Jack. Good luck.",goodbye jack good luck,3.0,813
BT-7274.Voicepack/bt_clips/814_Pilot_Analysis_Low_clearance_Pilot_I.wav,"Pilot. Analysis. Low clearance. Pilot, I will be able to fit with a lowered stance. Pilot. If positioned to a lower stance, I will be able to fit through this doorway. Hello, Jack. We must uphold our mission.",pilot analysis low clearance pilot i will be able to fit with a lowered stance pilot if positioned to a lower stance i will be able to fit through this doorway hello jack we must uphold our mission,13.0,814
BT-7274.Voicepack/bt_clips/815_Incorrect_Im_constructed_from_a_multitud.wav,"Incorrect. I'm constructed from a multitude of machined parts. Over 25,000, actually.",incorrect im constructed from a multitude of machined parts over 25000 actually,45.0,815
BT-7274.Voicepack/bt_clips/816_BT-7274_online_and_ready_for_combat.wav,BT-7274 online and ready for combat. Old paint. Same data core.,bt7274 online and ready for combat old paint same data core,7.0,816
BT-7274.Voicepack/bt_clips/817_BT-7274_good_to_go_New_chassis.wav,BT-7274 good to go. New chassis. Same data core. BT-7274 good to go. New paint. Same data core.,bt7274 good to go new chassis same data core bt7274 good to go new paint same data core,10.0,817
BT-7274.Voicepack/bt_clips/818_BT-7274_good_to_go_I_detect.wav,BT-7274 good to go. I detect joy. BT-7274 online and ready for combat. It is good to see you as well.,bt7274 good to go i detect joy bt7274 online and ready for combat it is good to see you as well,10.0,818
BT-7274.Voicepack/bt_clips/819_It_is_time_to_complete_our.wav,"It is time to complete our mission. Pilot, we must keep advancing.",it is time to complete our mission pilot we must keep advancing,5.0,819
BT-7274.Voicepack/bt_clips/820_Voice_command_Not_recognized_Pilot_in.wav,Voice command. Not recognized. Pilot in jeopardy. Ocular systems. Marginal. Cannot visually acquire. Pilot. Functions. Compromised by severe crash damage.,voice command not recognized pilot in jeopardy ocular systems marginal cannot visually acquire pilot functions compromised by severe crash damage,15.0,820
BT-7274.Voicepack/bt_clips/821_Cooper_Over_here_Cooper_I_can.wav,Cooper. Over here. Cooper. I can no longer uphold the mission. But you still can.,cooper over here cooper i can no longer uphold the mission but you still can,8.0,821
BT-7274.Voicepack/bt_clips/822_Take_the_seer_kit_It_is.wav,Take the seer kit. It is your best chance for survival.,take the seer kit it is your best chance for survival,47.0,822
BT-7274.Voicepack/bt_clips/823_I_do_not_Sleep_is_not.wav,"I do not. Sleep is not in my programming. But if I am programmed to sleep, then I will. As long as it does not interfere with my protocols.",i do not sleep is not in my programming but if i am programmed to sleep then i will as long as it does not interfere with my protocols,8.0,823
BT-7274.Voicepack/bt_clips/824_We_are_going_to_the_rendezvous.wav,We are going to the rendezvous point set by Major Anderson. Further information on our original intended mission is classified by the SRS for operational security.,we are going to the rendezvous point set by major anderson further information on our original intended mission is classified by the srs for operational security,9.0,824
BT-7274.Voicepack/bt_clips/825_Captain_Lastimosa_linked_with_me_973.wav,Captain Lastimosa linked with me 973 days ago. He was an excellent pilot. And a good friend. Do you require rest? Your vitals appear to be stable.,captain lastimosa linked with me 973 days ago he was an excellent pilot and a good friend do you require rest your vitals appear to be stable,11.0,825
BT-7274.Voicepack/bt_clips/826_We_must_uphold_the_mission_Your.wav,"We must uphold the mission. Your vitals appear to be stable. There is no time for rest. Good. There is no time for rest. We must uphold the mission. Follow me, pilot.",we must uphold the mission your vitals appear to be stable there is no time for rest good there is no time for rest we must uphold the mission follow me pilot,11.0,826
BT-7274.Voicepack/bt_clips/827_This_way_pilot_I_detect_an.wav,"This way, pilot. I detect an exit up ahead. I'm detecting incoming enemy forces. We must hurry. With the militia growing in numbers, the IMC are prepared to do anything to defeat us.",this way pilot i detect an exit up ahead im detecting incoming enemy forces we must hurry with the militia growing in numbers the imc are prepared to do anything to defeat us,12.0,827
BT-7274.Voicepack/bt_clips/828_Pilot_the_dash_maneuver_will_allow.wav,"Pilot, the dash maneuver will allow you to get to cover quickly. I recommend you use the vortex shield to block incoming fire, pilot.",pilot the dash maneuver will allow you to get to cover quickly i recommend you use the vortex shield to block incoming fire pilot,47.0,828
BT-7274.Voicepack/bt_clips/829_Pilot_there_are_several_loadouts_availab.wav,"Pilot, there are several loadouts available for your use. I recommend you familiarize yourself with all of them.",pilot there are several loadouts available for your use i recommend you familiarize yourself with all of them,6.0,829
BT-7274.Voicepack/bt_clips/830_Pilot_the_tracking_rockets_require_three.wav,"Pilot, the tracking rockets require three locks from the tracker cannon. These incendiary traps may be ignited with thermite.",pilot the tracking rockets require three locks from the tracker cannon these incendiary traps may be ignited with thermite,7.0,830
BT-7274.Voicepack/bt_clips/831_The_ion_abilities_draw_from_a.wav,The ion abilities draw from a stored energy pool. Conserve your energy. The predator cannon has two range settings. Long and short.,the ion abilities draw from a stored energy pool conserve your energy the predator cannon has two range settings long and short,10.0,831
BT-7274.Voicepack/bt_clips/832_Pilot_recommend_you_switch_to_short.wav,"Pilot, recommend you switch to short range mode. Pilot, recommend you switch to long range mode.",pilot recommend you switch to short range mode pilot recommend you switch to long range mode,6.0,832
BT-7274.Voicepack/bt_clips/833_These_tether_traps_are_restricting_our.wav,These tether traps are restricting our movement. Destroying their anchor points should restore our mobility.,these tether traps are restricting our movement destroying their anchor points should restore our mobility,5.0,833
BT-7274.Voicepack/bt_clips/834_Pilot_we_have_picked_up_the.wav,"Pilot, we have picked up the Legion loadout. Its main cannon is powerful, but has a delay when spooling up.",pilot we have picked up the legion loadout its main cannon is powerful but has a delay when spooling up,7.0,834
BT-7274.Voicepack/bt_clips/835_Pilot_this_is_a_scorched_loadout.wav,"Pilot, this is a scorched loadout. It is designed to lock down areas with thermite.",pilot this is a scorched loadout it is designed to lock down areas with thermite,5.0,835
BT-7274.Voicepack/bt_clips/836_Ion_loadout_acquired_These_versatile_ene.wav,Ion loadout acquired. These versatile energy weapons are precise. They will be useful.,ion loadout acquired these versatile energy weapons are precise they will be useful,5.0,836
BT-7274.Voicepack/bt_clips/837_Ronin_loadout_picked_up_The_Ronin.wav,Ronin loadout picked up. The Ronin Titan is equipped with a powerful sword and is built on speed and close range combat.,ronin loadout picked up the ronin titan is equipped with a powerful sword and is built on speed and close range combat,47.0,837
BT-7274.Voicepack/bt_clips/838_Pilot_the_plasma_railgun_in_the.wav,"Pilot, the plasma railgun in the North Star loadout can deal massive damage when fully charged. Its flight core can give us the advantage from above.",pilot the plasma railgun in the north star loadout can deal massive damage when fully charged its flight core can give us the advantage from above,9.0,838
BT-7274.Voicepack/bt_clips/839_Pilot_with_the_Tone_loadout_we.wav,"Pilot, with the Tone loadout, we can lock onto enemies and target them with tracking rockets. This will be useful in direct combat.",pilot with the tone loadout we can lock onto enemies and target them with tracking rockets this will be useful in direct combat,7.0,839
BT-7274.Voicepack/bt_clips/840_Multi-lock_missiles_are_a_key_component.wav,"Multi-lock missiles are a key component to the brute loadout. I have seen this in battle, and it was very effective.",multilock missiles are a key component to the brute loadout i have seen this in battle and it was very effective,7.0,840
BT-7274.Voicepack/bt_clips/841_You_have_lock_Recommend_you_fire.wav,You have lock. Recommend you fire your rockets. These tether traps are restricting our movement.,you have lock recommend you fire your rockets these tether traps are restricting our movement,5.0,841
BT-7274.Voicepack/bt_clips/842_Pilot_you_have_not_used_your.wav,"Pilot, you have not used your alternate loadouts. It is important you familiarize yourself with the full complement of weapons.",pilot you have not used your alternate loadouts it is important you familiarize yourself with the full complement of weapons,7.0,842
BT-7274.Voicepack/bt_clips/843_Pilot_hold_down_the_ordnance_button.wav,"Pilot, hold down the ordnance button longer to fire more missiles. Your vortex shield is disengaging too quickly. Holding down the button has a longer lasting effect.",pilot hold down the ordnance button longer to fire more missiles your vortex shield is disengaging too quickly holding down the button has a longer lasting effect,10.0,843
BT-7274.Voicepack/bt_clips/844_There_is_a_battery_nearby_Pick.wav,There is a battery nearby. Pick it up to repair some damage. Our hull is compromised. I recommend you find a battery.,there is a battery nearby pick it up to repair some damage our hull is compromised i recommend you find a battery,7.0,844
BT-7274.Voicepack/bt_clips/845_Picking_up_weapons_from_destroyed_enemy.wav,Picking up weapons from destroyed enemy titans gives us access to those titans full loadouts.,picking up weapons from destroyed enemy titans gives us access to those titans full loadouts,5.0,845
BT-7274.Voicepack/bt_clips/846_Pilot_we_have_picked_up_an.wav,"Pilot, we have picked up an enemy titan weapon loadout. Pilot, we have picked up an enemy titan weapon.",pilot we have picked up an enemy titan weapon loadout pilot we have picked up an enemy titan weapon,47.0,846
BT-7274.Voicepack/bt_clips/847_It_is_now_in_our_weapon.wav,It is now in our weapon loadout database. It is now in our database.,it is now in our weapon loadout database it is now in our database,4.0,847
BT-7274.Voicepack/bt_clips/848_Pilot_you_do_not_have_enough.wav,"Pilot, you do not have enough lock ons to fire your tracking rockets. You must first tag a target three times with a tracker cannon.",pilot you do not have enough lock ons to fire your tracking rockets you must first tag a target three times with a tracker cannon,7.0,848
BT-7274.Voicepack/bt_clips/849_You_may_equip_any_of_the.wav,You may equip any of the weapon loadouts within our database at any time. I require a third battery for full power.,you may equip any of the weapon loadouts within our database at any time i require a third battery for full power,7.0,849
BT-7274.Voicepack/bt_clips/850_Without_it_we_may_not_survive.wav,"Without it, we may not survive through enemy territory.",without it we may not survive through enemy territory,3.0,850
BT-7274.Voicepack/bt_clips/851_We_must_proceed_through_this_facility.wav,We must proceed through this facility and continue to the rendezvous point with Major Anderson.,we must proceed through this facility and continue to the rendezvous point with major anderson,5.0,851
BT-7274.Voicepack/bt_clips/852_It_is_our_only_chance_of.wav,"It is our only chance of survival. With the IMC searching for us, this shortcut will reduce our exposure to the enemy.",it is our only chance of survival with the imc searching for us this shortcut will reduce our exposure to the enemy,7.0,852
BT-7274.Voicepack/bt_clips/853_We_must_continue_to_our_rendezvous.wav,We must continue to our rendezvous point with Major Anderson. We must locate and rendezvous with Major Anderson.,we must continue to our rendezvous point with major anderson we must locate and rendezvous with major anderson,7.0,853
BT-7274.Voicepack/bt_clips/854_He_will_have_detailed_mission_orders.wav,He will have detailed mission orders. The rendezvous coordinates match the location of this research facility.,he will have detailed mission orders the rendezvous coordinates match the location of this research facility,5.0,854
BT-7274.Voicepack/bt_clips/855_We_must_send_a_message_to.wav,We must send a message to the militia fleet and inform them of the IMC's recent fold weapon experiment.,we must send a message to the militia fleet and inform them of the imcs recent fold weapon experiment,6.0,855
BT-7274.Voicepack/bt_clips/856_40_million_souls_on_the_planet.wav,40 million souls on the planet Harmony are at stake.,40 million souls on the planet harmony are at stake,44.0,856
BT-7274.Voicepack/bt_clips/857_We_must_capture_the_Ark_before.wav,We must capture the Ark before it is taken away aboard the IMS Draconis. The Ark is the critical power source needed to operate the fold weapon.,we must capture the ark before it is taken away aboard the ims draconis the ark is the critical power source needed to operate the fold weapon,8.0,857
BT-7274.Voicepack/bt_clips/858_We_must_recover_the_Ark_If.wav,"We must recover the Ark. If stripped of this power source, the IMC will be unable to use the fold weapon to destroy Harmony.",we must recover the ark if stripped of this power source the imc will be unable to use the fold weapon to destroy harmony,7.0,858
BT-7274.Voicepack/bt_clips/859_We_must_stop_the_IMC_from.wav,"We must stop the IMC from using the fold weapon at all costs. If we fail, the militia planet of Harmony will be destroyed.",we must stop the imc from using the fold weapon at all costs if we fail the militia planet of harmony will be destroyed,8.0,859
BT-7274.Voicepack/bt_clips/860_Pilot_the_IMC_will_continue_to.wav,"Pilot the IMC will continue to search for us. Our only chance of survival is to rendezvous with Major Anderson, 60 clicks from our current location.",pilot the imc will continue to search for us our only chance of survival is to rendezvous with major anderson 60 clicks from our current location,8.0,860
BT-7274.Voicepack/bt_clips/861_Improvisation_and_adaptation_are_importa.wav,Improvisation and adaptation are important traits of a pilot. We must accumulate weapons and intel to ensure our survival.,improvisation and adaptation are important traits of a pilot we must accumulate weapons and intel to ensure our survival,8.0,861
BT-7274.Voicepack/bt_clips/862_Keep_your_eyes_open_pilot_We.wav,"Keep your eyes open, pilot. We have a long journey through unknown enemy occupied territory. We had no choice. We must be resourceful.",keep your eyes open pilot we have a long journey through unknown enemy occupied territory we had no choice we must be resourceful,8.0,862
BT-7274.Voicepack/bt_clips/863_We_have_a_long_journey_ahead.wav,"We have a long journey ahead of us, pilot. We will have to improvise and adapt if we wish to survive.",we have a long journey ahead of us pilot we will have to improvise and adapt if we wish to survive,6.0,863
BT-7274.Voicepack/bt_clips/864_Noted_We_must_complete_the_neural.wav,Noted. We must complete the neural link immediately. Please install the final battery.,noted we must complete the neural link immediately please install the final battery,6.0,864
BT-7274.Voicepack/bt_clips/865_Transferring_controls_to_pilot_Accessing.wav,Transferring controls to pilot. Accessing files. Unknown. Calculating.,transferring controls to pilot accessing files unknown calculating,46.0,865
BT-7274.Voicepack/bt_clips/866_The_file_camerazk_prenders_also_appropri.wav,The file camerazk prenders also approprises.,the file camerazk prenders also approprises,2.0,866
BT-7274.Voicepack/bt_clips/867_Terror_headrests_produccin.wav,Terror headrest往s producción.,terror headrest往s producción,2.0,867
BT-7274.Voicepack/bt_clips/868__Buzz_Collins_taket.wav,"扔ини, Buzz Collins taket.",扔ини buzz collins taket,2.0,868
BT-7274.Voicepack/bt_clips/869_Testix_our_wings_have_a_large.wav,Testix our wings have a large variety ofcido��� cuisine.,testix our wings have a large variety ofcido cuisine,2.0,869
BT-7274.Voicepack/bt_clips/870_Youll_crush_inside_your_wings.wav,You'll crush inside your wings.,youll crush inside your wings,2.0,870
BT-7274.Voicepack/bt_clips/871_Dont_cut_any_consciences_on_a.wav,Don't cut any consciences on a metal antenna.,dont cut any consciences on a metal antenna,2.0,871
BT-7274.Voicepack/bt_clips/872_worshipping_black_units_along_with_your.wav,worshipping black units along with your troops so you can't remember what you have to do and go.,worshipping black units along with your troops so you cant remember what you have to do and go,2.0,872
BT-7274.Voicepack/bt_clips/873_line.wav,한다.,한다,1.0,873
BT-7274.Voicepack/bt_clips/874_96AY.wav,96AYėėėėėėėėėėėėėėėėėėėėėėėėęė.,96ayėėėėėėėėėėėėėėėėėėėėėėėėęė,3.6399999999998727,874
BT-7274.Voicepack/bt_clips/875_I_will_whip_at_all_Lockjawis.wav,I will whip at all Lockjawis.,i will whip at all lockjawis,9.359999999999673,875
BT-7274.Voicepack/bt_clips/876_LOT_premiers_though.wav,LOT premiers though겠어요.,lot premiers though겠어요,1.6400000000003274,876
BT-7274.Voicepack/bt_clips/877_militia_pilot_is_attacking_your_target.wav,militia pilot is attacking your target. A militia titan is attacking your target. Recommend you assist. I am engaging hostile infantry. I am engaging a hostile titan. Warning. I am engaging multiple titans. Titan battery received. Battery received. Battery locked in. Battery acquired.,militia pilot is attacking your target a militia titan is attacking your target recommend you assist i am engaging hostile infantry i am engaging a hostile titan warning i am engaging multiple titans titan battery received battery received battery locked in battery acquired,17.33999999999969,877
BT-7274.Voicepack/bt_clips/878_Combat_effectiveness_increased_Excessive.wav,Combat effectiveness increased. Excessive damage. Warning. Warning. Warning. Detecting hull damage.,combat effectiveness increased excessive damage warning warning warning detecting hull damage,5.980000000000018,878
BT-7274.Voicepack/bt_clips/879_Caution_Core_activated_Burst_core_activa.wav,Caution. Core activated. Burst core activated. Burst core offline. Burst core ready. Dash core activated. Dash core offline. Dash core ready. Flame core activated. Flame core offline. Flame core ready. Flight core activated. Flight core offline. Flight core ready. Laser core activated. Laser core offline. Laser core ready. Core is recharging. Core offline. Core ready. Salvo core offline.,caution core activated burst core activated burst core offline burst core ready dash core activated dash core offline dash core ready flame core activated flame core offline flame core ready flight core activated flight core offline flight core ready laser core activated laser core offline laser core ready core is recharging core offline core ready salvo core offline,70.53999999999996,879
BT-7274.Voicepack/bt_clips/880_Salvo_core_activated_Salvo_core_ready.wav,"Salvo core activated. Salvo core ready. Smart core activated. Smart core fired. Smart core offline. Smart core ready. Sword core activated. Sword core offline. Sword core ready. Be careful, pilot. Controls to auto mode. Transferring controls to auto tighten. Good luck, pilot.",salvo core activated salvo core ready smart core activated smart core fired smart core offline smart core ready sword core activated sword core offline sword core ready be careful pilot controls to auto mode transferring controls to auto tighten good luck pilot,19.539999999999964,880
BT-7274.Voicepack/bt_clips/881_Be_careful_Cooper_Good_luck_pilot.wav,"Be careful, Cooper. Good luck, pilot Cooper. Warning. Our reactor is unstable. Replacement battery required. Enemy tightened down. Militia tightened down. Militia tightened down. Target eliminated. Target eliminated. Nice shot, pilot. Hostile down. Target down. Our combat effectiveness has increased. Pilot mode engaged. Transferring controls to pilot. Pilot control initiated.",be careful cooper good luck pilot cooper warning our reactor is unstable replacement battery required enemy tightened down militia tightened down militia tightened down target eliminated target eliminated nice shot pilot hostile down target down our combat effectiveness has increased pilot mode engaged transferring controls to pilot pilot control initiated,63.539999999999964,881
BT-7274.Voicepack/bt_clips/882_Controls_transferred_to_pilot_Enemy_tita.wav,"Controls transferred to pilot. Enemy titanfall detented. Incoming enemy titanfall. Battery required. Warning. Battery essential. Warning, pilot. Multiple titans engaging.",controls transferred to pilot enemy titanfall detented incoming enemy titanfall battery required warning battery essential warning pilot multiple titans engaging,10.140000000000327,882
BT-7274.Voicepack/bt_clips/883_Warning_Multiple_titans_engaging_us_Warn.wav,"Warning. Multiple titans engaging us. Warning. Enemy titans engaging. Warning, pilot Cooper.",warning multiple titans engaging us warning enemy titans engaging warning pilot cooper,5.420000000000073,883
BT-7274.Voicepack/bt_clips/884_Multiple_titans_engaging_Warning_Multipl.wav,"Multiple titans engaging. Warning. Multiple titans engaging us, Cooper. Warning, Cooper. Enemy titans engaging. Pilot. Activating sonar pulse to assist you. Sonar pulse activated. Activating sonar pulse.",multiple titans engaging warning multiple titans engaging us cooper warning cooper enemy titans engaging pilot activating sonar pulse to assist you sonar pulse activated activating sonar pulse,12.420000000000073,884
BT-7274.Voicepack/bt_clips/885_Sonar_Pulse_Online_Warning.wav,Sonar Pulse Online Warning,sonar pulse online warning,2.399999999999636,885
