audio_file,emotion,line_number,normalized_text,phoneme_count,phonemes,prosody,speaking_style,text
BT-7274.Voicepack/bt_clips/001_Standing_by_pilot_Climb_onto_my.wav,"{""primary_emotion"": ""neutral"", ""primary_score"": 0.5, ""confidence"": 0.06, ""secondary_emotion"": null, ""all_scores"": {""neutral"": 0.5}}",1,standing by pilot climb onto my hand,32,"s t æ n d ɪ ŋ   b y ,   p ɪ l ɒ t .   c l ɪ m b   ɒ n t ɒ   m y   h æ n d .","{""mean_pitch_hz"": 323.23, ""pitch_range_hz"": 831.15, ""mean_energy"": 0.0817, ""energy_range"": 0.1817, ""tempo_bpm"": 139.67, ""spectral_centroid"": 1625.09, ""spectral_rolloff"": 2619.32, ""duration_seconds"": 2.42}","{""pace"": ""normal"", ""volume"": ""normal"", ""pitch_variation"": ""low"", ""is_question"": false, ""has_pilot_address"": true, ""is_protocol"": false, ""is_acknowledgment"": false}","Standing by, pilot. Climb onto my hand."
BT-7274.Voicepack/bt_clips/002_Pilot_I_advise_against_turning_yourself.wav,"{""primary_emotion"": ""neutral"", ""primary_score"": 0.0, ""confidence"": 0.0, ""secondary_emotion"": null, ""all_scores"": {}}",2,pilot i advise against turning yourself over to the imc,42,"p ɪ l ɒ t ,   ɪ   æ d v ɪ s ɛ   æ g eɪ n s t   t ɜːr n ɪ ŋ   y aʊ r s ɛ l f   ɒ v ɜːr   t ɒ   θ ɛ   ɪ m c .","{""mean_pitch_hz"": 563.5, ""pitch_range_hz"": 1197.59, ""mean_energy"": 0.0687, ""energy_range"": 0.2033, ""tempo_bpm"": 126.05, ""spectral_centroid"": 2392.99, ""spectral_rolloff"": 4446.06, ""duration_seconds"": 3.44}","{""pace"": ""normal"", ""volume"": ""normal"", ""pitch_variation"": ""low"", ""is_question"": false, ""has_pilot_address"": true, ""is_protocol"": false, ""is_acknowledgment"": false}","Pilot, I advise against turning yourself over to the IMC."
BT-7274.Voicepack/bt_clips/003_Voice_pattern_analysis_indicates_they_ar.wav,"{""primary_emotion"": ""neutral"", ""primary_score"": 0.0, ""confidence"": 0.0, ""secondary_emotion"": null, ""all_scores"": {}}",3,voice pattern analysis indicates they are lying,34,v ɔɪ c ɛ   p æ t t ɜːr n   æ n æ l y s ɪ s   aɪnd ɪ c æ t ɛ s   θ eɪ   ɑːr ɛ   l y ɪ ŋ .,"{""mean_pitch_hz"": 439.83, ""pitch_range_hz"": 1212.81, ""mean_energy"": 0.0657, ""energy_range"": 0.1458, ""tempo_bpm"": 105.47, ""spectral_centroid"": 2290.31, ""spectral_rolloff"": 3927.9, ""duration_seconds"": 2.48}","{""pace"": ""normal"", ""volume"": ""normal"", ""pitch_variation"": ""low"", ""is_question"": false, ""has_pilot_address"": false, ""is_protocol"": false, ""is_acknowledgment"": false}",Voice pattern analysis indicates they are lying.
BT-7274.Voicepack/bt_clips/004_Understood_but_I_do_recommend_you.wav,"{""primary_emotion"": ""commanding"", ""primary_score"": 0.9, ""confidence"": 0.11, ""secondary_emotion"": ""neutral"", ""all_scores"": {""commanding"": 0.9, ""neutral"": 0.5}}",4,understood but i do recommend you move,31,"ʌ n d ɜːr s t uː d ,   b ʌ t   ɪ   d ɒ   r ɛ c ɒ m m ɛ n d   y aʊ   m ɒ v ɛ .","{""mean_pitch_hz"": 335.08, ""pitch_range_hz"": 1209.23, ""mean_energy"": 0.0838, ""energy_range"": 0.2361, ""tempo_bpm"": 126.05, ""spectral_centroid"": 1797.3, ""spectral_rolloff"": 3223.06, ""duration_seconds"": 2.24}","{""pace"": ""fast"", ""volume"": ""loud"", ""pitch_variation"": ""normal"", ""is_question"": false, ""has_pilot_address"": false, ""is_protocol"": false, ""is_acknowledgment"": true}","Understood, but I do recommend you move."
BT-7274.Voicepack/bt_clips/005_IMC_salvage_teams_are_not_far.wav,"{""primary_emotion"": ""neutral"", ""primary_score"": 0.0, ""confidence"": 0.0, ""secondary_emotion"": null, ""all_scores"": {}}",5,imc salvage teams are not far away,24,ɪ m c   s æ l v æ g ɛ   t iː m s   ɑːr ɛ   n ɒ t   f ɑːr   ɔː eɪ .,"{""mean_pitch_hz"": 486.45, ""pitch_range_hz"": 1062.46, ""mean_energy"": 0.0694, ""energy_range"": 0.1002, ""tempo_bpm"": 156.61, ""spectral_centroid"": 2154.93, ""spectral_rolloff"": 3605.46, ""duration_seconds"": 2.12}","{""pace"": ""normal"", ""volume"": ""normal"", ""pitch_variation"": ""low"", ""is_question"": false, ""has_pilot_address"": false, ""is_protocol"": false, ""is_acknowledgment"": false}",IMC salvage teams are not far away.
BT-7274.Voicepack/bt_clips/006_It_is_a_common_requirement_for.wav,"{""primary_emotion"": ""neutral"", ""primary_score"": 0.0, ""confidence"": 0.0, ""secondary_emotion"": null, ""all_scores"": {}}",6,it is a common requirement for pilots to maneuver in situations without a linked titan,68,ɪ t   ɪ s   æ   c ɒ m m ɒ n   r ɛ q ʌ ɪr ɛ m ɛ n t   f ɔːr   p ɪ l ɒ t s   t ɒ   m æ n ɛ ʌ v ɜːr   ɪ n   s ɪ t ʌ æ t ɪ ɒ n s   w ɪ θ aʊ t   æ   l ɪ n k ɛ d   t ɪ t æ n .,"{""mean_pitch_hz"": 634.55, ""pitch_range_hz"": 1096.71, ""mean_energy"": 0.0713, ""energy_range"": 0.1751, ""tempo_bpm"": 132.51, ""spectral_centroid"": 1924.8, ""spectral_rolloff"": 3340.96, ""duration_seconds"": 4.44}","{""pace"": ""normal"", ""volume"": ""normal"", ""pitch_variation"": ""low"", ""is_question"": false, ""has_pilot_address"": true, ""is_protocol"": false, ""is_acknowledgment"": false}",It is a common requirement for pilots to maneuver in situations without a linked Titan.
BT-7274.Voicepack/bt_clips/007_Be_careful_pilot.wav,"{""primary_emotion"": ""cautious"", ""primary_score"": 0.8, ""confidence"": 0.1, ""secondary_emotion"": ""concerned"", ""all_scores"": {""cautious"": 0.8, ""concerned"": 0.7}}",7,be careful pilot,15,"b ɛ   c ɑːr ɛ f ʌ l ,   p ɪ l ɒ t .","{""mean_pitch_hz"": 874.56, ""pitch_range_hz"": 1859.02, ""mean_energy"": 0.0651, ""energy_range"": 0.1708, ""tempo_bpm"": 107.67, ""spectral_centroid"": 1812.24, ""spectral_rolloff"": 2963.91, ""duration_seconds"": 1.0}","{""pace"": ""slow"", ""volume"": ""soft"", ""pitch_variation"": ""normal"", ""is_question"": false, ""has_pilot_address"": true, ""is_protocol"": false, ""is_acknowledgment"": false}","Be careful, pilot."
BT-7274.Voicepack/bt_clips/008_Undetermined_I_will_not_know_the.wav,"{""primary_emotion"": ""determined"", ""primary_score"": 1.6, ""confidence"": 0.2, ""secondary_emotion"": null, ""all_scores"": {""determined"": 1.6}}",8,undetermined i will not know the full extent of your brain function until we establish a neural link,77,"ʌ n d ɛ t ɜːr m ɪ n ɛ d ,   ɪ   w ɪ l l   n ɒ t   n oʊ   θ ɛ   f ʌ l l   ɛ x t ɛ n t   ɒ f   y aʊ r   b r eɪ n   f ʌ n c t ɪ ɒ n   ʌ n t ɪ l   w ɛ   ɛ s t æ b l ɪ ʃ   æ   n ɛ ɜːr æ l   l ɪ n k .","{""mean_pitch_hz"": 419.51, ""pitch_range_hz"": 971.4, ""mean_energy"": 0.0612, ""energy_range"": 0.2111, ""tempo_bpm"": 120.19, ""spectral_centroid"": 2020.71, ""spectral_rolloff"": 3540.01, ""duration_seconds"": 5.22}","{""pace"": ""normal"", ""volume"": ""normal"", ""pitch_variation"": ""low"", ""is_question"": false, ""has_pilot_address"": false, ""is_protocol"": false, ""is_acknowledgment"": false}","Undetermined, I will not know the full extent of your brain function until we establish a neural link."
BT-7274.Voicepack/bt_clips/009_This_is_the_commander_of_the.wav,"{""primary_emotion"": ""commanding"", ""primary_score"": 0.9, ""confidence"": 0.11, ""secondary_emotion"": null, ""all_scores"": {""commanding"": 0.9}}",9,this is the commander of the marauder corps a section of the militias special recon squadron or srs,74,"θ ɪ s   ɪ s   θ ɛ   c ɒ m m æ n d ɜːr   ɒ f   θ ɛ   m ɑːr ɔː d ɜːr   c ɔːr s ,   æ   s ɛ c t ɪ ɒ n   ɒ f   θ ɛ   m ɪ l ɪ t ɪ æ s   s p ɛ c ɪ æ l   r ɛ c ɒ n   s q ʌ æ d r ɒ n ,   ɔːr   s r s .","{""mean_pitch_hz"": 608.62, ""pitch_range_hz"": 1909.94, ""mean_energy"": 0.0601, ""energy_range"": 0.1875, ""tempo_bpm"": 114.84, ""spectral_centroid"": 2177.18, ""spectral_rolloff"": 3719.02, ""duration_seconds"": 6.14}","{""pace"": ""fast"", ""volume"": ""loud"", ""pitch_variation"": ""normal"", ""is_question"": false, ""has_pilot_address"": false, ""is_protocol"": false, ""is_acknowledgment"": false}","This is the commander of the Marauder Corps, a section of the Militia's Special Recon Squadron, or SRS."
BT-7274.Voicepack/bt_clips/010_Her_name_is_Sarah_Briggs.wav,"{""primary_emotion"": ""neutral"", ""primary_score"": 0.0, ""confidence"": 0.0, ""secondary_emotion"": null, ""all_scores"": {}}",10,her name is sarah briggs,19,h ɜːr   n æ m ɛ   ɪ s   s ɑːr æ h   b r ɪ g g s .,"{""mean_pitch_hz"": 410.1, ""pitch_range_hz"": 63.23, ""mean_energy"": 0.0759, ""energy_range"": 0.1302, ""tempo_bpm"": 109.96, ""spectral_centroid"": 2119.23, ""spectral_rolloff"": 3563.35, ""duration_seconds"": 1.56}","{""pace"": ""normal"", ""volume"": ""normal"", ""pitch_variation"": ""low"", ""is_question"": false, ""has_pilot_address"": false, ""is_protocol"": false, ""is_acknowledgment"": false}",Her name is Sarah Briggs.
BT-7274.Voicepack/bt_clips/011_No_scans_do_not_detect_any.wav,"{""primary_emotion"": ""neutral"", ""primary_score"": 0.0, ""confidence"": 0.0, ""secondary_emotion"": null, ""all_scores"": {}}",11,no scans do not detect any life signs within the ncs james mcallen,52,"n ɒ ,   s c æ n s   d ɒ   n ɒ t   d ɛ t ɛ c t   æ n y   l ɪ f ɛ   s aɪn s   w ɪ θ ɪ n   θ ɛ   n c s   j æ m ɛ s   m c æ l l ɛ n .","{""mean_pitch_hz"": 602.5, ""pitch_range_hz"": 1069.19, ""mean_energy"": 0.0617, ""energy_range"": 0.1835, ""tempo_bpm"": 132.51, ""spectral_centroid"": 2620.17, ""spectral_rolloff"": 4625.65, ""duration_seconds"": 4.76}","{""pace"": ""normal"", ""volume"": ""normal"", ""pitch_variation"": ""low"", ""is_question"": false, ""has_pilot_address"": false, ""is_protocol"": false, ""is_acknowledgment"": false}","No, scans do not detect any life signs within the NCS James McAllen."
BT-7274.Voicepack/bt_clips/012_But_90_of_the_lifeboats_have.wav,"{""primary_emotion"": ""neutral"", ""primary_score"": 0.0, ""confidence"": 0.0, ""secondary_emotion"": null, ""all_scores"": {}}",12,but 90 of the lifeboats have been ejected,30,b ʌ t     ɒ f   θ ɛ   l ɪ f ɛ b oʊ t s   h æ v ɛ   b iː n   ɛ j ɛ c t ɛ d .,"{""mean_pitch_hz"": 557.43, ""pitch_range_hz"": 2547.2, ""mean_energy"": 0.0594, ""energy_range"": 0.1062, ""tempo_bpm"": 126.05, ""spectral_centroid"": 2506.38, ""spectral_rolloff"": 4637.46, ""duration_seconds"": 2.58}","{""pace"": ""normal"", ""volume"": ""normal"", ""pitch_variation"": ""low"", ""is_question"": false, ""has_pilot_address"": false, ""is_protocol"": false, ""is_acknowledgment"": false}",But 90% of the lifeboats have been ejected.
BT-7274.Voicepack/bt_clips/013_There_is_still_hope.wav,"{""primary_emotion"": ""neutral"", ""primary_score"": 0.0, ""confidence"": 0.0, ""secondary_emotion"": null, ""all_scores"": {}}",13,there is still hope,15,θ ɜːr ɛ   ɪ s   s t ɪ l l   h ɒ p ɛ .,"{""mean_pitch_hz"": 626.47, ""pitch_range_hz"": 613.71, ""mean_energy"": 0.0577, ""energy_range"": 0.1339, ""tempo_bpm"": 143.55, ""spectral_centroid"": 2350.7, ""spectral_rolloff"": 3708.91, ""duration_seconds"": 1.0}","{""pace"": ""normal"", ""volume"": ""normal"", ""pitch_variation"": ""low"", ""is_question"": false, ""has_pilot_address"": false, ""is_protocol"": false, ""is_acknowledgment"": false}",There is still hope.
BT-7274.Voicepack/bt_clips/014_IMC_Titan_acquired.wav,"{""primary_emotion"": ""neutral"", ""primary_score"": 0.0, ""confidence"": 0.0, ""secondary_emotion"": null, ""all_scores"": {}}",14,imc titan acquired,16,ɪ m c   t ɪ t æ n   æ c q ʌ ɪr ɛ d .,"{""mean_pitch_hz"": 786.28, ""pitch_range_hz"": 1130.1, ""mean_energy"": 0.0836, ""energy_range"": 0.1641, ""tempo_bpm"": 152.0, ""spectral_centroid"": 2099.82, ""spectral_rolloff"": 3366.16, ""duration_seconds"": 1.28}","{""pace"": ""normal"", ""volume"": ""normal"", ""pitch_variation"": ""low"", ""is_question"": false, ""has_pilot_address"": false, ""is_protocol"": false, ""is_acknowledgment"": false}",IMC Titan acquired.
BT-7274.Voicepack/bt_clips/015_Lastimosa_hostile_Titans_inbound.wav,"{""primary_emotion"": ""neutral"", ""primary_score"": 0.0, ""confidence"": 0.0, ""secondary_emotion"": null, ""all_scores"": {}}",15,lastimosa hostile titans inbound,30,"l æ s t ɪ m ɒ s æ ,   h ɒ s t ɪ l ɛ   t ɪ t æ n s   ɪ n b aʊ n d .","{""mean_pitch_hz"": 918.96, ""pitch_range_hz"": 765.2, ""mean_energy"": 0.0744, ""energy_range"": 0.1845, ""tempo_bpm"": 109.96, ""spectral_centroid"": 2391.56, ""spectral_rolloff"": 3883.85, ""duration_seconds"": 2.28}","{""pace"": ""normal"", ""volume"": ""normal"", ""pitch_variation"": ""low"", ""is_question"": false, ""has_pilot_address"": false, ""is_protocol"": false, ""is_acknowledgment"": false}","Lastimosa, hostile Titans inbound."
BT-7274.Voicepack/bt_clips/016_Apex_Predators.wav,"{""primary_emotion"": ""neutral"", ""primary_score"": 0.0, ""confidence"": 0.0, ""secondary_emotion"": null, ""all_scores"": {}}",16,apex predators,13,æ p ɛ x   p r ɛ d æ t ɔːr s .,"{""mean_pitch_hz"": 1144.73, ""pitch_range_hz"": 1834.01, ""mean_energy"": 0.0638, ""energy_range"": 0.1147, ""tempo_bpm"": 120.19, ""spectral_centroid"": 2455.3, ""spectral_rolloff"": 3667.72, ""duration_seconds"": 0.84}","{""pace"": ""normal"", ""volume"": ""normal"", ""pitch_variation"": ""low"", ""is_question"": false, ""has_pilot_address"": false, ""is_protocol"": false, ""is_acknowledgment"": false}",Apex Predators.
BT-7274.Voicepack/bt_clips/017_Lastimosa_we_have_unmarked_Titans_inboun.wav,"{""primary_emotion"": ""neutral"", ""primary_score"": 0.0, ""confidence"": 0.0, ""secondary_emotion"": null, ""all_scores"": {}}",17,lastimosa we have unmarked titans inbound,36,"l æ s t ɪ m ɒ s æ ,   w ɛ   h æ v ɛ   ʌ n m ɑːr k ɛ d   t ɪ t æ n s   ɪ n b aʊ n d .","{""mean_pitch_hz"": 659.33, ""pitch_range_hz"": 1249.08, ""mean_energy"": 0.0755, ""energy_range"": 0.1993, ""tempo_bpm"": 101.33, ""spectral_centroid"": 1952.71, ""spectral_rolloff"": 3215.76, ""duration_seconds"": 2.52}","{""pace"": ""normal"", ""volume"": ""normal"", ""pitch_variation"": ""low"", ""is_question"": false, ""has_pilot_address"": false, ""is_protocol"": false, ""is_acknowledgment"": false}","Lastimosa, we have unmarked Titans inbound."
BT-7274.Voicepack/bt_clips/018_Lastimosa_we_have_Titans_inbound.wav,"{""primary_emotion"": ""neutral"", ""primary_score"": 0.0, ""confidence"": 0.0, ""secondary_emotion"": null, ""all_scores"": {}}",18,lastimosa we have titans inbound,29,"l æ s t ɪ m ɒ s æ ,   w ɛ   h æ v ɛ   t ɪ t æ n s   ɪ n b aʊ n d .","{""mean_pitch_hz"": 712.89, ""pitch_range_hz"": 1222.78, ""mean_energy"": 0.0731, ""energy_range"": 0.2161, ""tempo_bpm"": 120.19, ""spectral_centroid"": 1945.03, ""spectral_rolloff"": 3374.86, ""duration_seconds"": 2.0}","{""pace"": ""normal"", ""volume"": ""normal"", ""pitch_variation"": ""low"", ""is_question"": false, ""has_pilot_address"": false, ""is_protocol"": false, ""is_acknowledgment"": false}","Lastimosa, we have Titans inbound."
BT-7274.Voicepack/bt_clips/019_Apex_Predators.wav,"{""primary_emotion"": ""neutral"", ""primary_score"": 0.0, ""confidence"": 0.0, ""secondary_emotion"": null, ""all_scores"": {}}",19,apex predators,13,æ p ɛ x   p r ɛ d æ t ɔːr s .,"{""mean_pitch_hz"": 924.77, ""pitch_range_hz"": 2297.99, ""mean_energy"": 0.0418, ""energy_range"": 0.1387, ""tempo_bpm"": 184.57, ""spectral_centroid"": 2423.78, ""spectral_rolloff"": 4220.32, ""duration_seconds"": 1.32}","{""pace"": ""normal"", ""volume"": ""normal"", ""pitch_variation"": ""low"", ""is_question"": false, ""has_pilot_address"": false, ""is_protocol"": false, ""is_acknowledgment"": false}",Apex Predators.
BT-7274.Voicepack/bt_clips/020_Pilot_our_location_has_been_compromised.wav,"{""primary_emotion"": ""neutral"", ""primary_score"": 0.0, ""confidence"": 0.0, ""secondary_emotion"": null, ""all_scores"": {}}",20,pilot our location has been compromised,34,"p ɪ l ɒ t ,   aʊ r   l ɒ c æ t ɪ ɒ n   h æ s   b iː n   c ɒ m p r ɒ m ɪ s ɛ d .","{""mean_pitch_hz"": 743.97, ""pitch_range_hz"": 882.39, ""mean_energy"": 0.0778, ""energy_range"": 0.2111, ""tempo_bpm"": 95.7, ""spectral_centroid"": 2211.45, ""spectral_rolloff"": 3869.18, ""duration_seconds"": 1.94}","{""pace"": ""normal"", ""volume"": ""normal"", ""pitch_variation"": ""low"", ""is_question"": false, ""has_pilot_address"": true, ""is_protocol"": false, ""is_acknowledgment"": false}","Pilot, our location has been compromised."
BT-7274.Voicepack/bt_clips/021_Those_drones_are_IMC_scouts.wav,"{""primary_emotion"": ""neutral"", ""primary_score"": 0.0, ""confidence"": 0.0, ""secondary_emotion"": null, ""all_scores"": {}}",21,those drones are imc scouts,21,θ ɒ s ɛ   d r ɒ n ɛ s   ɑːr ɛ   ɪ m c   s c aʊ t s .,"{""mean_pitch_hz"": 572.76, ""pitch_range_hz"": 621.08, ""mean_energy"": 0.0665, ""energy_range"": 0.149, ""tempo_bpm"": 114.84, ""spectral_centroid"": 2625.03, ""spectral_rolloff"": 4397.31, ""duration_seconds"": 1.76}","{""pace"": ""normal"", ""volume"": ""normal"", ""pitch_variation"": ""low"", ""is_question"": false, ""has_pilot_address"": false, ""is_protocol"": false, ""is_acknowledgment"": false}",Those drones are IMC scouts.
BT-7274.Voicepack/bt_clips/022_Enemy_reinforcements_will_be_on_their.wav,"{""primary_emotion"": ""determined"", ""primary_score"": 0.8, ""confidence"": 0.1, ""secondary_emotion"": null, ""all_scores"": {""determined"": 0.8}}",22,enemy reinforcements will be on their way,31,ɛ n ɛ m y   r eɪ n f ɔːr c ɛ m ɛ n t s   w ɪ l l   b ɛ   ɒ n   θ eɪ r   w eɪ .,"{""mean_pitch_hz"": 958.19, ""pitch_range_hz"": 1451.95, ""mean_energy"": 0.0656, ""energy_range"": 0.1533, ""tempo_bpm"": 143.55, ""spectral_centroid"": 2344.22, ""spectral_rolloff"": 3815.57, ""duration_seconds"": 1.78}","{""pace"": ""normal"", ""volume"": ""normal"", ""pitch_variation"": ""low"", ""is_question"": false, ""has_pilot_address"": false, ""is_protocol"": false, ""is_acknowledgment"": false}",Enemy reinforcements will be on their way.
BT-7274.Voicepack/bt_clips/023_We_must_complete_the_neural_link.wav,"{""primary_emotion"": ""urgent"", ""primary_score"": 1.0, ""confidence"": 0.12, ""secondary_emotion"": ""determined"", ""all_scores"": {""urgent"": 1.0, ""determined"": 0.8}}",23,we must complete the neural link immediately,37,w ɛ   m ʌ s t   c ɒ m p l ɛ t ɛ   θ ɛ   n ɛ ɜːr æ l   l ɪ n k   ɪ m m ɛ d ɪ æ t ɛ l y .,"{""mean_pitch_hz"": 419.95, ""pitch_range_hz"": 1875.62, ""mean_energy"": 0.0733, ""energy_range"": 0.1461, ""tempo_bpm"": 139.67, ""spectral_centroid"": 2074.65, ""spectral_rolloff"": 3789.97, ""duration_seconds"": 1.94}","{""pace"": ""fast"", ""volume"": ""loud"", ""pitch_variation"": ""normal"", ""is_question"": false, ""has_pilot_address"": false, ""is_protocol"": false, ""is_acknowledgment"": false}",We must complete the neural link immediately.
BT-7274.Voicepack/bt_clips/024_Please_install_the_final_battery.wav,"{""primary_emotion"": ""neutral"", ""primary_score"": 0.0, ""confidence"": 0.0, ""secondary_emotion"": null, ""all_scores"": {}}",24,please install the final battery,26,p l iː s ɛ   ɪ n s t æ l l   θ ɛ   f ɪ n æ l   b æ t t ɜːr y .,"{""mean_pitch_hz"": 515.61, ""pitch_range_hz"": 674.15, ""mean_energy"": 0.0777, ""energy_range"": 0.1608, ""tempo_bpm"": 136.0, ""spectral_centroid"": 2480.38, ""spectral_rolloff"": 4209.74, ""duration_seconds"": 1.48}","{""pace"": ""normal"", ""volume"": ""normal"", ""pitch_variation"": ""low"", ""is_question"": false, ""has_pilot_address"": false, ""is_protocol"": false, ""is_acknowledgment"": false}",Please install the final battery.
BT-7274.Voicepack/bt_clips/025_Are_you_alright_pilot.wav,"{""primary_emotion"": ""questioning"", ""primary_score"": 0.6, ""confidence"": 0.07, ""secondary_emotion"": null, ""all_scores"": {""questioning"": 0.6}}",25,are you alright pilot,16,"ɑːr ɛ   y aʊ   æ l r aɪ t ,   p ɪ l ɒ t ?","{""mean_pitch_hz"": 781.2, ""pitch_range_hz"": 1077.28, ""mean_energy"": 0.0832, ""energy_range"": 0.1896, ""tempo_bpm"": 136.0, ""spectral_centroid"": 1256.18, ""spectral_rolloff"": 1850.56, ""duration_seconds"": 0.96}","{""pace"": ""normal"", ""volume"": ""normal"", ""pitch_variation"": ""high"", ""is_question"": true, ""has_pilot_address"": true, ""is_protocol"": false, ""is_acknowledgment"": false}","Are you alright, pilot?"
BT-7274.Voicepack/bt_clips/026_Yes.wav,"{""primary_emotion"": ""neutral"", ""primary_score"": 0.0, ""confidence"": 0.0, ""secondary_emotion"": null, ""all_scores"": {}}",26,yes,4,y ɛ s .,"{""mean_pitch_hz"": 394.78, ""pitch_range_hz"": 64.73, ""mean_energy"": 0.0773, ""energy_range"": 0.1746, ""tempo_bpm"": 215.33, ""spectral_centroid"": 2648.3, ""spectral_rolloff"": 4473.98, ""duration_seconds"": 0.4}","{""pace"": ""normal"", ""volume"": ""normal"", ""pitch_variation"": ""low"", ""is_question"": false, ""has_pilot_address"": false, ""is_protocol"": false, ""is_acknowledgment"": false}",Yes.
BT-7274.Voicepack/bt_clips/027_The_late_Captain_Lastimosa_gave_you.wav,"{""primary_emotion"": ""neutral"", ""primary_score"": 0.0, ""confidence"": 0.0, ""secondary_emotion"": null, ""all_scores"": {}}",27,the late captain lastimosa gave you the provisional rank of acting pilot,57,θ ɛ   l æ t ɛ   c æ p t eɪ n   l æ s t ɪ m ɒ s æ   g æ v ɛ   y aʊ   θ ɛ   p r ɒ v ɪ s ɪ ɒ n æ l   r æ n k   ɒ f   æ c t ɪ ŋ   p ɪ l ɒ t .,"{""mean_pitch_hz"": 975.07, ""pitch_range_hz"": 372.13, ""mean_energy"": 0.078, ""energy_range"": 0.2139, ""tempo_bpm"": 152.0, ""spectral_centroid"": 1914.48, ""spectral_rolloff"": 3389.22, ""duration_seconds"": 3.76}","{""pace"": ""normal"", ""volume"": ""normal"", ""pitch_variation"": ""low"", ""is_question"": false, ""has_pilot_address"": true, ""is_protocol"": false, ""is_acknowledgment"": false}",The late Captain Lastimosa gave you the provisional rank of acting pilot.
BT-7274.Voicepack/bt_clips/028_Congratulations_on_your_promotion.wav,"{""primary_emotion"": ""positive"", ""primary_score"": 0.9, ""confidence"": 0.11, ""secondary_emotion"": null, ""all_scores"": {""positive"": 0.9}}",28,congratulations on your promotion,29,c ɒ ŋ r æ t ʌ l æ t ɪ ɒ n s   ɒ n   y aʊ r   p r ɒ m ɒ t ɪ ɒ n .,"{""mean_pitch_hz"": 512.22, ""pitch_range_hz"": 878.78, ""mean_energy"": 0.0883, ""energy_range"": 0.1564, ""tempo_bpm"": 147.66, ""spectral_centroid"": 1819.85, ""spectral_rolloff"": 3219.92, ""duration_seconds"": 1.58}","{""pace"": ""normal"", ""volume"": ""loud"", ""pitch_variation"": ""normal"", ""is_question"": false, ""has_pilot_address"": false, ""is_protocol"": false, ""is_acknowledgment"": false}",Congratulations on your promotion.
BT-7274.Voicepack/bt_clips/029_You_may_call_me_BT.wav,"{""primary_emotion"": ""neutral"", ""primary_score"": 0.0, ""confidence"": 0.0, ""secondary_emotion"": null, ""all_scores"": {}}",29,you may call me bt,13,y aʊ   m eɪ   c æ l l   m ɛ   b t .,"{""mean_pitch_hz"": 329.3, ""pitch_range_hz"": 860.31, ""mean_energy"": 0.0937, ""energy_range"": 0.1949, ""tempo_bpm"": 97.51, ""spectral_centroid"": 1651.33, ""spectral_rolloff"": 2792.76, ""duration_seconds"": 1.06}","{""pace"": ""normal"", ""volume"": ""normal"", ""pitch_variation"": ""low"", ""is_question"": false, ""has_pilot_address"": false, ""is_protocol"": false, ""is_acknowledgment"": false}",You may call me BT.
BT-7274.Voicepack/bt_clips/030_I_am_BT-7274.wav,"{""primary_emotion"": ""neutral"", ""primary_score"": 0.0, ""confidence"": 0.0, ""secondary_emotion"": null, ""all_scores"": {}}",30,i am bt7274,6,ɪ   æ m   b t .,"{""mean_pitch_hz"": 193.25, ""pitch_range_hz"": 6.52, ""mean_energy"": 0.0939, ""energy_range"": 0.3333, ""tempo_bpm"": 109.96, ""spectral_centroid"": 2419.18, ""spectral_rolloff"": 4586.45, ""duration_seconds"": 2.0}","{""pace"": ""normal"", ""volume"": ""normal"", ""pitch_variation"": ""low"", ""is_question"": false, ""has_pilot_address"": false, ""is_protocol"": false, ""is_acknowledgment"": false}",I am BT-7274.
BT-7274.Voicepack/bt_clips/031_A_Vanguard_Class_Titan_of_the.wav,"{""primary_emotion"": ""neutral"", ""primary_score"": 0.0, ""confidence"": 0.0, ""secondary_emotion"": null, ""all_scores"": {}}",31,a vanguard class titan of the militia srs marauder corps,40,æ   v æ ŋ ʌ ɑːr d   c l æ s s   t ɪ t æ n   ɒ f   θ ɛ   m ɪ l ɪ t ɪ æ   s r s   m ɑːr ɔː d ɜːr   c ɔːr s .,"{""mean_pitch_hz"": 857.75, ""pitch_range_hz"": 599.77, ""mean_energy"": 0.0885, ""energy_range"": 0.2586, ""tempo_bpm"": 129.2, ""spectral_centroid"": 1886.04, ""spectral_rolloff"": 3030.54, ""duration_seconds"": 3.58}","{""pace"": ""normal"", ""volume"": ""normal"", ""pitch_variation"": ""low"", ""is_question"": false, ""has_pilot_address"": false, ""is_protocol"": false, ""is_acknowledgment"": false}",A Vanguard Class Titan of the Militia SRS Marauder Corps.
BT-7274.Voicepack/bt_clips/032_You_may_call_me_BT.wav,"{""primary_emotion"": ""neutral"", ""primary_score"": 0.0, ""confidence"": 0.0, ""secondary_emotion"": null, ""all_scores"": {}}",32,you may call me bt,13,y aʊ   m eɪ   c æ l l   m ɛ   b t .,"{""mean_pitch_hz"": 337.13, ""pitch_range_hz"": 928.36, ""mean_energy"": 0.0894, ""energy_range"": 0.1628, ""tempo_bpm"": 147.66, ""spectral_centroid"": 1851.86, ""spectral_rolloff"": 3811.38, ""duration_seconds"": 1.04}","{""pace"": ""normal"", ""volume"": ""normal"", ""pitch_variation"": ""low"", ""is_question"": false, ""has_pilot_address"": false, ""is_protocol"": false, ""is_acknowledgment"": false}",You may call me BT.
BT-7274.Voicepack/bt_clips/033_Protocol_1.wav,"{""primary_emotion"": ""determined"", ""primary_score"": 0.8, ""confidence"": 0.1, ""secondary_emotion"": null, ""all_scores"": {""determined"": 0.8}}",33,protocol 1,9,p r ɒ t ɒ c ɒ l   .,"{""mean_pitch_hz"": 497.08, ""pitch_range_hz"": 797.84, ""mean_energy"": 0.1488, ""energy_range"": 0.3315, ""tempo_bpm"": 120.19, ""spectral_centroid"": 1234.06, ""spectral_rolloff"": 1854.51, ""duration_seconds"": 0.84}","{""pace"": ""normal"", ""volume"": ""normal"", ""pitch_variation"": ""low"", ""is_question"": false, ""has_pilot_address"": false, ""is_protocol"": true, ""is_acknowledgment"": false}",Protocol 1.
BT-7274.Voicepack/bt_clips/034_Link_to_pilot.wav,"{""primary_emotion"": ""neutral"", ""primary_score"": 0.0, ""confidence"": 0.0, ""secondary_emotion"": null, ""all_scores"": {}}",34,link to pilot,12,l ɪ n k   t ɒ   p ɪ l ɒ t .,"{""mean_pitch_hz"": 743.77, ""pitch_range_hz"": 991.75, ""mean_energy"": 0.0862, ""energy_range"": 0.1463, ""tempo_bpm"": 161.5, ""spectral_centroid"": 1793.21, ""spectral_rolloff"": 3254.36, ""duration_seconds"": 0.78}","{""pace"": ""normal"", ""volume"": ""normal"", ""pitch_variation"": ""low"", ""is_question"": false, ""has_pilot_address"": true, ""is_protocol"": false, ""is_acknowledgment"": false}",Link to pilot.
BT-7274.Voicepack/bt_clips/035_Neural_link_established.wav,"{""primary_emotion"": ""neutral"", ""primary_score"": 0.0, ""confidence"": 0.0, ""secondary_emotion"": null, ""all_scores"": {}}",35,neural link established,20,n ɛ ɜːr æ l   l ɪ n k   ɛ s t æ b l ɪ ʃ ɛ d .,"{""mean_pitch_hz"": 432.39, ""pitch_range_hz"": 933.37, ""mean_energy"": 0.1071, ""energy_range"": 0.2135, ""tempo_bpm"": 101.33, ""spectral_centroid"": 1928.86, ""spectral_rolloff"": 3395.32, ""duration_seconds"": 1.3}","{""pace"": ""normal"", ""volume"": ""normal"", ""pitch_variation"": ""low"", ""is_question"": false, ""has_pilot_address"": false, ""is_protocol"": false, ""is_acknowledgment"": false}",Neural link established.
BT-7274.Voicepack/bt_clips/036_Rifleman_Jack_Cooper.wav,"{""primary_emotion"": ""neutral"", ""primary_score"": 0.0, ""confidence"": 0.0, ""secondary_emotion"": null, ""all_scores"": {}}",36,rifleman jack cooper,16,r ɪ f l ɛ m æ n   j æ k   c uː p ɜːr .,"{""mean_pitch_hz"": 214.48, ""pitch_range_hz"": 209.82, ""mean_energy"": 0.1109, ""energy_range"": 0.2308, ""tempo_bpm"": 132.51, ""spectral_centroid"": 1643.03, ""spectral_rolloff"": 2863.45, ""duration_seconds"": 1.06}","{""pace"": ""normal"", ""volume"": ""normal"", ""pitch_variation"": ""low"", ""is_question"": false, ""has_pilot_address"": false, ""is_protocol"": false, ""is_acknowledgment"": false}",Rifleman Jack Cooper.
BT-7274.Voicepack/bt_clips/037_You_are_now_confirmed_as_acting.wav,"{""primary_emotion"": ""neutral"", ""primary_score"": 0.0, ""confidence"": 0.0, ""secondary_emotion"": null, ""all_scores"": {}}",37,you are now confirmed as acting pilot of bt7274,31,y aʊ   ɑːr ɛ   n oʊ   c ɒ n f ɪr m ɛ d   æ s   æ c t ɪ ŋ   p ɪ l ɒ t   ɒ f   b t .,"{""mean_pitch_hz"": 478.17, ""pitch_range_hz"": 1166.15, ""mean_energy"": 0.0831, ""energy_range"": 0.2039, ""tempo_bpm"": 105.47, ""spectral_centroid"": 1972.15, ""spectral_rolloff"": 3439.13, ""duration_seconds"": 4.0}","{""pace"": ""normal"", ""volume"": ""normal"", ""pitch_variation"": ""low"", ""is_question"": false, ""has_pilot_address"": true, ""is_protocol"": false, ""is_acknowledgment"": false}",You are now confirmed as acting pilot of BT-7274.
BT-7274.Voicepack/bt_clips/038_Protocol_2.wav,"{""primary_emotion"": ""determined"", ""primary_score"": 0.8, ""confidence"": 0.1, ""secondary_emotion"": null, ""all_scores"": {""determined"": 0.8}}",38,protocol 2,9,p r ɒ t ɒ c ɒ l   .,"{""mean_pitch_hz"": 850.55, ""pitch_range_hz"": 788.53, ""mean_energy"": 0.1103, ""energy_range"": 0.165, ""tempo_bpm"": 120.19, ""spectral_centroid"": 1538.91, ""spectral_rolloff"": 2533.84, ""duration_seconds"": 0.84}","{""pace"": ""normal"", ""volume"": ""normal"", ""pitch_variation"": ""low"", ""is_question"": false, ""has_pilot_address"": false, ""is_protocol"": true, ""is_acknowledgment"": false}",Protocol 2.
BT-7274.Voicepack/bt_clips/039_Uphold_the_mission.wav,"{""primary_emotion"": ""determined"", ""primary_score"": 0.8, ""confidence"": 0.1, ""secondary_emotion"": null, ""all_scores"": {""determined"": 0.8}}",39,uphold the mission,15,ʌ f ɒ l d   θ ɛ   m ɪ s s ɪ ɒ n .,"{""mean_pitch_hz"": 990.02, ""pitch_range_hz"": 1268.75, ""mean_energy"": 0.0967, ""energy_range"": 0.1888, ""tempo_bpm"": 136.0, ""spectral_centroid"": 1609.61, ""spectral_rolloff"": 2695.33, ""duration_seconds"": 0.88}","{""pace"": ""normal"", ""volume"": ""normal"", ""pitch_variation"": ""low"", ""is_question"": false, ""has_pilot_address"": false, ""is_protocol"": false, ""is_acknowledgment"": false}",Uphold the mission.
BT-7274.Voicepack/bt_clips/040_Our_orders_are_to_resume_Special.wav,"{""primary_emotion"": ""commanding"", ""primary_score"": 0.9, ""confidence"": 0.11, ""secondary_emotion"": null, ""all_scores"": {""commanding"": 0.9}}",40,our orders are to resume special operation 217,32,aʊ r   ɔːr d ɜːr s   ɑːr ɛ   t ɒ   r ɛ s ʌ m ɛ   s p ɛ c ɪ æ l   ɒ p ɜːr æ t ɪ ɒ n   .,"{""mean_pitch_hz"": 587.53, ""pitch_range_hz"": 1190.38, ""mean_energy"": 0.0805, ""energy_range"": 0.1808, ""tempo_bpm"": 105.47, ""spectral_centroid"": 1749.23, ""spectral_rolloff"": 2884.13, ""duration_seconds"": 3.4}","{""pace"": ""fast"", ""volume"": ""loud"", ""pitch_variation"": ""normal"", ""is_question"": false, ""has_pilot_address"": false, ""is_protocol"": false, ""is_acknowledgment"": false}",Our orders are to resume Special Operation 217.
BT-7274.Voicepack/bt_clips/041_Protocol_3.wav,"{""primary_emotion"": ""determined"", ""primary_score"": 0.8, ""confidence"": 0.1, ""secondary_emotion"": null, ""all_scores"": {""determined"": 0.8}}",41,protocol 3,9,p r ɒ t ɒ c ɒ l   .,"{""mean_pitch_hz"": 382.98, ""pitch_range_hz"": 250.66, ""mean_energy"": 0.0987, ""energy_range"": 0.2327, ""tempo_bpm"": 152.0, ""spectral_centroid"": 1843.63, ""spectral_rolloff"": 3224.6, ""duration_seconds"": 0.88}","{""pace"": ""normal"", ""volume"": ""normal"", ""pitch_variation"": ""low"", ""is_question"": false, ""has_pilot_address"": false, ""is_protocol"": true, ""is_acknowledgment"": false}",Protocol 3.
BT-7274.Voicepack/bt_clips/042_Protect_the_pilot.wav,"{""primary_emotion"": ""concerned"", ""primary_score"": 0.7, ""confidence"": 0.09, ""secondary_emotion"": null, ""all_scores"": {""concerned"": 0.7}}",42,protect the pilot,15,p r ɒ t ɛ c t   θ ɛ   p ɪ l ɒ t .,"{""mean_pitch_hz"": 794.96, ""pitch_range_hz"": 1373.48, ""mean_energy"": 0.0655, ""energy_range"": 0.2135, ""tempo_bpm"": 136.0, ""spectral_centroid"": 2053.97, ""spectral_rolloff"": 3937.6, ""duration_seconds"": 1.42}","{""pace"": ""slow"", ""volume"": ""soft"", ""pitch_variation"": ""high"", ""is_question"": false, ""has_pilot_address"": true, ""is_protocol"": false, ""is_acknowledgment"": false}",Protect the pilot.
BT-7274.Voicepack/bt_clips/043_I_will_support_you_in_the.wav,"{""primary_emotion"": ""determined"", ""primary_score"": 1.6, ""confidence"": 0.2, ""secondary_emotion"": null, ""all_scores"": {""determined"": 1.6}}",43,i will support you in the pursuit of valid mission objectives,48,ɪ   w ɪ l l   s ʌ p p ɔːr t   y aʊ   ɪ n   θ ɛ   p ɜːr s ʌ ɪ t   ɒ f   v æ l ɪ d   m ɪ s s ɪ ɒ n   ɒ b j ɛ c t ɪ v ɛ s .,"{""mean_pitch_hz"": 316.68, ""pitch_range_hz"": 290.2, ""mean_energy"": 0.0617, ""energy_range"": 0.1412, ""tempo_bpm"": 147.66, ""spectral_centroid"": 2059.96, ""spectral_rolloff"": 3552.22, ""duration_seconds"": 2.98}","{""pace"": ""normal"", ""volume"": ""normal"", ""pitch_variation"": ""low"", ""is_question"": false, ""has_pilot_address"": false, ""is_protocol"": false, ""is_acknowledgment"": false}",I will support you in the pursuit of valid mission objectives.
BT-7274.Voicepack/bt_clips/044_Ready_to_proceed.wav,"{""primary_emotion"": ""commanding"", ""primary_score"": 0.9, ""confidence"": 0.11, ""secondary_emotion"": null, ""all_scores"": {""commanding"": 0.9}}",44,ready to proceed,13,r iː d y   t ɒ   p r ɒ c iː d .,"{""mean_pitch_hz"": 367.79, ""pitch_range_hz"": 1565.84, ""mean_energy"": 0.0644, ""energy_range"": 0.086, ""tempo_bpm"": 147.66, ""spectral_centroid"": 2519.35, ""spectral_rolloff"": 5058.6, ""duration_seconds"": 0.88}","{""pace"": ""fast"", ""volume"": ""loud"", ""pitch_variation"": ""normal"", ""is_question"": false, ""has_pilot_address"": false, ""is_protocol"": false, ""is_acknowledgment"": false}",Ready to proceed.
BT-7274.Voicepack/bt_clips/045_Our_orders_are_to_resume_Special.wav,"{""primary_emotion"": ""commanding"", ""primary_score"": 0.9, ""confidence"": 0.11, ""secondary_emotion"": null, ""all_scores"": {""commanding"": 0.9}}",45,our orders are to resume special operation 217,32,aʊ r   ɔːr d ɜːr s   ɑːr ɛ   t ɒ   r ɛ s ʌ m ɛ   s p ɛ c ɪ æ l   ɒ p ɜːr æ t ɪ ɒ n   .,"{""mean_pitch_hz"": 589.41, ""pitch_range_hz"": 1189.62, ""mean_energy"": 0.0781, ""energy_range"": 0.1704, ""tempo_bpm"": 107.67, ""spectral_centroid"": 1732.42, ""spectral_rolloff"": 2854.06, ""duration_seconds"": 3.42}","{""pace"": ""fast"", ""volume"": ""loud"", ""pitch_variation"": ""normal"", ""is_question"": false, ""has_pilot_address"": false, ""is_protocol"": false, ""is_acknowledgment"": false}",Our orders are to resume Special Operation 217.
BT-7274.Voicepack/bt_clips/046_Rendezvous_with_Major_Anderson_of_the.wav,"{""primary_emotion"": ""neutral"", ""primary_score"": 0.0, ""confidence"": 0.0, ""secondary_emotion"": null, ""all_scores"": {}}",46,rendezvous with major anderson of the srs,31,r ɛ n d ɛ z v aʊ s   w ɪ θ   m æ j ɔːr   æ n d ɜːr s ɒ n   ɒ f   θ ɛ   s r s .,"{""mean_pitch_hz"": 394.21, ""pitch_range_hz"": 1951.82, ""mean_energy"": 0.0783, ""energy_range"": 0.1182, ""tempo_bpm"": 126.05, ""spectral_centroid"": 2077.59, ""spectral_rolloff"": 3601.9, ""duration_seconds"": 2.64}","{""pace"": ""normal"", ""volume"": ""normal"", ""pitch_variation"": ""low"", ""is_question"": false, ""has_pilot_address"": false, ""is_protocol"": false, ""is_acknowledgment"": false}",Rendezvous with Major Anderson of the SRS.
BT-7274.Voicepack/bt_clips/047_Anderson_is_a_member_of_the.wav,"{""primary_emotion"": ""neutral"", ""primary_score"": 0.0, ""confidence"": 0.0, ""secondary_emotion"": null, ""all_scores"": {}}",47,anderson is a member of the srs the special reconnaissance squadron,54,"æ n d ɜːr s ɒ n   ɪ s   æ   m ɛ m b ɜːr   ɒ f   θ ɛ   s r s ,   θ ɛ   s p ɛ c ɪ æ l   r ɛ c ɒ n n eɪ s s æ n c ɛ   s q ʌ æ d r ɒ n .","{""mean_pitch_hz"": 629.52, ""pitch_range_hz"": 1261.8, ""mean_energy"": 0.0861, ""energy_range"": 0.2185, ""tempo_bpm"": 107.67, ""spectral_centroid"": 2382.18, ""spectral_rolloff"": 4052.19, ""duration_seconds"": 3.92}","{""pace"": ""normal"", ""volume"": ""normal"", ""pitch_variation"": ""low"", ""is_question"": false, ""has_pilot_address"": false, ""is_protocol"": false, ""is_acknowledgment"": false}","Anderson is a member of the SRS, the Special Reconnaissance Squadron."
BT-7274.Voicepack/bt_clips/048_The_unit_was_created_to_perform.wav,"{""primary_emotion"": ""neutral"", ""primary_score"": 0.0, ""confidence"": 0.0, ""secondary_emotion"": null, ""all_scores"": {}}",48,the unit was created to perform direct action raids on imc installations,56,θ ɛ   ʌ n ɪ t   w æ s   c r iː t ɛ d   t ɒ   p ɜːr f ɔːr m   d ɪr ɛ c t   æ c t ɪ ɒ n   r eɪ d s   ɒ n   ɪ m c   ɪ n s t æ l l æ t ɪ ɒ n s .,"{""mean_pitch_hz"": 666.61, ""pitch_range_hz"": 1538.36, ""mean_energy"": 0.076, ""energy_range"": 0.2505, ""tempo_bpm"": 132.51, ""spectral_centroid"": 1982.13, ""spectral_rolloff"": 3390.14, ""duration_seconds"": 4.1}","{""pace"": ""normal"", ""volume"": ""normal"", ""pitch_variation"": ""low"", ""is_question"": false, ""has_pilot_address"": false, ""is_protocol"": false, ""is_acknowledgment"": false}",The unit was created to perform direct action raids on IMC installations.
BT-7274.Voicepack/bt_clips/049_Detailed_access_is_restricted.wav,"{""primary_emotion"": ""neutral"", ""primary_score"": 0.0, ""confidence"": 0.0, ""secondary_emotion"": null, ""all_scores"": {}}",49,detailed access is restricted,26,d ɛ t eɪ l ɛ d   æ c c ɛ s s   ɪ s   r ɛ s t r ɪ c t ɛ d .,"{""mean_pitch_hz"": 295.77, ""pitch_range_hz"": 334.29, ""mean_energy"": 0.0871, ""energy_range"": 0.218, ""tempo_bpm"": 139.67, ""spectral_centroid"": 2771.29, ""spectral_rolloff"": 4799.32, ""duration_seconds"": 1.44}","{""pace"": ""normal"", ""volume"": ""normal"", ""pitch_variation"": ""low"", ""is_question"": false, ""has_pilot_address"": false, ""is_protocol"": false, ""is_acknowledgment"": false}",Detailed access is restricted.
BT-7274.Voicepack/bt_clips/050_Major_Andersons_authorization_is_require.wav,"{""primary_emotion"": ""neutral"", ""primary_score"": 0.0, ""confidence"": 0.0, ""secondary_emotion"": null, ""all_scores"": {}}",50,major andersons authorization is required,32,m æ j ɔːr   æ n d ɜːr s ɒ n s   ɔː θ ɔːr ɪ z æ t ɪ ɒ n   ɪ s   r ɛ q ʌ ɪr ɛ d .,"{""mean_pitch_hz"": 702.47, ""pitch_range_hz"": 2526.46, ""mean_energy"": 0.0875, ""energy_range"": 0.1585, ""tempo_bpm"": 129.2, ""spectral_centroid"": 2088.88, ""spectral_rolloff"": 3700.74, ""duration_seconds"": 2.02}","{""pace"": ""normal"", ""volume"": ""normal"", ""pitch_variation"": ""low"", ""is_question"": false, ""has_pilot_address"": false, ""is_protocol"": false, ""is_acknowledgment"": false}",Major Anderson's authorization is required.
BT-7274.Voicepack/bt_clips/051_Our_orders_were_to_rendezvous_with.wav,"{""primary_emotion"": ""commanding"", ""primary_score"": 0.9, ""confidence"": 0.11, ""secondary_emotion"": null, ""all_scores"": {""commanding"": 0.9}}",51,our orders were to rendezvous with him posttitanfall,40,aʊ r   ɔːr d ɜːr s   w ɜːr ɛ   t ɒ   r ɛ n d ɛ z v aʊ s   w ɪ θ   h ɪ m   p ɒ s t t ɪ t æ n f æ l l .,"{""mean_pitch_hz"": 578.76, ""pitch_range_hz"": 923.67, ""mean_energy"": 0.0655, ""energy_range"": 0.2346, ""tempo_bpm"": 86.13, ""spectral_centroid"": 1752.07, ""spectral_rolloff"": 2978.06, ""duration_seconds"": 3.58}","{""pace"": ""fast"", ""volume"": ""loud"", ""pitch_variation"": ""normal"", ""is_question"": false, ""has_pilot_address"": false, ""is_protocol"": false, ""is_acknowledgment"": false}",Our orders were to rendezvous with him post-Titanfall.
BT-7274.Voicepack/bt_clips/052_The_rendezvous_point_is_106_clicks.wav,"{""primary_emotion"": ""neutral"", ""primary_score"": 0.0, ""confidence"": 0.0, ""secondary_emotion"": null, ""all_scores"": {}}",52,the rendezvous point is 106 clicks northeast of our current position,47,θ ɛ   r ɛ n d ɛ z v aʊ s   p ɔɪ n t   ɪ s     c l ɪ k s   n ɔːr θ iː s t   ɒ f   aʊ r   c ɜːr r ɛ n t   p ɒ s ɪ t ɪ ɒ n .,"{""mean_pitch_hz"": 500.69, ""pitch_range_hz"": 1007.94, ""mean_energy"": 0.0888, ""energy_range"": 0.2217, ""tempo_bpm"": 129.2, ""spectral_centroid"": 1985.14, ""spectral_rolloff"": 3365.79, ""duration_seconds"": 4.08}","{""pace"": ""normal"", ""volume"": ""normal"", ""pitch_variation"": ""low"", ""is_question"": false, ""has_pilot_address"": false, ""is_protocol"": false, ""is_acknowledgment"": false}",The rendezvous point is 106 clicks northeast of our current position.
BT-7274.Voicepack/bt_clips/053_Prediction.wav,"{""primary_emotion"": ""neutral"", ""primary_score"": 0.0, ""confidence"": 0.0, ""secondary_emotion"": null, ""all_scores"": {}}",53,prediction,11,p r ɛ d ɪ c t ɪ ɒ n .,"{""mean_pitch_hz"": 399.64, ""pitch_range_hz"": 1473.43, ""mean_energy"": 0.0932, ""energy_range"": 0.1578, ""tempo_bpm"": 246.09, ""spectral_centroid"": 1839.65, ""spectral_rolloff"": 3028.25, ""duration_seconds"": 0.44}","{""pace"": ""normal"", ""volume"": ""normal"", ""pitch_variation"": ""low"", ""is_question"": false, ""has_pilot_address"": false, ""is_protocol"": false, ""is_acknowledgment"": false}",Prediction.
BT-7274.Voicepack/bt_clips/054_A_substantial_IMC_presence_lies_along.wav,"{""primary_emotion"": ""neutral"", ""primary_score"": 0.0, ""confidence"": 0.0, ""secondary_emotion"": null, ""all_scores"": {}}",54,a substantial imc presence lies along our route,37,æ   s ʌ b s t æ n t ɪ æ l   ɪ m c   p r ɛ s ɛ n c ɛ   l iː s   æ l ɒ ŋ   aʊ r   r aʊ t ɛ .,"{""mean_pitch_hz"": 273.91, ""pitch_range_hz"": 1044.82, ""mean_energy"": 0.0803, ""energy_range"": 0.189, ""tempo_bpm"": 112.35, ""spectral_centroid"": 2093.24, ""spectral_rolloff"": 3529.72, ""duration_seconds"": 2.88}","{""pace"": ""normal"", ""volume"": ""normal"", ""pitch_variation"": ""low"", ""is_question"": false, ""has_pilot_address"": false, ""is_protocol"": false, ""is_acknowledgment"": false}",A substantial IMC presence lies along our route.
BT-7274.Voicepack/bt_clips/055_This_would_violate_Protocol_2.wav,"{""primary_emotion"": ""determined"", ""primary_score"": 0.8, ""confidence"": 0.1, ""secondary_emotion"": null, ""all_scores"": {""determined"": 0.8}}",55,this would violate protocol 2,23,θ ɪ s   w aʊ l d   v ɪ ɒ l æ t ɛ   p r ɒ t ɒ c ɒ l   .,"{""mean_pitch_hz"": 669.66, ""pitch_range_hz"": 752.31, ""mean_energy"": 0.108, ""energy_range"": 0.2898, ""tempo_bpm"": 129.2, ""spectral_centroid"": 1917.95, ""spectral_rolloff"": 3476.1, ""duration_seconds"": 1.64}","{""pace"": ""normal"", ""volume"": ""normal"", ""pitch_variation"": ""low"", ""is_question"": false, ""has_pilot_address"": false, ""is_protocol"": false, ""is_acknowledgment"": false}",This would violate Protocol 2.
BT-7274.Voicepack/bt_clips/056_We_are_a_Pilot_Titan_Unified.wav,"{""primary_emotion"": ""neutral"", ""primary_score"": 0.0, ""confidence"": 0.0, ""secondary_emotion"": null, ""all_scores"": {}}",56,we are a pilot titan unified combat system,34,w ɛ   ɑːr ɛ   æ   p ɪ l ɒ t   t ɪ t æ n   ʌ n ɪ f iː d   c ɒ m b æ t   s y s t ɛ m .,"{""mean_pitch_hz"": 555.5, ""pitch_range_hz"": 1165.88, ""mean_energy"": 0.0903, ""energy_range"": 0.1917, ""tempo_bpm"": 152.0, ""spectral_centroid"": 1983.32, ""spectral_rolloff"": 3423.48, ""duration_seconds"": 2.54}","{""pace"": ""normal"", ""volume"": ""normal"", ""pitch_variation"": ""low"", ""is_question"": false, ""has_pilot_address"": true, ""is_protocol"": false, ""is_acknowledgment"": false}",We are a Pilot Titan Unified Combat System.
BT-7274.Voicepack/bt_clips/057_Our_orders_are_to_rendezvous_with.wav,"{""primary_emotion"": ""commanding"", ""primary_score"": 0.9, ""confidence"": 0.11, ""secondary_emotion"": null, ""all_scores"": {""commanding"": 0.9}}",57,our orders are to rendezvous with major anderson,34,aʊ r   ɔːr d ɜːr s   ɑːr ɛ   t ɒ   r ɛ n d ɛ z v aʊ s   w ɪ θ   m æ j ɔːr   æ n d ɜːr s ɒ n .,"{""mean_pitch_hz"": 688.48, ""pitch_range_hz"": 2048.96, ""mean_energy"": 0.0833, ""energy_range"": 0.1513, ""tempo_bpm"": 117.45, ""spectral_centroid"": 1804.56, ""spectral_rolloff"": 3052.61, ""duration_seconds"": 2.2}","{""pace"": ""fast"", ""volume"": ""loud"", ""pitch_variation"": ""normal"", ""is_question"": false, ""has_pilot_address"": false, ""is_protocol"": false, ""is_acknowledgment"": false}",Our orders are to rendezvous with Major Anderson.
BT-7274.Voicepack/bt_clips/058_Yes.wav,"{""primary_emotion"": ""neutral"", ""primary_score"": 0.0, ""confidence"": 0.0, ""secondary_emotion"": null, ""all_scores"": {}}",58,yes,4,y ɛ s .,"{""mean_pitch_hz"": 498.88, ""pitch_range_hz"": 155.2, ""mean_energy"": 0.0828, ""energy_range"": 0.1322, ""tempo_bpm"": 136.0, ""spectral_centroid"": 2786.04, ""spectral_rolloff"": 4401.39, ""duration_seconds"": 0.34}","{""pace"": ""normal"", ""volume"": ""normal"", ""pitch_variation"": ""low"", ""is_question"": false, ""has_pilot_address"": false, ""is_protocol"": false, ""is_acknowledgment"": false}",Yes.
BT-7274.Voicepack/bt_clips/059_I_have_taken_significant_damage_but.wav,"{""primary_emotion"": ""neutral"", ""primary_score"": 0.0, ""confidence"": 0.0, ""secondary_emotion"": null, ""all_scores"": {}}",59,i have taken significant damage but my data core is intact,47,"ɪ   h æ v ɛ   t æ k ɛ n   s aɪn ɪ f ɪ c æ n t   d æ m æ g ɛ ,   b ʌ t   m y   d æ t æ   c ɔːr ɛ   ɪ s   ɪ n t æ c t .","{""mean_pitch_hz"": 250.08, ""pitch_range_hz"": 325.36, ""mean_energy"": 0.0753, ""energy_range"": 0.2012, ""tempo_bpm"": 101.33, ""spectral_centroid"": 1999.86, ""spectral_rolloff"": 3513.0, ""duration_seconds"": 3.48}","{""pace"": ""normal"", ""volume"": ""normal"", ""pitch_variation"": ""low"", ""is_question"": false, ""has_pilot_address"": false, ""is_protocol"": false, ""is_acknowledgment"": false}","I have taken significant damage, but my data core is intact."
BT-7274.Voicepack/bt_clips/060_Yes.wav,"{""primary_emotion"": ""neutral"", ""primary_score"": 0.0, ""confidence"": 0.0, ""secondary_emotion"": null, ""all_scores"": {}}",60,yes,4,y ɛ s .,"{""mean_pitch_hz"": 484.62, ""pitch_range_hz"": 158.81, ""mean_energy"": 0.0791, ""energy_range"": 0.1182, ""tempo_bpm"": 136.0, ""spectral_centroid"": 2894.23, ""spectral_rolloff"": 4647.58, ""duration_seconds"": 0.34}","{""pace"": ""normal"", ""volume"": ""normal"", ""pitch_variation"": ""low"", ""is_question"": false, ""has_pilot_address"": false, ""is_protocol"": false, ""is_acknowledgment"": false}",Yes.
BT-7274.Voicepack/bt_clips/061_Trust_me.wav,"{""primary_emotion"": ""neutral"", ""primary_score"": 0.0, ""confidence"": 0.0, ""secondary_emotion"": null, ""all_scores"": {}}",61,trust me,8,t r ʌ s t   m ɛ .,"{""mean_pitch_hz"": 680.54, ""pitch_range_hz"": 1483.53, ""mean_energy"": 0.0669, ""energy_range"": 0.2162, ""tempo_bpm"": 161.5, ""spectral_centroid"": 2579.62, ""spectral_rolloff"": 4607.72, ""duration_seconds"": 0.64}","{""pace"": ""normal"", ""volume"": ""normal"", ""pitch_variation"": ""low"", ""is_question"": false, ""has_pilot_address"": false, ""is_protocol"": false, ""is_acknowledgment"": false}",Trust me.
BT-7274.Voicepack/bt_clips/062_Correct.wav,"{""primary_emotion"": ""neutral"", ""primary_score"": 0.0, ""confidence"": 0.0, ""secondary_emotion"": null, ""all_scores"": {}}",62,correct,7,c ɔːr r ɛ c t .,"{""mean_pitch_hz"": 494.74, ""pitch_range_hz"": 865.0, ""mean_energy"": 0.072, ""energy_range"": 0.3068, ""tempo_bpm"": 129.2, ""spectral_centroid"": 1957.58, ""spectral_rolloff"": 3696.19, ""duration_seconds"": 0.72}","{""pace"": ""normal"", ""volume"": ""normal"", ""pitch_variation"": ""low"", ""is_question"": false, ""has_pilot_address"": false, ""is_protocol"": false, ""is_acknowledgment"": false}",Correct.
BT-7274.Voicepack/bt_clips/063_We_are_deployed_on_operations_that.wav,"{""primary_emotion"": ""neutral"", ""primary_score"": 0.0, ""confidence"": 0.0, ""secondary_emotion"": null, ""all_scores"": {}}",63,we are deployed on operations that strongly benefit from the cooperation of both pilot and titan,73,w ɛ   ɑːr ɛ   d ɛ p l ɔɪ ɛ d   ɒ n   ɒ p ɜːr æ t ɪ ɒ n s   θ æ t   s t r ɒ ŋ l y   b ɛ n ɛ f ɪ t   f r ɒ m   θ ɛ   c uː p ɜːr æ t ɪ ɒ n   ɒ f   b ɒ θ   p ɪ l ɒ t   æ n d   t ɪ t æ n .,"{""mean_pitch_hz"": 487.71, ""pitch_range_hz"": 1559.98, ""mean_energy"": 0.0835, ""energy_range"": 0.2287, ""tempo_bpm"": 129.2, ""spectral_centroid"": 1655.24, ""spectral_rolloff"": 2794.4, ""duration_seconds"": 5.38}","{""pace"": ""normal"", ""volume"": ""normal"", ""pitch_variation"": ""low"", ""is_question"": false, ""has_pilot_address"": true, ""is_protocol"": false, ""is_acknowledgment"": false}",We are deployed on operations that strongly benefit from the cooperation of both Pilot and Titan.
BT-7274.Voicepack/bt_clips/064_Correct.wav,"{""primary_emotion"": ""neutral"", ""primary_score"": 0.0, ""confidence"": 0.0, ""secondary_emotion"": null, ""all_scores"": {}}",64,correct,7,c ɔːr r ɛ c t .,"{""mean_pitch_hz"": 679.77, ""pitch_range_hz"": 920.43, ""mean_energy"": 0.1058, ""energy_range"": 0.2084, ""tempo_bpm"": 161.5, ""spectral_centroid"": 1725.65, ""spectral_rolloff"": 2735.3, ""duration_seconds"": 0.42}","{""pace"": ""normal"", ""volume"": ""normal"", ""pitch_variation"": ""low"", ""is_question"": false, ""has_pilot_address"": false, ""is_protocol"": false, ""is_acknowledgment"": false}",Correct.
BT-7274.Voicepack/bt_clips/065_However_an_SRS_mission_is_frequently.wav,"{""primary_emotion"": ""determined"", ""primary_score"": 0.8, ""confidence"": 0.1, ""secondary_emotion"": ""questioning"", ""all_scores"": {""determined"": 0.8, ""questioning"": 0.6}}",65,however an srs mission is frequently challenging requiring the highest qualified pilots to achieve success,82,"h oʊ ɛ v ɜːr ,   æ n   s r s   m ɪ s s ɪ ɒ n   ɪ s   f r ɛ q ʌ ɛ n t l y   tʃ æ l l ɛ ŋ ɪ ŋ ,   r ɛ q ʌ ɪr ɪ ŋ   θ ɛ   h aɪ ɛ s t   q ʌ æ l ɪ f iː d   p ɪ l ɒ t s   t ɒ   æ tʃ iː v ɛ   s ʌ c c ɛ s s .","{""mean_pitch_hz"": 941.94, ""pitch_range_hz"": 1233.76, ""mean_energy"": 0.0806, ""energy_range"": 0.2262, ""tempo_bpm"": 120.19, ""spectral_centroid"": 2145.93, ""spectral_rolloff"": 3508.2, ""duration_seconds"": 6.28}","{""pace"": ""normal"", ""volume"": ""normal"", ""pitch_variation"": ""low"", ""is_question"": false, ""has_pilot_address"": true, ""is_protocol"": false, ""is_acknowledgment"": false}","However, an SRS mission is frequently challenging, requiring the highest qualified pilots to achieve success."
BT-7274.Voicepack/bt_clips/066_Due_to_your_limited_experience_as.wav,"{""primary_emotion"": ""neutral"", ""primary_score"": 0.0, ""confidence"": 0.0, ""secondary_emotion"": null, ""all_scores"": {}}",66,due to your limited experience as a pilot success is uncertain,49,"d ʌ ɛ   t ɒ   y aʊ r   l ɪ m ɪ t ɛ d   ɛ x p ɜːr iː n c ɛ   æ s   æ   p ɪ l ɒ t ,   s ʌ c c ɛ s s   ɪ s   ʌ n c ɜːr t eɪ n .","{""mean_pitch_hz"": 439.07, ""pitch_range_hz"": 1434.92, ""mean_energy"": 0.0916, ""energy_range"": 0.2899, ""tempo_bpm"": 99.38, ""spectral_centroid"": 2450.78, ""spectral_rolloff"": 4246.57, ""duration_seconds"": 3.86}","{""pace"": ""normal"", ""volume"": ""normal"", ""pitch_variation"": ""low"", ""is_question"": false, ""has_pilot_address"": true, ""is_protocol"": false, ""is_acknowledgment"": false}","Due to your limited experience as a Pilot, success is uncertain."
BT-7274.Voicepack/bt_clips/067_Nevertheless_my_second_protocol_dictates.wav,"{""primary_emotion"": ""determined"", ""primary_score"": 1.6, ""confidence"": 0.2, ""secondary_emotion"": null, ""all_scores"": {""determined"": 1.6}}",67,nevertheless my second protocol dictates that we uphold the mission,55,"n ɛ v ɜːr θ ɛ l ɛ s s ,   m y   s ɛ c ɒ n d   p r ɒ t ɒ c ɒ l   d ɪ c t æ t ɛ s   θ æ t   w ɛ   ʌ f ɒ l d   θ ɛ   m ɪ s s ɪ ɒ n .","{""mean_pitch_hz"": 733.54, ""pitch_range_hz"": 994.47, ""mean_energy"": 0.0663, ""energy_range"": 0.2343, ""tempo_bpm"": 107.67, ""spectral_centroid"": 1870.31, ""spectral_rolloff"": 3237.98, ""duration_seconds"": 4.74}","{""pace"": ""normal"", ""volume"": ""normal"", ""pitch_variation"": ""low"", ""is_question"": false, ""has_pilot_address"": false, ""is_protocol"": false, ""is_acknowledgment"": false}","Nevertheless, my second protocol dictates that we uphold the mission."
BT-7274.Voicepack/bt_clips/068_A_positive_attitude_can_only_improve.wav,"{""primary_emotion"": ""neutral"", ""primary_score"": 0.0, ""confidence"": 0.0, ""secondary_emotion"": null, ""all_scores"": {}}",68,a positive attitude can only improve our situation,43,æ   p ɒ s ɪ t ɪ v ɛ   æ t t ɪ t ʌ d ɛ   c æ n   ɒ n l y   ɪ m p r ɒ v ɛ   aʊ r   s ɪ t ʌ æ t ɪ ɒ n .,"{""mean_pitch_hz"": 614.39, ""pitch_range_hz"": 927.6, ""mean_energy"": 0.0751, ""energy_range"": 0.1471, ""tempo_bpm"": 136.0, ""spectral_centroid"": 2224.94, ""spectral_rolloff"": 4067.65, ""duration_seconds"": 2.7}","{""pace"": ""normal"", ""volume"": ""normal"", ""pitch_variation"": ""low"", ""is_question"": false, ""has_pilot_address"": false, ""is_protocol"": false, ""is_acknowledgment"": false}",A positive attitude can only improve our situation.
BT-7274.Voicepack/bt_clips/069_Pilot_we_must_establish_a_neural.wav,"{""primary_emotion"": ""commanding"", ""primary_score"": 1.8, ""confidence"": 0.23, ""secondary_emotion"": ""determined"", ""all_scores"": {""commanding"": 1.8, ""determined"": 0.8}}",69,pilot we must establish a neural link in order to proceed,44,"p ɪ l ɒ t ,   w ɛ   m ʌ s t   ɛ s t æ b l ɪ ʃ   æ   n ɛ ɜːr æ l   l ɪ n k   ɪ n   ɔːr d ɜːr   t ɒ   p r ɒ c iː d .","{""mean_pitch_hz"": 548.07, ""pitch_range_hz"": 1225.11, ""mean_energy"": 0.0808, ""energy_range"": 0.2399, ""tempo_bpm"": 109.96, ""spectral_centroid"": 2101.14, ""spectral_rolloff"": 3783.65, ""duration_seconds"": 3.22}","{""pace"": ""fast"", ""volume"": ""loud"", ""pitch_variation"": ""normal"", ""is_question"": false, ""has_pilot_address"": true, ""is_protocol"": false, ""is_acknowledgment"": false}","Pilot, we must establish a neural link in order to proceed."
BT-7274.Voicepack/bt_clips/070_Embark_when_ready.wav,"{""primary_emotion"": ""questioning"", ""primary_score"": 0.6, ""confidence"": 0.07, ""secondary_emotion"": null, ""all_scores"": {""questioning"": 0.6}}",70,embark when ready,13,ɛ m b ɑːr k   w ɛ n   r iː d y .,"{""mean_pitch_hz"": 596.0, ""pitch_range_hz"": 865.5, ""mean_energy"": 0.1133, ""energy_range"": 0.2146, ""tempo_bpm"": 117.45, ""spectral_centroid"": 1346.28, ""spectral_rolloff"": 2178.23, ""duration_seconds"": 0.96}","{""pace"": ""normal"", ""volume"": ""normal"", ""pitch_variation"": ""high"", ""is_question"": false, ""has_pilot_address"": false, ""is_protocol"": false, ""is_acknowledgment"": false}",Embark when ready.
BT-7274.Voicepack/bt_clips/071_Please_embark_when_ready.wav,"{""primary_emotion"": ""questioning"", ""primary_score"": 0.6, ""confidence"": 0.07, ""secondary_emotion"": null, ""all_scores"": {""questioning"": 0.6}}",71,please embark when ready,18,p l iː s ɛ   ɛ m b ɑːr k   w ɛ n   r iː d y .,"{""mean_pitch_hz"": 464.46, ""pitch_range_hz"": 931.74, ""mean_energy"": 0.0804, ""energy_range"": 0.1574, ""tempo_bpm"": 132.51, ""spectral_centroid"": 1876.29, ""spectral_rolloff"": 3572.89, ""duration_seconds"": 1.22}","{""pace"": ""normal"", ""volume"": ""normal"", ""pitch_variation"": ""high"", ""is_question"": false, ""has_pilot_address"": false, ""is_protocol"": false, ""is_acknowledgment"": false}",Please embark when ready.
BT-7274.Voicepack/bt_clips/072_Pilot_Im_detecting_incoming_enemy_forces.wav,"{""primary_emotion"": ""neutral"", ""primary_score"": 0.0, ""confidence"": 0.0, ""secondary_emotion"": null, ""all_scores"": {}}",72,pilot im detecting incoming enemy forces,34,"p ɪ l ɒ t ,   ɪ m   d ɛ t ɛ c t ɪ ŋ   ɪ n c ɒ m ɪ ŋ   ɛ n ɛ m y   f ɔːr c ɛ s .","{""mean_pitch_hz"": 677.76, ""pitch_range_hz"": 946.63, ""mean_energy"": 0.09, ""energy_range"": 0.3053, ""tempo_bpm"": 99.38, ""spectral_centroid"": 2062.51, ""spectral_rolloff"": 3628.45, ""duration_seconds"": 2.48}","{""pace"": ""normal"", ""volume"": ""normal"", ""pitch_variation"": ""low"", ""is_question"": false, ""has_pilot_address"": true, ""is_protocol"": false, ""is_acknowledgment"": false}","Pilot, I'm detecting incoming enemy forces."
BT-7274.Voicepack/bt_clips/073_I_advise_you_prepare_for_combat.wav,"{""primary_emotion"": ""neutral"", ""primary_score"": 0.0, ""confidence"": 0.0, ""secondary_emotion"": null, ""all_scores"": {}}",73,i advise you prepare for combat,24,ɪ   æ d v ɪ s ɛ   y aʊ   p r ɛ p ɑːr ɛ   f ɔːr   c ɒ m b æ t .,"{""mean_pitch_hz"": 651.86, ""pitch_range_hz"": 618.18, ""mean_energy"": 0.0839, ""energy_range"": 0.1625, ""tempo_bpm"": 139.67, ""spectral_centroid"": 1870.48, ""spectral_rolloff"": 3076.33, ""duration_seconds"": 1.62}","{""pace"": ""normal"", ""volume"": ""normal"", ""pitch_variation"": ""low"", ""is_question"": false, ""has_pilot_address"": false, ""is_protocol"": false, ""is_acknowledgment"": false}",I advise you prepare for combat.
BT-7274.Voicepack/bt_clips/074_Power_low.wav,"{""primary_emotion"": ""neutral"", ""primary_score"": 0.0, ""confidence"": 0.0, ""secondary_emotion"": null, ""all_scores"": {}}",74,power low,6,p oʊ ɜːr   l oʊ .,"{""mean_pitch_hz"": 695.55, ""pitch_range_hz"": 686.97, ""mean_energy"": 0.1286, ""energy_range"": 0.1861, ""tempo_bpm"": 139.67, ""spectral_centroid"": 1194.51, ""spectral_rolloff"": 1540.93, ""duration_seconds"": 0.76}","{""pace"": ""normal"", ""volume"": ""normal"", ""pitch_variation"": ""low"", ""is_question"": false, ""has_pilot_address"": false, ""is_protocol"": false, ""is_acknowledgment"": false}",Power low.
BT-7274.Voicepack/bt_clips/075_Insufficient_power.wav,"{""primary_emotion"": ""neutral"", ""primary_score"": 0.0, ""confidence"": 0.0, ""secondary_emotion"": null, ""all_scores"": {}}",75,insufficient power,15,ɪ n s ʌ f f ɪ c iː n t   p oʊ ɜːr .,"{""mean_pitch_hz"": 646.62, ""pitch_range_hz"": 1122.05, ""mean_energy"": 0.0934, ""energy_range"": 0.1612, ""tempo_bpm"": 103.36, ""spectral_centroid"": 2194.42, ""spectral_rolloff"": 3645.99, ""duration_seconds"": 1.12}","{""pace"": ""normal"", ""volume"": ""normal"", ""pitch_variation"": ""low"", ""is_question"": false, ""has_pilot_address"": false, ""is_protocol"": false, ""is_acknowledgment"": false}",Insufficient power.
BT-7274.Voicepack/bt_clips/076_Power_at_two-thirds.wav,"{""primary_emotion"": ""neutral"", ""primary_score"": 0.0, ""confidence"": 0.0, ""secondary_emotion"": null, ""all_scores"": {}}",76,power at twothirds,13,p oʊ ɜːr   æ t   t w ɒ θ ɪr d s .,"{""mean_pitch_hz"": 648.42, ""pitch_range_hz"": 663.64, ""mean_energy"": 0.1015, ""energy_range"": 0.2679, ""tempo_bpm"": 126.05, ""spectral_centroid"": 2113.83, ""spectral_rolloff"": 3465.79, ""duration_seconds"": 1.18}","{""pace"": ""normal"", ""volume"": ""normal"", ""pitch_variation"": ""low"", ""is_question"": false, ""has_pilot_address"": false, ""is_protocol"": false, ""is_acknowledgment"": false}",Power at two-thirds.
BT-7274.Voicepack/bt_clips/077_Data_core_reinitialized.wav,"{""primary_emotion"": ""neutral"", ""primary_score"": 0.0, ""confidence"": 0.0, ""secondary_emotion"": null, ""all_scores"": {}}",77,data core reinitialized,20,d æ t æ   c ɔːr ɛ   r eɪ n ɪ t ɪ æ l ɪ z ɛ d .,"{""mean_pitch_hz"": 550.22, ""pitch_range_hz"": 1407.41, ""mean_energy"": 0.0854, ""energy_range"": 0.1653, ""tempo_bpm"": 99.38, ""spectral_centroid"": 1904.02, ""spectral_rolloff"": 3067.47, ""duration_seconds"": 1.48}","{""pace"": ""normal"", ""volume"": ""normal"", ""pitch_variation"": ""low"", ""is_question"": false, ""has_pilot_address"": false, ""is_protocol"": false, ""is_acknowledgment"": false}",Data core reinitialized.
BT-7274.Voicepack/bt_clips/078_Ocular_system_online.wav,"{""primary_emotion"": ""neutral"", ""primary_score"": 0.0, ""confidence"": 0.0, ""secondary_emotion"": null, ""all_scores"": {}}",78,ocular system online,19,"ɒ c ʌ l ɑːr   s y s t ɛ m ,   ɒ n l ɪ n ɛ .","{""mean_pitch_hz"": 629.41, ""pitch_range_hz"": 898.6, ""mean_energy"": 0.0635, ""energy_range"": 0.1783, ""tempo_bpm"": 139.67, ""spectral_centroid"": 2017.61, ""spectral_rolloff"": 3498.8, ""duration_seconds"": 1.82}","{""pace"": ""normal"", ""volume"": ""normal"", ""pitch_variation"": ""low"", ""is_question"": false, ""has_pilot_address"": false, ""is_protocol"": false, ""is_acknowledgment"": false}","Ocular system, online."
BT-7274.Voicepack/bt_clips/079_Adjusting_focus.wav,"{""primary_emotion"": ""neutral"", ""primary_score"": 0.0, ""confidence"": 0.0, ""secondary_emotion"": null, ""all_scores"": {}}",79,adjusting focus,14,æ d j ʌ s t ɪ ŋ   f ɒ c ʌ s .,"{""mean_pitch_hz"": 703.35, ""pitch_range_hz"": 699.41, ""mean_energy"": 0.067, ""energy_range"": 0.1438, ""tempo_bpm"": 132.51, ""spectral_centroid"": 2491.9, ""spectral_rolloff"": 4228.61, ""duration_seconds"": 0.98}","{""pace"": ""normal"", ""volume"": ""normal"", ""pitch_variation"": ""low"", ""is_question"": false, ""has_pilot_address"": false, ""is_protocol"": false, ""is_acknowledgment"": false}",Adjusting focus.
BT-7274.Voicepack/bt_clips/080_I_will_continue_repairing_myself_to.wav,"{""primary_emotion"": ""determined"", ""primary_score"": 0.8, ""confidence"": 0.1, ""secondary_emotion"": null, ""all_scores"": {""determined"": 0.8}}",80,i will continue repairing myself to the extent i am capable,47,ɪ   w ɪ l l   c ɒ n t ɪ n ʌ ɛ   r ɛ p eɪ r ɪ ŋ   m y s ɛ l f   t ɒ   θ ɛ   ɛ x t ɛ n t   ɪ   æ m   c æ p æ b l ɛ .,"{""mean_pitch_hz"": 318.72, ""pitch_range_hz"": 1189.99, ""mean_energy"": 0.0994, ""energy_range"": 0.2539, ""tempo_bpm"": 132.51, ""spectral_centroid"": 1822.09, ""spectral_rolloff"": 3101.55, ""duration_seconds"": 2.92}","{""pace"": ""normal"", ""volume"": ""normal"", ""pitch_variation"": ""low"", ""is_question"": false, ""has_pilot_address"": false, ""is_protocol"": false, ""is_acknowledgment"": false}",I will continue repairing myself to the extent I am capable.
BT-7274.Voicepack/bt_clips/081_A_third_battery_will_help_me.wav,"{""primary_emotion"": ""positive"", ""primary_score"": 0.9, ""confidence"": 0.11, ""secondary_emotion"": ""determined"", ""all_scores"": {""positive"": 0.9, ""determined"": 0.8}}",81,a third battery will help me greatly pilot,33,"æ   θ ɪr d   b æ t t ɜːr y   w ɪ l l   h ɛ l p   m ɛ   g r iː t l y ,   p ɪ l ɒ t .","{""mean_pitch_hz"": 639.74, ""pitch_range_hz"": 1761.6, ""mean_energy"": 0.0729, ""energy_range"": 0.1808, ""tempo_bpm"": 132.51, ""spectral_centroid"": 1644.37, ""spectral_rolloff"": 2744.69, ""duration_seconds"": 2.2}","{""pace"": ""normal"", ""volume"": ""loud"", ""pitch_variation"": ""normal"", ""is_question"": false, ""has_pilot_address"": true, ""is_protocol"": false, ""is_acknowledgment"": false}","A third battery will help me greatly, Pilot."
BT-7274.Voicepack/bt_clips/082_Until_I_am_mobile_I_will.wav,"{""primary_emotion"": ""determined"", ""primary_score"": 0.8, ""confidence"": 0.1, ""secondary_emotion"": ""questioning"", ""all_scores"": {""determined"": 0.8, ""questioning"": 0.6}}",82,until i am mobile i will assist you through your helmet radio when possible,57,"ʌ n t ɪ l   ɪ   æ m   m ɒ b ɪ l ɛ ,   ɪ   w ɪ l l   æ s s ɪ s t   y aʊ   θ r oʊ   y aʊ r   h ɛ l m ɛ t   r æ d ɪ ɒ   w ɛ n   p ɒ s s ɪ b l ɛ .","{""mean_pitch_hz"": 585.04, ""pitch_range_hz"": 1004.36, ""mean_energy"": 0.0816, ""energy_range"": 0.2617, ""tempo_bpm"": 95.7, ""spectral_centroid"": 1740.28, ""spectral_rolloff"": 2836.04, ""duration_seconds"": 3.78}","{""pace"": ""normal"", ""volume"": ""normal"", ""pitch_variation"": ""low"", ""is_question"": false, ""has_pilot_address"": false, ""is_protocol"": false, ""is_acknowledgment"": false}","Until I am mobile, I will assist you through your helmet radio when possible."
BT-7274.Voicepack/bt_clips/083_Battery_at_100.wav,"{""primary_emotion"": ""neutral"", ""primary_score"": 0.0, ""confidence"": 0.0, ""secondary_emotion"": null, ""all_scores"": {}}",83,battery at 100,9,b æ t t ɜːr y   æ t   .,"{""mean_pitch_hz"": 877.52, ""pitch_range_hz"": 975.12, ""mean_energy"": 0.0854, ""energy_range"": 0.1426, ""tempo_bpm"": 107.67, ""spectral_centroid"": 1326.86, ""spectral_rolloff"": 1937.36, ""duration_seconds"": 0.8}","{""pace"": ""normal"", ""volume"": ""normal"", ""pitch_variation"": ""low"", ""is_question"": false, ""has_pilot_address"": false, ""is_protocol"": false, ""is_acknowledgment"": false}",Battery at 100%.
BT-7274.Voicepack/bt_clips/084_Power_at_full_capacity.wav,"{""primary_emotion"": ""neutral"", ""primary_score"": 0.0, ""confidence"": 0.0, ""secondary_emotion"": null, ""all_scores"": {}}",84,power at full capacity,18,p oʊ ɜːr   æ t   f ʌ l l   c æ p æ c ɪ t y .,"{""mean_pitch_hz"": 711.39, ""pitch_range_hz"": 754.74, ""mean_energy"": 0.0913, ""energy_range"": 0.284, ""tempo_bpm"": 136.0, ""spectral_centroid"": 2194.94, ""spectral_rolloff"": 3736.52, ""duration_seconds"": 1.48}","{""pace"": ""normal"", ""volume"": ""normal"", ""pitch_variation"": ""low"", ""is_question"": false, ""has_pilot_address"": false, ""is_protocol"": false, ""is_acknowledgment"": false}",Power at full capacity.
BT-7274.Voicepack/bt_clips/085_Establishing_neural_link.wav,"{""primary_emotion"": ""neutral"", ""primary_score"": 0.0, ""confidence"": 0.0, ""secondary_emotion"": null, ""all_scores"": {}}",85,establishing neural link,20,ɛ s t æ b l ɪ ʃ ɪ ŋ   n ɛ ɜːr æ l   l ɪ n k .,"{""mean_pitch_hz"": 508.41, ""pitch_range_hz"": 899.01, ""mean_energy"": 0.0943, ""energy_range"": 0.1702, ""tempo_bpm"": 152.0, ""spectral_centroid"": 1858.85, ""spectral_rolloff"": 3036.53, ""duration_seconds"": 1.42}","{""pace"": ""normal"", ""volume"": ""normal"", ""pitch_variation"": ""low"", ""is_question"": false, ""has_pilot_address"": false, ""is_protocol"": false, ""is_acknowledgment"": false}",Establishing neural link.
BT-7274.Voicepack/bt_clips/086_Reinitializing_critical_systems.wav,"{""primary_emotion"": ""urgent"", ""primary_score"": 1.0, ""confidence"": 0.12, ""secondary_emotion"": null, ""all_scores"": {""urgent"": 1.0}}",86,reinitializing critical systems,28,r eɪ n ɪ t ɪ æ l ɪ z ɪ ŋ   c r ɪ t ɪ c æ l   s y s t ɛ m s .,"{""mean_pitch_hz"": 609.23, ""pitch_range_hz"": 878.05, ""mean_energy"": 0.0615, ""energy_range"": 0.1103, ""tempo_bpm"": 143.55, ""spectral_centroid"": 2758.68, ""spectral_rolloff"": 5009.22, ""duration_seconds"": 1.58}","{""pace"": ""fast"", ""volume"": ""loud"", ""pitch_variation"": ""normal"", ""is_question"": false, ""has_pilot_address"": false, ""is_protocol"": false, ""is_acknowledgment"": false}",Reinitializing critical systems.
BT-7274.Voicepack/bt_clips/087_Vortex_Shield_online.wav,"{""primary_emotion"": ""neutral"", ""primary_score"": 0.0, ""confidence"": 0.0, ""secondary_emotion"": null, ""all_scores"": {}}",87,vortex shield online,17,"v ɔːr t ɛ x   ʃ iː l d ,   ɒ n l ɪ n ɛ .","{""mean_pitch_hz"": 809.89, ""pitch_range_hz"": 1177.44, ""mean_energy"": 0.0987, ""energy_range"": 0.1917, ""tempo_bpm"": 132.51, ""spectral_centroid"": 2165.25, ""spectral_rolloff"": 3481.44, ""duration_seconds"": 1.04}","{""pace"": ""normal"", ""volume"": ""normal"", ""pitch_variation"": ""low"", ""is_question"": false, ""has_pilot_address"": false, ""is_protocol"": false, ""is_acknowledgment"": false}","Vortex Shield, online."
BT-7274.Voicepack/bt_clips/088_The_Vortex_Shield_catches_incoming_round.wav,"{""primary_emotion"": ""neutral"", ""primary_score"": 0.0, ""confidence"": 0.0, ""secondary_emotion"": null, ""all_scores"": {}}",88,the vortex shield catches incoming rounds and missiles,41,θ ɛ   v ɔːr t ɛ x   ʃ iː l d   c æ t tʃ ɛ s   ɪ n c ɒ m ɪ ŋ   r aʊ n d s   æ n d   m ɪ s s ɪ l ɛ s .,"{""mean_pitch_hz"": 442.9, ""pitch_range_hz"": 1125.83, ""mean_energy"": 0.0762, ""energy_range"": 0.1499, ""tempo_bpm"": 120.19, ""spectral_centroid"": 2404.82, ""spectral_rolloff"": 4193.94, ""duration_seconds"": 2.68}","{""pace"": ""normal"", ""volume"": ""normal"", ""pitch_variation"": ""low"", ""is_question"": false, ""has_pilot_address"": false, ""is_protocol"": false, ""is_acknowledgment"": false}",The Vortex Shield catches incoming rounds and missiles.
BT-7274.Voicepack/bt_clips/089_Release_the_button_to_launch_any.wav,"{""primary_emotion"": ""neutral"", ""primary_score"": 0.0, ""confidence"": 0.0, ""secondary_emotion"": null, ""all_scores"": {}}",89,release the button to launch any captured objects back at the enemy,50,r ɛ l iː s ɛ   θ ɛ   b ʌ t t ɒ n   t ɒ   l ɔː n tʃ   æ n y   c æ p t ɜːr ɛ d   ɒ b j ɛ c t s   b æ k   æ t   θ ɛ   ɛ n ɛ m y .,"{""mean_pitch_hz"": 425.6, ""pitch_range_hz"": 53.6, ""mean_energy"": 0.0724, ""energy_range"": 0.2257, ""tempo_bpm"": 112.35, ""spectral_centroid"": 2409.67, ""spectral_rolloff"": 4221.48, ""duration_seconds"": 3.6}","{""pace"": ""normal"", ""volume"": ""normal"", ""pitch_variation"": ""low"", ""is_question"": false, ""has_pilot_address"": false, ""is_protocol"": false, ""is_acknowledgment"": false}",Release the button to launch any captured objects back at the enemy.
BT-7274.Voicepack/bt_clips/090_Pilot_the_Acolyte_pod_is_online.wav,"{""primary_emotion"": ""neutral"", ""primary_score"": 0.0, ""confidence"": 0.0, ""secondary_emotion"": null, ""all_scores"": {}}",90,pilot the acolyte pod is online,27,"p ɪ l ɒ t ,   θ ɛ   æ c ɒ l y t ɛ   p ɒ d   ɪ s   ɒ n l ɪ n ɛ .","{""mean_pitch_hz"": 902.91, ""pitch_range_hz"": 639.22, ""mean_energy"": 0.0934, ""energy_range"": 0.2196, ""tempo_bpm"": 97.51, ""spectral_centroid"": 2111.8, ""spectral_rolloff"": 3512.11, ""duration_seconds"": 2.04}","{""pace"": ""normal"", ""volume"": ""normal"", ""pitch_variation"": ""low"", ""is_question"": false, ""has_pilot_address"": true, ""is_protocol"": false, ""is_acknowledgment"": false}","Pilot, the Acolyte pod is online."
BT-7274.Voicepack/bt_clips/091_This_shoulder-mounted_rocket_pod_will_lo.wav,"{""primary_emotion"": ""determined"", ""primary_score"": 0.8, ""confidence"": 0.1, ""secondary_emotion"": null, ""all_scores"": {""determined"": 0.8}}",91,this shouldermounted rocket pod will lock onto multiple enemy targets,53,θ ɪ s   ʃ aʊ l d ɜːr m aʊ n t ɛ d   r ɒ k ɛ t   p ɒ d   w ɪ l l   l ɒ k   ɒ n t ɒ   m ʌ l t ɪ p l ɛ   ɛ n ɛ m y   t ɑːr g ɛ t s .,"{""mean_pitch_hz"": 720.0, ""pitch_range_hz"": 773.12, ""mean_energy"": 0.0799, ""energy_range"": 0.1928, ""tempo_bpm"": 129.2, ""spectral_centroid"": 1894.33, ""spectral_rolloff"": 3173.99, ""duration_seconds"": 3.3}","{""pace"": ""normal"", ""volume"": ""normal"", ""pitch_variation"": ""low"", ""is_question"": false, ""has_pilot_address"": false, ""is_protocol"": false, ""is_acknowledgment"": false}",This shoulder-mounted rocket pod will lock onto multiple enemy targets.
BT-7274.Voicepack/bt_clips/092_The_longer_you_hold_down_the.wav,"{""primary_emotion"": ""determined"", ""primary_score"": 0.8, ""confidence"": 0.1, ""secondary_emotion"": null, ""all_scores"": {""determined"": 0.8}}",92,the longer you hold down the button the more locks you will achieve,45,"θ ɛ   l ɒ ŋ ɜːr   y aʊ   h ɒ l d   d oʊ n   θ ɛ   b ʌ t t ɒ n ,   θ ɛ   m ɔːr ɛ   l ɒ k s   y aʊ   w ɪ l l   æ tʃ iː v ɛ .","{""mean_pitch_hz"": 639.63, ""pitch_range_hz"": 657.21, ""mean_energy"": 0.0794, ""energy_range"": 0.2857, ""tempo_bpm"": 126.05, ""spectral_centroid"": 1869.11, ""spectral_rolloff"": 3322.5, ""duration_seconds"": 3.16}","{""pace"": ""normal"", ""volume"": ""normal"", ""pitch_variation"": ""low"", ""is_question"": false, ""has_pilot_address"": false, ""is_protocol"": false, ""is_acknowledgment"": false}","The longer you hold down the button, the more locks you will achieve."
BT-7274.Voicepack/bt_clips/093_Neural_link_complete.wav,"{""primary_emotion"": ""neutral"", ""primary_score"": 0.0, ""confidence"": 0.0, ""secondary_emotion"": null, ""all_scores"": {}}",93,neural link complete,18,n ɛ ɜːr æ l   l ɪ n k   c ɒ m p l ɛ t ɛ .,"{""mean_pitch_hz"": 405.32, ""pitch_range_hz"": 861.97, ""mean_energy"": 0.0653, ""energy_range"": 0.1403, ""tempo_bpm"": 126.05, ""spectral_centroid"": 2126.08, ""spectral_rolloff"": 3696.61, ""duration_seconds"": 1.08}","{""pace"": ""normal"", ""volume"": ""normal"", ""pitch_variation"": ""low"", ""is_question"": false, ""has_pilot_address"": false, ""is_protocol"": false, ""is_acknowledgment"": false}",Neural link complete.
BT-7274.Voicepack/bt_clips/094_Primary_weapon_control_and_motion_link.wav,"{""primary_emotion"": ""neutral"", ""primary_score"": 0.0, ""confidence"": 0.0, ""secondary_emotion"": null, ""all_scores"": {}}",94,primary weapon control and motion link reestablished,43,p r ɪ m ɑːr y   w iː p ɒ n   c ɒ n t r ɒ l   æ n d   m ɒ t ɪ ɒ n   l ɪ n k   r iː s t æ b l ɪ ʃ ɛ d .,"{""mean_pitch_hz"": 494.16, ""pitch_range_hz"": 1190.3, ""mean_energy"": 0.0732, ""energy_range"": 0.1374, ""tempo_bpm"": 120.19, ""spectral_centroid"": 2024.52, ""spectral_rolloff"": 3420.55, ""duration_seconds"": 2.78}","{""pace"": ""normal"", ""volume"": ""normal"", ""pitch_variation"": ""low"", ""is_question"": false, ""has_pilot_address"": false, ""is_protocol"": false, ""is_acknowledgment"": false}",Primary weapon control and motion link reestablished.
BT-7274.Voicepack/bt_clips/095_We_are_linked_Pilot.wav,"{""primary_emotion"": ""neutral"", ""primary_score"": 0.0, ""confidence"": 0.0, ""secondary_emotion"": null, ""all_scores"": {}}",95,we are linked pilot,17,"w ɛ   ɑːr ɛ   l ɪ n k ɛ d ,   p ɪ l ɒ t .","{""mean_pitch_hz"": 612.14, ""pitch_range_hz"": 777.73, ""mean_energy"": 0.078, ""energy_range"": 0.1789, ""tempo_bpm"": 129.2, ""spectral_centroid"": 1961.72, ""spectral_rolloff"": 3106.54, ""duration_seconds"": 0.82}","{""pace"": ""normal"", ""volume"": ""normal"", ""pitch_variation"": ""low"", ""is_question"": false, ""has_pilot_address"": true, ""is_protocol"": false, ""is_acknowledgment"": false}","We are linked, Pilot."
BT-7274.Voicepack/bt_clips/096_You_now_have_full_control.wav,"{""primary_emotion"": ""neutral"", ""primary_score"": 0.0, ""confidence"": 0.0, ""secondary_emotion"": null, ""all_scores"": {}}",96,you now have full control,20,y aʊ   n oʊ   h æ v ɛ   f ʌ l l   c ɒ n t r ɒ l .,"{""mean_pitch_hz"": 665.73, ""pitch_range_hz"": 656.26, ""mean_energy"": 0.075, ""energy_range"": 0.1935, ""tempo_bpm"": 107.67, ""spectral_centroid"": 2349.99, ""spectral_rolloff"": 4282.71, ""duration_seconds"": 1.46}","{""pace"": ""normal"", ""volume"": ""normal"", ""pitch_variation"": ""low"", ""is_question"": false, ""has_pilot_address"": false, ""is_protocol"": false, ""is_acknowledgment"": false}",You now have full control.
BT-7274.Voicepack/bt_clips/097_Pilot_enemy_Titanfall_detected.wav,"{""primary_emotion"": ""neutral"", ""primary_score"": 0.0, ""confidence"": 0.0, ""secondary_emotion"": null, ""all_scores"": {}}",97,pilot enemy titanfall detected,29,"p ɪ l ɒ t ,   ɛ n ɛ m y   t ɪ t æ n f æ l l   d ɛ t ɛ c t ɛ d .","{""mean_pitch_hz"": 708.86, ""pitch_range_hz"": 1500.67, ""mean_energy"": 0.0715, ""energy_range"": 0.1942, ""tempo_bpm"": 97.51, ""spectral_centroid"": 2441.25, ""spectral_rolloff"": 4254.0, ""duration_seconds"": 1.98}","{""pace"": ""normal"", ""volume"": ""normal"", ""pitch_variation"": ""low"", ""is_question"": false, ""has_pilot_address"": true, ""is_protocol"": false, ""is_acknowledgment"": false}","Pilot, enemy Titanfall detected."
BT-7274.Voicepack/bt_clips/098_Picking_up_weapons_from_enemy_Titans.wav,"{""primary_emotion"": ""neutral"", ""primary_score"": 0.0, ""confidence"": 0.0, ""secondary_emotion"": null, ""all_scores"": {}}",98,picking up weapons from enemy titans gives us access to their full loadouts,57,"p ɪ k ɪ ŋ   ʌ p   w iː p ɒ n s   f r ɒ m   ɛ n ɛ m y   t ɪ t æ n s   g ɪ v ɛ s   ʌ s   æ c c ɛ s s   t ɒ   θ eɪ r   f ʌ l l   l oʊ d aʊ t s ,","{""mean_pitch_hz"": 673.45, ""pitch_range_hz"": 1421.82, ""mean_energy"": 0.0678, ""energy_range"": 0.1629, ""tempo_bpm"": 129.2, ""spectral_centroid"": 2591.76, ""spectral_rolloff"": 4382.89, ""duration_seconds"": 3.94}","{""pace"": ""normal"", ""volume"": ""normal"", ""pitch_variation"": ""low"", ""is_question"": false, ""has_pilot_address"": false, ""is_protocol"": false, ""is_acknowledgment"": false}","Picking up weapons from enemy Titans gives us access to their full loadouts,"
BT-7274.Voicepack/bt_clips/099_should_we_choose_to_equip_them.wav,"{""primary_emotion"": ""neutral"", ""primary_score"": 0.0, ""confidence"": 0.0, ""secondary_emotion"": null, ""all_scores"": {}}",99,should we choose to equip them,21,ʃ aʊ l d   w ɛ   tʃ uː s ɛ   t ɒ   ɛ q ʌ ɪ p   θ ɛ m .,"{""mean_pitch_hz"": 664.8, ""pitch_range_hz"": 1872.6, ""mean_energy"": 0.0497, ""energy_range"": 0.1156, ""tempo_bpm"": 152.0, ""spectral_centroid"": 2517.64, ""spectral_rolloff"": 4295.79, ""duration_seconds"": 1.4}","{""pace"": ""normal"", ""volume"": ""normal"", ""pitch_variation"": ""low"", ""is_question"": false, ""has_pilot_address"": false, ""is_protocol"": false, ""is_acknowledgment"": false}",should we choose to equip them.
BT-7274.Voicepack/bt_clips/100_We_will_have_to_fight_our.wav,"{""primary_emotion"": ""cautious"", ""primary_score"": 0.8, ""confidence"": 0.1, ""secondary_emotion"": ""determined"", ""all_scores"": {""cautious"": 0.8, ""determined"": 0.8, ""concerned"": 0.7}}",100,we will have to fight our way to safety,28,w ɛ   w ɪ l l   h æ v ɛ   t ɒ   f aɪ t   aʊ r   w eɪ   t ɒ   s æ f ɛ t y .,"{""mean_pitch_hz"": 846.41, ""pitch_range_hz"": 837.54, ""mean_energy"": 0.0658, ""energy_range"": 0.2473, ""tempo_bpm"": 136.0, ""spectral_centroid"": 2725.92, ""spectral_rolloff"": 4858.54, ""duration_seconds"": 2.22}","{""pace"": ""slow"", ""volume"": ""soft"", ""pitch_variation"": ""normal"", ""is_question"": false, ""has_pilot_address"": false, ""is_protocol"": false, ""is_acknowledgment"": false}",We will have to fight our way to safety.
BT-7274.Voicepack/bt_clips/101_Get_ready.wav,"{""primary_emotion"": ""neutral"", ""primary_score"": 0.0, ""confidence"": 0.0, ""secondary_emotion"": null, ""all_scores"": {}}",101,get ready,8,g ɛ t   r iː d y .,"{""mean_pitch_hz"": 1232.33, ""pitch_range_hz"": 1596.3, ""mean_energy"": 0.0718, ""energy_range"": 0.1098, ""tempo_bpm"": 172.27, ""spectral_centroid"": 1925.29, ""spectral_rolloff"": 2561.94, ""duration_seconds"": 0.48}","{""pace"": ""normal"", ""volume"": ""normal"", ""pitch_variation"": ""low"", ""is_question"": false, ""has_pilot_address"": false, ""is_protocol"": false, ""is_acknowledgment"": false}",Get ready.
BT-7274.Voicepack/bt_clips/102_My_systems_are_rebooting.wav,"{""primary_emotion"": ""neutral"", ""primary_score"": 0.0, ""confidence"": 0.0, ""secondary_emotion"": null, ""all_scores"": {}}",102,my systems are rebooting,19,m y   s y s t ɛ m s   ɑːr ɛ   r ɛ b uː t ɪ ŋ .,"{""mean_pitch_hz"": 662.48, ""pitch_range_hz"": 3517.52, ""mean_energy"": 0.06, ""energy_range"": 0.1136, ""tempo_bpm"": 132.51, ""spectral_centroid"": 2836.57, ""spectral_rolloff"": 5615.64, ""duration_seconds"": 1.38}","{""pace"": ""normal"", ""volume"": ""normal"", ""pitch_variation"": ""low"", ""is_question"": false, ""has_pilot_address"": false, ""is_protocol"": false, ""is_acknowledgment"": false}",My systems are rebooting.
BT-7274.Voicepack/bt_clips/103_But_a_third_battery_will_accelerate.wav,"{""primary_emotion"": ""determined"", ""primary_score"": 0.8, ""confidence"": 0.1, ""secondary_emotion"": null, ""all_scores"": {""determined"": 0.8}}",103,but a third battery will accelerate the process,36,b ʌ t   æ   θ ɪr d   b æ t t ɜːr y   w ɪ l l   æ c c ɛ l ɜːr æ t ɛ   θ ɛ   p r ɒ c ɛ s s .,"{""mean_pitch_hz"": 728.27, ""pitch_range_hz"": 1248.52, ""mean_energy"": 0.0494, ""energy_range"": 0.0939, ""tempo_bpm"": 103.36, ""spectral_centroid"": 2591.76, ""spectral_rolloff"": 4437.77, ""duration_seconds"": 2.46}","{""pace"": ""normal"", ""volume"": ""normal"", ""pitch_variation"": ""low"", ""is_question"": false, ""has_pilot_address"": false, ""is_protocol"": false, ""is_acknowledgment"": false}",But a third battery will accelerate the process.
BT-7274.Voicepack/bt_clips/104_I_will_remain_here.wav,"{""primary_emotion"": ""determined"", ""primary_score"": 0.8, ""confidence"": 0.1, ""secondary_emotion"": null, ""all_scores"": {""determined"": 0.8}}",104,i will remain here,14,ɪ   w ɪ l l   r ɛ m eɪ n   h ɜːr ɛ .,"{""mean_pitch_hz"": 542.79, ""pitch_range_hz"": 1284.47, ""mean_energy"": 0.0616, ""energy_range"": 0.0824, ""tempo_bpm"": 136.0, ""spectral_centroid"": 2141.06, ""spectral_rolloff"": 4548.64, ""duration_seconds"": 1.02}","{""pace"": ""normal"", ""volume"": ""normal"", ""pitch_variation"": ""low"", ""is_question"": false, ""has_pilot_address"": false, ""is_protocol"": false, ""is_acknowledgment"": false}",I will remain here.
BT-7274.Voicepack/bt_clips/105_I_will_remain_here.wav,"{""primary_emotion"": ""determined"", ""primary_score"": 0.8, ""confidence"": 0.1, ""secondary_emotion"": null, ""all_scores"": {""determined"": 0.8}}",105,i will remain here,14,ɪ   w ɪ l l   r ɛ m eɪ n   h ɜːr ɛ .,"{""mean_pitch_hz"": 395.57, ""pitch_range_hz"": 1.4, ""mean_energy"": 0.0761, ""energy_range"": 0.1919, ""tempo_bpm"": 136.0, ""spectral_centroid"": 1904.56, ""spectral_rolloff"": 3067.29, ""duration_seconds"": 1.14}","{""pace"": ""normal"", ""volume"": ""normal"", ""pitch_variation"": ""low"", ""is_question"": false, ""has_pilot_address"": false, ""is_protocol"": false, ""is_acknowledgment"": false}",I will remain here.
BT-7274.Voicepack/bt_clips/106_Pilot_my_mapping_systems_have_been.wav,"{""primary_emotion"": ""neutral"", ""primary_score"": 0.0, ""confidence"": 0.0, ""secondary_emotion"": null, ""all_scores"": {}}",106,pilot my mapping systems have been restored,36,"p ɪ l ɒ t ,   m y   m æ p p ɪ ŋ   s y s t ɛ m s   h æ v ɛ   b iː n   r ɛ s t ɔːr ɛ d .","{""mean_pitch_hz"": 760.93, ""pitch_range_hz"": 974.64, ""mean_energy"": 0.0486, ""energy_range"": 0.1741, ""tempo_bpm"": 89.1, ""spectral_centroid"": 2634.05, ""spectral_rolloff"": 4462.22, ""duration_seconds"": 2.32}","{""pace"": ""normal"", ""volume"": ""normal"", ""pitch_variation"": ""low"", ""is_question"": false, ""has_pilot_address"": true, ""is_protocol"": false, ""is_acknowledgment"": false}","Pilot, my mapping systems have been restored."
BT-7274.Voicepack/bt_clips/107_The_ambush_of_the_9th_Militia.wav,"{""primary_emotion"": ""neutral"", ""primary_score"": 0.0, ""confidence"": 0.0, ""secondary_emotion"": null, ""all_scores"": {}}",107,the ambush of the 9th militia fleet has landed us far off course from our original destination,69,θ ɛ   æ m b ʌ ʃ   ɒ f   θ ɛ   θ   m ɪ l ɪ t ɪ æ   f l iː t   h æ s   l æ n d ɛ d   ʌ s   f ɑːr   ɒ f f   c aʊ r s ɛ   f r ɒ m   aʊ r   ɔːr ɪ g ɪ n æ l   d ɛ s t ɪ n æ t ɪ ɒ n .,"{""mean_pitch_hz"": 739.43, ""pitch_range_hz"": 1230.43, ""mean_energy"": 0.0617, ""energy_range"": 0.1124, ""tempo_bpm"": 129.2, ""spectral_centroid"": 2557.8, ""spectral_rolloff"": 4427.97, ""duration_seconds"": 4.66}","{""pace"": ""normal"", ""volume"": ""normal"", ""pitch_variation"": ""low"", ""is_question"": false, ""has_pilot_address"": false, ""is_protocol"": false, ""is_acknowledgment"": false}",The ambush of the 9th Militia Fleet has landed us far off course from our original destination.
BT-7274.Voicepack/bt_clips/108_We_are_located_in_hostile_territory.wav,"{""primary_emotion"": ""neutral"", ""primary_score"": 0.0, ""confidence"": 0.0, ""secondary_emotion"": null, ""all_scores"": {}}",108,we are located in hostile territory,28,w ɛ   ɑːr ɛ   l ɒ c æ t ɛ d   ɪ n   h ɒ s t ɪ l ɛ   t ɜːr r ɪ t ɔːr y .,"{""mean_pitch_hz"": 616.23, ""pitch_range_hz"": 555.69, ""mean_energy"": 0.0753, ""energy_range"": 0.1958, ""tempo_bpm"": 143.55, ""spectral_centroid"": 2203.29, ""spectral_rolloff"": 3716.55, ""duration_seconds"": 1.86}","{""pace"": ""normal"", ""volume"": ""normal"", ""pitch_variation"": ""low"", ""is_question"": false, ""has_pilot_address"": false, ""is_protocol"": false, ""is_acknowledgment"": false}",We are located in hostile territory.
BT-7274.Voicepack/bt_clips/109_Be_careful_we_cannot_stay_here.wav,"{""primary_emotion"": ""cautious"", ""primary_score"": 0.8, ""confidence"": 0.1, ""secondary_emotion"": ""concerned"", ""all_scores"": {""cautious"": 0.8, ""concerned"": 0.7}}",109,be careful we cannot stay here long,27,"b ɛ   c ɑːr ɛ f ʌ l ,   w ɛ   c æ n n ɒ t   s t eɪ   h ɜːr ɛ   l ɒ ŋ .","{""mean_pitch_hz"": 681.81, ""pitch_range_hz"": 860.35, ""mean_energy"": 0.0528, ""energy_range"": 0.1099, ""tempo_bpm"": 105.47, ""spectral_centroid"": 2278.42, ""spectral_rolloff"": 3710.59, ""duration_seconds"": 1.92}","{""pace"": ""slow"", ""volume"": ""soft"", ""pitch_variation"": ""normal"", ""is_question"": false, ""has_pilot_address"": false, ""is_protocol"": false, ""is_acknowledgment"": false}","Be careful, we cannot stay here long."
BT-7274.Voicepack/bt_clips/110_Pilot_your_suit_has_an_emergency.wav,"{""primary_emotion"": ""urgent"", ""primary_score"": 1.0, ""confidence"": 0.12, ""secondary_emotion"": null, ""all_scores"": {""urgent"": 1.0}}",110,pilot your suit has an emergency cloaking ability,40,"p ɪ l ɒ t ,   y aʊ r   s ʌ ɪ t   h æ s   æ n   ɛ m ɜːr g ɛ n c y   c l oʊ k ɪ ŋ   æ b ɪ l ɪ t y .","{""mean_pitch_hz"": 857.84, ""pitch_range_hz"": 1244.28, ""mean_energy"": 0.0633, ""energy_range"": 0.1856, ""tempo_bpm"": 132.51, ""spectral_centroid"": 2646.28, ""spectral_rolloff"": 4974.08, ""duration_seconds"": 2.64}","{""pace"": ""fast"", ""volume"": ""loud"", ""pitch_variation"": ""normal"", ""is_question"": false, ""has_pilot_address"": true, ""is_protocol"": false, ""is_acknowledgment"": false}","Pilot, your suit has an emergency cloaking ability."
BT-7274.Voicepack/bt_clips/111_This_can_help_you_survive_dangerous.wav,"{""primary_emotion"": ""urgent"", ""primary_score"": 1.0, ""confidence"": 0.12, ""secondary_emotion"": null, ""all_scores"": {""urgent"": 1.0}}",111,this can help you survive dangerous situations,35,θ ɪ s   c æ n   h ɛ l p   y aʊ   s ɜːr v ɪ v ɛ   d æ ŋ ɜːr aʊ s   s ɪ t ʌ æ t ɪ ɒ n s .,"{""mean_pitch_hz"": 744.66, ""pitch_range_hz"": 1702.33, ""mean_energy"": 0.0643, ""energy_range"": 0.1252, ""tempo_bpm"": 123.05, ""spectral_centroid"": 2887.5, ""spectral_rolloff"": 5175.65, ""duration_seconds"": 2.14}","{""pace"": ""fast"", ""volume"": ""loud"", ""pitch_variation"": ""normal"", ""is_question"": false, ""has_pilot_address"": false, ""is_protocol"": false, ""is_acknowledgment"": false}",This can help you survive dangerous situations.
BT-7274.Voicepack/bt_clips/112_We_have_no_other_options.wav,"{""primary_emotion"": ""neutral"", ""primary_score"": 0.0, ""confidence"": 0.0, ""secondary_emotion"": null, ""all_scores"": {}}",112,we have no other options,19,w ɛ   h æ v ɛ   n ɒ   ɒ θ ɜːr   ɒ p t ɪ ɒ n s .,"{""mean_pitch_hz"": 1018.97, ""pitch_range_hz"": 614.05, ""mean_energy"": 0.0568, ""energy_range"": 0.1743, ""tempo_bpm"": 156.61, ""spectral_centroid"": 2713.34, ""spectral_rolloff"": 4856.71, ""duration_seconds"": 2.06}","{""pace"": ""normal"", ""volume"": ""normal"", ""pitch_variation"": ""low"", ""is_question"": false, ""has_pilot_address"": false, ""is_protocol"": false, ""is_acknowledgment"": false}",We have no other options.
BT-7274.Voicepack/bt_clips/113_We_will_have_to_improvise_and.wav,"{""primary_emotion"": ""determined"", ""primary_score"": 0.8, ""confidence"": 0.1, ""secondary_emotion"": null, ""all_scores"": {""determined"": 0.8}}",113,we will have to improvise and adapt if we wish to survive,45,w ɛ   w ɪ l l   h æ v ɛ   t ɒ   ɪ m p r ɒ v ɪ s ɛ   æ n d   æ d æ p t   ɪ f   w ɛ   w ɪ ʃ   t ɒ   s ɜːr v ɪ v ɛ .,"{""mean_pitch_hz"": 334.29, ""pitch_range_hz"": 223.12, ""mean_energy"": 0.0644, ""energy_range"": 0.1475, ""tempo_bpm"": 120.19, ""spectral_centroid"": 2498.76, ""spectral_rolloff"": 4476.19, ""duration_seconds"": 3.04}","{""pace"": ""normal"", ""volume"": ""normal"", ""pitch_variation"": ""low"", ""is_question"": false, ""has_pilot_address"": false, ""is_protocol"": false, ""is_acknowledgment"": false}",We will have to improvise and adapt if we wish to survive.
BT-7274.Voicepack/bt_clips/114_Enemy_targets_inbound.wav,"{""primary_emotion"": ""neutral"", ""primary_score"": 0.0, ""confidence"": 0.0, ""secondary_emotion"": null, ""all_scores"": {}}",114,enemy targets inbound,18,ɛ n ɛ m y   t ɑːr g ɛ t s   ɪ n b aʊ n d .,"{""mean_pitch_hz"": 694.99, ""pitch_range_hz"": 1103.6, ""mean_energy"": 0.0917, ""energy_range"": 0.1628, ""tempo_bpm"": 99.38, ""spectral_centroid"": 1912.49, ""spectral_rolloff"": 3099.3, ""duration_seconds"": 1.18}","{""pace"": ""normal"", ""volume"": ""normal"", ""pitch_variation"": ""low"", ""is_question"": false, ""has_pilot_address"": false, ""is_protocol"": false, ""is_acknowledgment"": false}",Enemy targets inbound.
BT-7274.Voicepack/bt_clips/115_Well_done_Pilot.wav,"{""primary_emotion"": ""positive"", ""primary_score"": 0.9, ""confidence"": 0.11, ""secondary_emotion"": null, ""all_scores"": {""positive"": 0.9}}",115,well done pilot,15,"w ɛ l l   d ɒ n ɛ ,   p ɪ l ɒ t .","{""mean_pitch_hz"": 764.8, ""pitch_range_hz"": 1120.89, ""mean_energy"": 0.0924, ""energy_range"": 0.1622, ""tempo_bpm"": 114.84, ""spectral_centroid"": 1354.18, ""spectral_rolloff"": 2215.49, ""duration_seconds"": 0.82}","{""pace"": ""normal"", ""volume"": ""loud"", ""pitch_variation"": ""normal"", ""is_question"": false, ""has_pilot_address"": true, ""is_protocol"": false, ""is_acknowledgment"": false}","Well done, Pilot."
BT-7274.Voicepack/bt_clips/116_Our_combat_effectiveness_rating_has_incr.wav,"{""primary_emotion"": ""neutral"", ""primary_score"": 0.0, ""confidence"": 0.0, ""secondary_emotion"": null, ""all_scores"": {}}",116,our combat effectiveness rating has increased,38,aʊ r   c ɒ m b æ t   ɛ f f ɛ c t ɪ v ɛ n ɛ s s   r æ t ɪ ŋ   h æ s   ɪ n c r iː s ɛ d .,"{""mean_pitch_hz"": 659.53, ""pitch_range_hz"": 1239.66, ""mean_energy"": 0.0778, ""energy_range"": 0.1829, ""tempo_bpm"": 129.2, ""spectral_centroid"": 1993.31, ""spectral_rolloff"": 3317.64, ""duration_seconds"": 2.28}","{""pace"": ""normal"", ""volume"": ""normal"", ""pitch_variation"": ""low"", ""is_question"": false, ""has_pilot_address"": false, ""is_protocol"": false, ""is_acknowledgment"": false}",Our combat effectiveness rating has increased.
BT-7274.Voicepack/bt_clips/117_Pilot_I_am_detecting_militia_forces.wav,"{""primary_emotion"": ""neutral"", ""primary_score"": 0.0, ""confidence"": 0.0, ""secondary_emotion"": null, ""all_scores"": {}}",117,pilot i am detecting militia forces 10 clicks south of our location,50,"p ɪ l ɒ t ,   ɪ   æ m   d ɛ t ɛ c t ɪ ŋ   m ɪ l ɪ t ɪ æ   f ɔːr c ɛ s     c l ɪ k s   s aʊ θ   ɒ f   aʊ r   l ɒ c æ t ɪ ɒ n .","{""mean_pitch_hz"": 701.38, ""pitch_range_hz"": 745.97, ""mean_energy"": 0.0697, ""energy_range"": 0.1891, ""tempo_bpm"": 112.35, ""spectral_centroid"": 2242.99, ""spectral_rolloff"": 3843.55, ""duration_seconds"": 3.92}","{""pace"": ""normal"", ""volume"": ""normal"", ""pitch_variation"": ""low"", ""is_question"": false, ""has_pilot_address"": true, ""is_protocol"": false, ""is_acknowledgment"": false}","Pilot, I am detecting militia forces 10 clicks south of our location."
BT-7274.Voicepack/bt_clips/118_Pilot_there_are_more_IMC_salvage.wav,"{""primary_emotion"": ""neutral"", ""primary_score"": 0.0, ""confidence"": 0.0, ""secondary_emotion"": null, ""all_scores"": {}}",118,pilot there are more imc salvage teams on the way,35,"p ɪ l ɒ t ,   θ ɜːr ɛ   ɑːr ɛ   m ɔːr ɛ   ɪ m c   s æ l v æ g ɛ   t iː m s   ɒ n   θ ɛ   w eɪ .","{""mean_pitch_hz"": 646.15, ""pitch_range_hz"": 1154.23, ""mean_energy"": 0.0911, ""energy_range"": 0.2758, ""tempo_bpm"": 143.55, ""spectral_centroid"": 2006.04, ""spectral_rolloff"": 3515.49, ""duration_seconds"": 3.18}","{""pace"": ""normal"", ""volume"": ""normal"", ""pitch_variation"": ""low"", ""is_question"": false, ""has_pilot_address"": true, ""is_protocol"": false, ""is_acknowledgment"": false}","Pilot, there are more IMC salvage teams on the way."
BT-7274.Voicepack/bt_clips/119_Pilot_our_only_chance_of_survival.wav,"{""primary_emotion"": ""neutral"", ""primary_score"": 0.0, ""confidence"": 0.0, ""secondary_emotion"": null, ""all_scores"": {}}",119,pilot our only chance of survival is to rendezvous with major anderson and reconnect with the fleet,75,"p ɪ l ɒ t ,   aʊ r   ɒ n l y   tʃ æ n c ɛ   ɒ f   s ɜːr v ɪ v æ l   ɪ s   t ɒ   r ɛ n d ɛ z v aʊ s   w ɪ θ   m æ j ɔːr   æ n d ɜːr s ɒ n   æ n d   r ɛ c ɒ n n ɛ c t   w ɪ θ   θ ɛ   f l iː t .","{""mean_pitch_hz"": 447.66, ""pitch_range_hz"": 921.58, ""mean_energy"": 0.0719, ""energy_range"": 0.2339, ""tempo_bpm"": 103.36, ""spectral_centroid"": 1848.67, ""spectral_rolloff"": 3252.41, ""duration_seconds"": 5.54}","{""pace"": ""normal"", ""volume"": ""normal"", ""pitch_variation"": ""low"", ""is_question"": false, ""has_pilot_address"": true, ""is_protocol"": false, ""is_acknowledgment"": false}","Pilot, our only chance of survival is to rendezvous with Major Anderson and reconnect with the fleet."
BT-7274.Voicepack/bt_clips/120_Until_then_you_and_I_are.wav,"{""primary_emotion"": ""neutral"", ""primary_score"": 0.0, ""confidence"": 0.0, ""secondary_emotion"": null, ""all_scores"": {}}",120,until then you and i are on our own,24,"ʌ n t ɪ l   θ ɛ n ,   y aʊ   æ n d   ɪ   ɑːr ɛ   ɒ n   aʊ r   oʊ n .","{""mean_pitch_hz"": 475.95, ""pitch_range_hz"": 1172.21, ""mean_energy"": 0.0598, ""energy_range"": 0.1957, ""tempo_bpm"": 107.67, ""spectral_centroid"": 1685.37, ""spectral_rolloff"": 3048.08, ""duration_seconds"": 3.52}","{""pace"": ""normal"", ""volume"": ""normal"", ""pitch_variation"": ""low"", ""is_question"": false, ""has_pilot_address"": false, ""is_protocol"": false, ""is_acknowledgment"": false}","Until then, you and I are on our own."
BT-7274.Voicepack/bt_clips/121_Pilot_our_only_chance_of_survival.wav,"{""primary_emotion"": ""determined"", ""primary_score"": 0.8, ""confidence"": 0.1, ""secondary_emotion"": null, ""all_scores"": {""determined"": 0.8}}",121,pilot our only chance of survival will be to rendezvous with major anderson and reconnect with the fleet,79,"p ɪ l ɒ t ,   aʊ r   ɒ n l y   tʃ æ n c ɛ   ɒ f   s ɜːr v ɪ v æ l   w ɪ l l   b ɛ   t ɒ   r ɛ n d ɛ z v aʊ s   w ɪ θ   m æ j ɔːr   æ n d ɜːr s ɒ n   æ n d   r ɛ c ɒ n n ɛ c t   w ɪ θ   θ ɛ   f l iː t .","{""mean_pitch_hz"": 358.91, ""pitch_range_hz"": 755.15, ""mean_energy"": 0.07, ""energy_range"": 0.2175, ""tempo_bpm"": 117.45, ""spectral_centroid"": 2233.11, ""spectral_rolloff"": 3950.89, ""duration_seconds"": 4.96}","{""pace"": ""normal"", ""volume"": ""normal"", ""pitch_variation"": ""low"", ""is_question"": false, ""has_pilot_address"": true, ""is_protocol"": false, ""is_acknowledgment"": false}","Pilot, our only chance of survival will be to rendezvous with Major Anderson and reconnect with the fleet."
BT-7274.Voicepack/bt_clips/122_Until_then_you_and_I_are.wav,"{""primary_emotion"": ""neutral"", ""primary_score"": 0.0, ""confidence"": 0.0, ""secondary_emotion"": null, ""all_scores"": {}}",122,until then you and i are on our own,24,"ʌ n t ɪ l   θ ɛ n ,   y aʊ   æ n d   ɪ   ɑːr ɛ   ɒ n   aʊ r   oʊ n .","{""mean_pitch_hz"": 785.06, ""pitch_range_hz"": 820.82, ""mean_energy"": 0.059, ""energy_range"": 0.1384, ""tempo_bpm"": 93.96, ""spectral_centroid"": 1981.5, ""spectral_rolloff"": 3398.12, ""duration_seconds"": 2.42}","{""pace"": ""normal"", ""volume"": ""normal"", ""pitch_variation"": ""low"", ""is_question"": false, ""has_pilot_address"": false, ""is_protocol"": false, ""is_acknowledgment"": false}","Until then, you and I are on our own."
BT-7274.Voicepack/bt_clips/123_Pilot_our_only_chance_of_survival.wav,"{""primary_emotion"": ""neutral"", ""primary_score"": 0.0, ""confidence"": 0.0, ""secondary_emotion"": null, ""all_scores"": {}}",123,pilot our only chance of survival is to rendezvous with major anderson and reconnect with the fleet,75,"p ɪ l ɒ t ,   aʊ r   ɒ n l y   tʃ æ n c ɛ   ɒ f   s ɜːr v ɪ v æ l   ɪ s   t ɒ   r ɛ n d ɛ z v aʊ s   w ɪ θ   m æ j ɔːr   æ n d ɜːr s ɒ n   æ n d   r ɛ c ɒ n n ɛ c t   w ɪ θ   θ ɛ   f l iː t .","{""mean_pitch_hz"": 698.0, ""pitch_range_hz"": 1810.82, ""mean_energy"": 0.0631, ""energy_range"": 0.2055, ""tempo_bpm"": 117.45, ""spectral_centroid"": 2357.01, ""spectral_rolloff"": 4149.57, ""duration_seconds"": 5.12}","{""pace"": ""normal"", ""volume"": ""normal"", ""pitch_variation"": ""low"", ""is_question"": false, ""has_pilot_address"": true, ""is_protocol"": false, ""is_acknowledgment"": false}","Pilot, our only chance of survival is to rendezvous with Major Anderson and reconnect with the fleet."
BT-7274.Voicepack/bt_clips/124_Until_then_you_and_I_are.wav,"{""primary_emotion"": ""neutral"", ""primary_score"": 0.0, ""confidence"": 0.0, ""secondary_emotion"": null, ""all_scores"": {}}",124,until then you and i are on our own,24,"ʌ n t ɪ l   θ ɛ n ,   y aʊ   æ n d   ɪ   ɑːr ɛ   ɒ n   aʊ r   oʊ n .","{""mean_pitch_hz"": 537.33, ""pitch_range_hz"": 757.36, ""mean_energy"": 0.0615, ""energy_range"": 0.1456, ""tempo_bpm"": 114.84, ""spectral_centroid"": 1950.06, ""spectral_rolloff"": 3600.76, ""duration_seconds"": 2.22}","{""pace"": ""normal"", ""volume"": ""normal"", ""pitch_variation"": ""low"", ""is_question"": false, ""has_pilot_address"": false, ""is_protocol"": false, ""is_acknowledgment"": false}","Until then, you and I are on our own."
BT-7274.Voicepack/bt_clips/125_Pilot_I_detect_more_IMC_salvage.wav,"{""primary_emotion"": ""neutral"", ""primary_score"": 0.0, ""confidence"": 0.0, ""secondary_emotion"": null, ""all_scores"": {}}",125,pilot i detect more imc salvage teams on the way,37,"p ɪ l ɒ t ,   ɪ   d ɛ t ɛ c t   m ɔːr ɛ   ɪ m c   s æ l v æ g ɛ   t iː m s   ɒ n   θ ɛ   w eɪ .","{""mean_pitch_hz"": 720.59, ""pitch_range_hz"": 1125.94, ""mean_energy"": 0.0638, ""energy_range"": 0.156, ""tempo_bpm"": 99.38, ""spectral_centroid"": 2476.5, ""spectral_rolloff"": 4297.26, ""duration_seconds"": 3.24}","{""pace"": ""normal"", ""volume"": ""normal"", ""pitch_variation"": ""low"", ""is_question"": false, ""has_pilot_address"": true, ""is_protocol"": false, ""is_acknowledgment"": false}","Pilot, I detect more IMC salvage teams on the way."
BT-7274.Voicepack/bt_clips/126_Our_only_chance_of_survival_is.wav,"{""primary_emotion"": ""determined"", ""primary_score"": 0.8, ""confidence"": 0.1, ""secondary_emotion"": null, ""all_scores"": {""determined"": 0.8}}",126,our only chance of survival is to uphold the original mission and rendezvous with major anderson,72,aʊ r   ɒ n l y   tʃ æ n c ɛ   ɒ f   s ɜːr v ɪ v æ l   ɪ s   t ɒ   ʌ f ɒ l d   θ ɛ   ɔːr ɪ g ɪ n æ l   m ɪ s s ɪ ɒ n   æ n d   r ɛ n d ɛ z v aʊ s   w ɪ θ   m æ j ɔːr   æ n d ɜːr s ɒ n .,"{""mean_pitch_hz"": 619.99, ""pitch_range_hz"": 2011.87, ""mean_energy"": 0.058, ""energy_range"": 0.1486, ""tempo_bpm"": 105.47, ""spectral_centroid"": 2177.31, ""spectral_rolloff"": 3861.18, ""duration_seconds"": 5.08}","{""pace"": ""normal"", ""volume"": ""normal"", ""pitch_variation"": ""low"", ""is_question"": false, ""has_pilot_address"": false, ""is_protocol"": false, ""is_acknowledgment"": false}",Our only chance of survival is to uphold the original mission and rendezvous with Major Anderson.
BT-7274.Voicepack/bt_clips/127_Until_then_you_and_I_are.wav,"{""primary_emotion"": ""neutral"", ""primary_score"": 0.0, ""confidence"": 0.0, ""secondary_emotion"": null, ""all_scores"": {}}",127,until then you and i are on our own,24,"ʌ n t ɪ l   θ ɛ n ,   y aʊ   æ n d   ɪ   ɑːr ɛ   ɒ n   aʊ r   oʊ n .","{""mean_pitch_hz"": 721.54, ""pitch_range_hz"": 906.19, ""mean_energy"": 0.0583, ""energy_range"": 0.1741, ""tempo_bpm"": 112.35, ""spectral_centroid"": 1770.92, ""spectral_rolloff"": 2941.09, ""duration_seconds"": 2.34}","{""pace"": ""normal"", ""volume"": ""normal"", ""pitch_variation"": ""low"", ""is_question"": false, ""has_pilot_address"": false, ""is_protocol"": false, ""is_acknowledgment"": false}","Until then, you and I are on our own."
BT-7274.Voicepack/bt_clips/128_Pilot_our_only_chance_of_survival.wav,"{""primary_emotion"": ""determined"", ""primary_score"": 0.8, ""confidence"": 0.1, ""secondary_emotion"": null, ""all_scores"": {""determined"": 0.8}}",128,pilot our only chance of survival is to uphold our mission of rendezvousing with major anderson,72,"p ɪ l ɒ t ,   aʊ r   ɒ n l y   tʃ æ n c ɛ   ɒ f   s ɜːr v ɪ v æ l   ɪ s   t ɒ   ʌ f ɒ l d   aʊ r   m ɪ s s ɪ ɒ n   ɒ f   r ɛ n d ɛ z v aʊ s ɪ ŋ   w ɪ θ   m æ j ɔːr   æ n d ɜːr s ɒ n .","{""mean_pitch_hz"": 752.9, ""pitch_range_hz"": 1839.4, ""mean_energy"": 0.0698, ""energy_range"": 0.1999, ""tempo_bpm"": 136.0, ""spectral_centroid"": 2308.87, ""spectral_rolloff"": 4025.66, ""duration_seconds"": 4.74}","{""pace"": ""normal"", ""volume"": ""normal"", ""pitch_variation"": ""low"", ""is_question"": false, ""has_pilot_address"": true, ""is_protocol"": false, ""is_acknowledgment"": false}","Pilot, our only chance of survival is to uphold our mission of rendezvousing with Major Anderson."
BT-7274.Voicepack/bt_clips/129_Until_then_you_and_I_are.wav,"{""primary_emotion"": ""neutral"", ""primary_score"": 0.0, ""confidence"": 0.0, ""secondary_emotion"": null, ""all_scores"": {}}",129,until then you and i are on our own,24,"ʌ n t ɪ l   θ ɛ n ,   y aʊ   æ n d   ɪ   ɑːr ɛ   ɒ n   aʊ r   oʊ n .","{""mean_pitch_hz"": 751.13, ""pitch_range_hz"": 826.71, ""mean_energy"": 0.0651, ""energy_range"": 0.1521, ""tempo_bpm"": 114.84, ""spectral_centroid"": 1906.01, ""spectral_rolloff"": 3445.0, ""duration_seconds"": 2.38}","{""pace"": ""normal"", ""volume"": ""normal"", ""pitch_variation"": ""low"", ""is_question"": false, ""has_pilot_address"": false, ""is_protocol"": false, ""is_acknowledgment"": false}","Until then, you and I are on our own."
BT-7274.Voicepack/bt_clips/130_Marking_your_HUD_we_must_move.wav,"{""primary_emotion"": ""urgent"", ""primary_score"": 1.0, ""confidence"": 0.12, ""secondary_emotion"": ""commanding"", ""all_scores"": {""urgent"": 1.0, ""commanding"": 0.9, ""determined"": 0.8}}",130,marking your hud we must move quickly,29,"m ɑːr k ɪ ŋ   y aʊ r   h ʌ d ,   w ɛ   m ʌ s t   m ɒ v ɛ   q ʌ ɪ k l y .","{""mean_pitch_hz"": 1060.45, ""pitch_range_hz"": 181.07, ""mean_energy"": 0.0647, ""energy_range"": 0.2465, ""tempo_bpm"": 132.51, ""spectral_centroid"": 2120.07, ""spectral_rolloff"": 3732.69, ""duration_seconds"": 2.18}","{""pace"": ""fast"", ""volume"": ""loud"", ""pitch_variation"": ""normal"", ""is_question"": false, ""has_pilot_address"": false, ""is_protocol"": false, ""is_acknowledgment"": false}","Marking your HUD, we must move quickly."
BT-7274.Voicepack/bt_clips/131_If_we_wish_to_survive_our.wav,"{""primary_emotion"": ""determined"", ""primary_score"": 1.6, ""confidence"": 0.2, ""secondary_emotion"": null, ""all_scores"": {""determined"": 1.6}}",131,if we wish to survive our only chance will be to uphold the mission and rendezvous with major anderson,76,"ɪ f   w ɛ   w ɪ ʃ   t ɒ   s ɜːr v ɪ v ɛ ,   aʊ r   ɒ n l y   tʃ æ n c ɛ   w ɪ l l   b ɛ   t ɒ   ʌ f ɒ l d   θ ɛ   m ɪ s s ɪ ɒ n   æ n d   r ɛ n d ɛ z v aʊ s   w ɪ θ   m æ j ɔːr   æ n d ɜːr s ɒ n .","{""mean_pitch_hz"": 523.36, ""pitch_range_hz"": 582.32, ""mean_energy"": 0.0732, ""energy_range"": 0.2658, ""tempo_bpm"": 107.67, ""spectral_centroid"": 2267.17, ""spectral_rolloff"": 3878.76, ""duration_seconds"": 5.2}","{""pace"": ""normal"", ""volume"": ""normal"", ""pitch_variation"": ""low"", ""is_question"": false, ""has_pilot_address"": false, ""is_protocol"": false, ""is_acknowledgment"": false}","If we wish to survive, our only chance will be to uphold the mission and rendezvous with Major Anderson."
BT-7274.Voicepack/bt_clips/132_Until_then_you_and_I_are.wav,"{""primary_emotion"": ""neutral"", ""primary_score"": 0.0, ""confidence"": 0.0, ""secondary_emotion"": null, ""all_scores"": {}}",132,until then you and i are on our own,24,"ʌ n t ɪ l   θ ɛ n ,   y aʊ   æ n d   ɪ   ɑːr ɛ   ɒ n   aʊ r   oʊ n .","{""mean_pitch_hz"": 684.5, ""pitch_range_hz"": 768.79, ""mean_energy"": 0.0703, ""energy_range"": 0.1721, ""tempo_bpm"": 172.27, ""spectral_centroid"": 1921.43, ""spectral_rolloff"": 3428.15, ""duration_seconds"": 2.46}","{""pace"": ""normal"", ""volume"": ""normal"", ""pitch_variation"": ""low"", ""is_question"": false, ""has_pilot_address"": false, ""is_protocol"": false, ""is_acknowledgment"": false}","Until then, you and I are on our own."
BT-7274.Voicepack/bt_clips/133_Power.wav,"{""primary_emotion"": ""neutral"", ""primary_score"": 0.0, ""confidence"": 0.0, ""secondary_emotion"": null, ""all_scores"": {}}",133,power,4,p oʊ ɜːr .,"{""mean_pitch_hz"": 933.38, ""pitch_range_hz"": 348.04, ""mean_energy"": 0.0933, ""energy_range"": 0.1627, ""tempo_bpm"": 136.0, ""spectral_centroid"": 1352.28, ""spectral_rolloff"": 1739.66, ""duration_seconds"": 0.44}","{""pace"": ""normal"", ""volume"": ""normal"", ""pitch_variation"": ""low"", ""is_question"": false, ""has_pilot_address"": false, ""is_protocol"": false, ""is_acknowledgment"": false}",Power.
BT-7274.Voicepack/bt_clips/134_Low.wav,"{""primary_emotion"": ""neutral"", ""primary_score"": 0.0, ""confidence"": 0.0, ""secondary_emotion"": null, ""all_scores"": {}}",134,low,3,l oʊ .,"{""mean_pitch_hz"": 588.72, ""pitch_range_hz"": 910.92, ""mean_energy"": 0.089, ""energy_range"": 0.1213, ""tempo_bpm"": 136.0, ""spectral_centroid"": 1271.46, ""spectral_rolloff"": 1470.41, ""duration_seconds"": 0.4}","{""pace"": ""normal"", ""volume"": ""normal"", ""pitch_variation"": ""low"", ""is_question"": false, ""has_pilot_address"": false, ""is_protocol"": false, ""is_acknowledgment"": false}",Low.
BT-7274.Voicepack/bt_clips/135_Insufficient_power.wav,"{""primary_emotion"": ""neutral"", ""primary_score"": 0.0, ""confidence"": 0.0, ""secondary_emotion"": null, ""all_scores"": {}}",135,insufficient power,15,ɪ n s ʌ f f ɪ c iː n t   p oʊ ɜːr .,"{""mean_pitch_hz"": 752.72, ""pitch_range_hz"": 817.23, ""mean_energy"": 0.0686, ""energy_range"": 0.1254, ""tempo_bpm"": 132.51, ""spectral_centroid"": 2300.85, ""spectral_rolloff"": 4028.31, ""duration_seconds"": 1.08}","{""pace"": ""normal"", ""volume"": ""normal"", ""pitch_variation"": ""low"", ""is_question"": false, ""has_pilot_address"": false, ""is_protocol"": false, ""is_acknowledgment"": false}",Insufficient power.
BT-7274.Voicepack/bt_clips/136_Pilot_I_am_detecting_friendly_militia.wav,"{""primary_emotion"": ""neutral"", ""primary_score"": 0.0, ""confidence"": 0.0, ""secondary_emotion"": null, ""all_scores"": {}}",136,pilot i am detecting friendly militia forces along your path,47,"p ɪ l ɒ t ,   ɪ   æ m   d ɛ t ɛ c t ɪ ŋ   f r iː n d l y   m ɪ l ɪ t ɪ æ   f ɔːr c ɛ s   æ l ɒ ŋ   y aʊ r   p æ θ .","{""mean_pitch_hz"": 755.09, ""pitch_range_hz"": 1189.99, ""mean_energy"": 0.0698, ""energy_range"": 0.208, ""tempo_bpm"": 114.84, ""spectral_centroid"": 2481.17, ""spectral_rolloff"": 4332.34, ""duration_seconds"": 3.54}","{""pace"": ""normal"", ""volume"": ""normal"", ""pitch_variation"": ""low"", ""is_question"": false, ""has_pilot_address"": true, ""is_protocol"": false, ""is_acknowledgment"": false}","Pilot, I am detecting friendly militia forces along your path."
BT-7274.Voicepack/bt_clips/137_They_may_need_assistance.wav,"{""primary_emotion"": ""neutral"", ""primary_score"": 0.0, ""confidence"": 0.0, ""secondary_emotion"": null, ""all_scores"": {}}",137,they may need assistance,18,θ eɪ   m eɪ   n iː d   æ s s ɪ s t æ n c ɛ .,"{""mean_pitch_hz"": 380.16, ""pitch_range_hz"": 187.6, ""mean_energy"": 0.0514, ""energy_range"": 0.099, ""tempo_bpm"": 126.05, ""spectral_centroid"": 3223.98, ""spectral_rolloff"": 6253.56, ""duration_seconds"": 1.08}","{""pace"": ""normal"", ""volume"": ""normal"", ""pitch_variation"": ""low"", ""is_question"": false, ""has_pilot_address"": false, ""is_protocol"": false, ""is_acknowledgment"": false}",They may need assistance.
BT-7274.Voicepack/bt_clips/138_In_order_to_survive_we_must.wav,"{""primary_emotion"": ""commanding"", ""primary_score"": 0.9, ""confidence"": 0.11, ""secondary_emotion"": ""determined"", ""all_scores"": {""commanding"": 0.9, ""determined"": 0.8}}",138,in order to survive we must keep moving,29,"ɪ n   ɔːr d ɜːr   t ɒ   s ɜːr v ɪ v ɛ ,   w ɛ   m ʌ s t   k iː p   m ɒ v ɪ ŋ .","{""mean_pitch_hz"": 690.43, ""pitch_range_hz"": 938.94, ""mean_energy"": 0.0595, ""energy_range"": 0.1867, ""tempo_bpm"": 156.61, ""spectral_centroid"": 2788.58, ""spectral_rolloff"": 4969.72, ""duration_seconds"": 2.52}","{""pace"": ""fast"", ""volume"": ""loud"", ""pitch_variation"": ""normal"", ""is_question"": false, ""has_pilot_address"": false, ""is_protocol"": false, ""is_acknowledgment"": false}","In order to survive, we must keep moving."
BT-7274.Voicepack/bt_clips/139_Well_done_Pilot.wav,"{""primary_emotion"": ""positive"", ""primary_score"": 0.9, ""confidence"": 0.11, ""secondary_emotion"": null, ""all_scores"": {""positive"": 0.9}}",139,well done pilot,15,"w ɛ l l   d ɒ n ɛ ,   p ɪ l ɒ t .","{""mean_pitch_hz"": 774.53, ""pitch_range_hz"": 1014.17, ""mean_energy"": 0.0973, ""energy_range"": 0.1639, ""tempo_bpm"": 152.0, ""spectral_centroid"": 1431.62, ""spectral_rolloff"": 2285.7, ""duration_seconds"": 0.7}","{""pace"": ""normal"", ""volume"": ""loud"", ""pitch_variation"": ""normal"", ""is_question"": false, ""has_pilot_address"": true, ""is_protocol"": false, ""is_acknowledgment"": false}","Well done, Pilot."
BT-7274.Voicepack/bt_clips/140_Kanes_helmet_radio_is_still_intact.wav,"{""primary_emotion"": ""neutral"", ""primary_score"": 0.0, ""confidence"": 0.0, ""secondary_emotion"": null, ""all_scores"": {}}",140,kanes helmet radio is still intact,30,k æ n ɛ s   h ɛ l m ɛ t   r æ d ɪ ɒ   ɪ s   s t ɪ l l   ɪ n t æ c t .,"{""mean_pitch_hz"": 514.34, ""pitch_range_hz"": 1293.69, ""mean_energy"": 0.0881, ""energy_range"": 0.2078, ""tempo_bpm"": 139.67, ""spectral_centroid"": 2005.9, ""spectral_rolloff"": 3355.7, ""duration_seconds"": 1.86}","{""pace"": ""normal"", ""volume"": ""normal"", ""pitch_variation"": ""low"", ""is_question"": false, ""has_pilot_address"": false, ""is_protocol"": false, ""is_acknowledgment"": false}",Kane's helmet radio is still intact.
BT-7274.Voicepack/bt_clips/141_We_should_retrieve_it.wav,"{""primary_emotion"": ""neutral"", ""primary_score"": 0.0, ""confidence"": 0.0, ""secondary_emotion"": null, ""all_scores"": {}}",141,we should retrieve it,16,w ɛ   ʃ aʊ l d   r ɛ t r iː v ɛ   ɪ t .,"{""mean_pitch_hz"": 1044.97, ""pitch_range_hz"": 2131.66, ""mean_energy"": 0.051, ""energy_range"": 0.121, ""tempo_bpm"": 156.61, ""spectral_centroid"": 2433.12, ""spectral_rolloff"": 4443.38, ""duration_seconds"": 0.92}","{""pace"": ""normal"", ""volume"": ""normal"", ""pitch_variation"": ""low"", ""is_question"": false, ""has_pilot_address"": false, ""is_protocol"": false, ""is_acknowledgment"": false}",We should retrieve it.
BT-7274.Voicepack/bt_clips/142_Pilot_avoid_any_pools_of_thermite.wav,"{""primary_emotion"": ""neutral"", ""primary_score"": 0.0, ""confidence"": 0.0, ""secondary_emotion"": null, ""all_scores"": {}}",142,pilot avoid any pools of thermite,26,"p ɪ l ɒ t ,   æ v ɔɪ d   æ n y   p uː l s   ɒ f   θ ɜːr m ɪ t ɛ .","{""mean_pitch_hz"": 452.3, ""pitch_range_hz"": 497.9, ""mean_energy"": 0.08, ""energy_range"": 0.2423, ""tempo_bpm"": 123.05, ""spectral_centroid"": 2090.83, ""spectral_rolloff"": 3649.75, ""duration_seconds"": 2.02}","{""pace"": ""normal"", ""volume"": ""normal"", ""pitch_variation"": ""low"", ""is_question"": false, ""has_pilot_address"": true, ""is_protocol"": false, ""is_acknowledgment"": false}","Pilot, avoid any pools of thermite."
BT-7274.Voicepack/bt_clips/143_They_cause_heavy_damage.wav,"{""primary_emotion"": ""neutral"", ""primary_score"": 0.0, ""confidence"": 0.0, ""secondary_emotion"": null, ""all_scores"": {}}",143,they cause heavy damage,17,θ eɪ   c ɔː s ɛ   h iː v y   d æ m æ g ɛ .,"{""mean_pitch_hz"": 635.9, ""pitch_range_hz"": 1839.95, ""mean_energy"": 0.0635, ""energy_range"": 0.1113, ""tempo_bpm"": 114.84, ""spectral_centroid"": 1936.73, ""spectral_rolloff"": 3134.25, ""duration_seconds"": 1.06}","{""pace"": ""normal"", ""volume"": ""normal"", ""pitch_variation"": ""low"", ""is_question"": false, ""has_pilot_address"": false, ""is_protocol"": false, ""is_acknowledgment"": false}",They cause heavy damage.
BT-7274.Voicepack/bt_clips/144_Pilot_stay_out_of_Kanes_thermite.wav,"{""primary_emotion"": ""neutral"", ""primary_score"": 0.0, ""confidence"": 0.0, ""secondary_emotion"": null, ""all_scores"": {}}",144,pilot stay out of kanes thermite residue,32,"p ɪ l ɒ t ,   s t eɪ   aʊ t   ɒ f   k æ n ɛ s   θ ɜːr m ɪ t ɛ   r ɛ s ɪ d ʌ ɛ .","{""mean_pitch_hz"": 763.84, ""pitch_range_hz"": 1365.11, ""mean_energy"": 0.0755, ""energy_range"": 0.2231, ""tempo_bpm"": 126.05, ""spectral_centroid"": 2405.97, ""spectral_rolloff"": 3962.11, ""duration_seconds"": 2.14}","{""pace"": ""normal"", ""volume"": ""normal"", ""pitch_variation"": ""low"", ""is_question"": false, ""has_pilot_address"": true, ""is_protocol"": false, ""is_acknowledgment"": false}","Pilot, stay out of Kane's thermite residue."
BT-7274.Voicepack/bt_clips/145_It_causes_heavy_damage.wav,"{""primary_emotion"": ""neutral"", ""primary_score"": 0.0, ""confidence"": 0.0, ""secondary_emotion"": null, ""all_scores"": {}}",145,it causes heavy damage,18,ɪ t   c ɔː s ɛ s   h iː v y   d æ m æ g ɛ .,"{""mean_pitch_hz"": 675.74, ""pitch_range_hz"": 632.87, ""mean_energy"": 0.0583, ""energy_range"": 0.1158, ""tempo_bpm"": 129.2, ""spectral_centroid"": 2093.79, ""spectral_rolloff"": 3469.74, ""duration_seconds"": 1.2}","{""pace"": ""normal"", ""volume"": ""normal"", ""pitch_variation"": ""low"", ""is_question"": false, ""has_pilot_address"": false, ""is_protocol"": false, ""is_acknowledgment"": false}",It causes heavy damage.
BT-7274.Voicepack/bt_clips/146_The_ability_to_decrypt_enemy_communicati.wav,"{""primary_emotion"": ""neutral"", ""primary_score"": 0.0, ""confidence"": 0.0, ""secondary_emotion"": null, ""all_scores"": {}}",146,the ability to decrypt enemy communications has a strong history in warfare,60,θ ɛ   æ b ɪ l ɪ t y   t ɒ   d ɛ c r y p t   ɛ n ɛ m y   c ɒ m m ʌ n ɪ c æ t ɪ ɒ n s   h æ s   æ   s t r ɒ ŋ   h ɪ s t ɔːr y   ɪ n   w ɑːr f ɑːr ɛ .,"{""mean_pitch_hz"": 378.47, ""pitch_range_hz"": 1243.73, ""mean_energy"": 0.0786, ""energy_range"": 0.201, ""tempo_bpm"": 126.05, ""spectral_centroid"": 2178.83, ""spectral_rolloff"": 3893.18, ""duration_seconds"": 3.8}","{""pace"": ""normal"", ""volume"": ""normal"", ""pitch_variation"": ""low"", ""is_question"": false, ""has_pilot_address"": false, ""is_protocol"": false, ""is_acknowledgment"": false}",The ability to decrypt enemy communications has a strong history in warfare.
BT-7274.Voicepack/bt_clips/147_This_will_work_to_our_advantage.wav,"{""primary_emotion"": ""determined"", ""primary_score"": 0.8, ""confidence"": 0.1, ""secondary_emotion"": null, ""all_scores"": {""determined"": 0.8}}",147,this will work to our advantage,24,θ ɪ s   w ɪ l l   w ɔːr k   t ɒ   aʊ r   æ d v æ n t æ g ɛ .,"{""mean_pitch_hz"": 426.16, ""pitch_range_hz"": 17.77, ""mean_energy"": 0.0552, ""energy_range"": 0.1723, ""tempo_bpm"": 156.61, ""spectral_centroid"": 1966.62, ""spectral_rolloff"": 3335.33, ""duration_seconds"": 1.5}","{""pace"": ""normal"", ""volume"": ""normal"", ""pitch_variation"": ""low"", ""is_question"": false, ""has_pilot_address"": false, ""is_protocol"": false, ""is_acknowledgment"": false}",This will work to our advantage.
BT-7274.Voicepack/bt_clips/148_Pilot_by_now_the_IMC_will.wav,"{""primary_emotion"": ""determined"", ""primary_score"": 0.8, ""confidence"": 0.1, ""secondary_emotion"": null, ""all_scores"": {""determined"": 0.8}}",148,pilot by now the imc will be searching for us,32,"p ɪ l ɒ t ,   b y   n oʊ   θ ɛ   ɪ m c   w ɪ l l   b ɛ   s iː r tʃ ɪ ŋ   f ɔːr   ʌ s .","{""mean_pitch_hz"": 730.09, ""pitch_range_hz"": 1872.91, ""mean_energy"": 0.0706, ""energy_range"": 0.1689, ""tempo_bpm"": 117.45, ""spectral_centroid"": 2431.23, ""spectral_rolloff"": 4090.08, ""duration_seconds"": 2.64}","{""pace"": ""normal"", ""volume"": ""normal"", ""pitch_variation"": ""low"", ""is_question"": false, ""has_pilot_address"": true, ""is_protocol"": false, ""is_acknowledgment"": false}","Pilot, by now the IMC will be searching for us."
BT-7274.Voicepack/bt_clips/149_Our_best_chance_of_survival_lies.wav,"{""primary_emotion"": ""neutral"", ""primary_score"": 0.0, ""confidence"": 0.0, ""secondary_emotion"": null, ""all_scores"": {}}",149,our best chance of survival lies in rendezvousing with major anderson,51,aʊ r   b ɛ s t   tʃ æ n c ɛ   ɒ f   s ɜːr v ɪ v æ l   l iː s   ɪ n   r ɛ n d ɛ z v aʊ s ɪ ŋ   w ɪ θ   m æ j ɔːr   æ n d ɜːr s ɒ n .,"{""mean_pitch_hz"": 801.39, ""pitch_range_hz"": 660.79, ""mean_energy"": 0.0687, ""energy_range"": 0.221, ""tempo_bpm"": 136.0, ""spectral_centroid"": 2241.24, ""spectral_rolloff"": 3698.14, ""duration_seconds"": 3.36}","{""pace"": ""normal"", ""volume"": ""normal"", ""pitch_variation"": ""low"", ""is_question"": false, ""has_pilot_address"": false, ""is_protocol"": false, ""is_acknowledgment"": false}",Our best chance of survival lies in rendezvousing with Major Anderson.
BT-7274.Voicepack/bt_clips/150_It_will_be_a_long_journey.wav,"{""primary_emotion"": ""determined"", ""primary_score"": 0.8, ""confidence"": 0.1, ""secondary_emotion"": null, ""all_scores"": {""determined"": 0.8}}",150,it will be a long journey through enemyoccupied territory,40,ɪ t   w ɪ l l   b ɛ   æ   l ɒ ŋ   j aʊ r n eɪ   θ r oʊ   ɛ n ɛ m y ɒ c c ʌ p iː d   t ɜːr r ɪ t ɔːr y .,"{""mean_pitch_hz"": 726.31, ""pitch_range_hz"": 414.58, ""mean_energy"": 0.0576, ""energy_range"": 0.1727, ""tempo_bpm"": 114.84, ""spectral_centroid"": 1923.58, ""spectral_rolloff"": 3192.79, ""duration_seconds"": 3.06}","{""pace"": ""normal"", ""volume"": ""normal"", ""pitch_variation"": ""low"", ""is_question"": false, ""has_pilot_address"": false, ""is_protocol"": false, ""is_acknowledgment"": false}",It will be a long journey through enemy-occupied territory.
BT-7274.Voicepack/bt_clips/151_We_must_move_quickly.wav,"{""primary_emotion"": ""urgent"", ""primary_score"": 1.0, ""confidence"": 0.12, ""secondary_emotion"": ""commanding"", ""all_scores"": {""urgent"": 1.0, ""commanding"": 0.9, ""determined"": 0.8}}",151,we must move quickly,17,w ɛ   m ʌ s t   m ɒ v ɛ   q ʌ ɪ k l y .,"{""mean_pitch_hz"": 652.83, ""pitch_range_hz"": 1238.37, ""mean_energy"": 0.0394, ""energy_range"": 0.0943, ""tempo_bpm"": 139.67, ""spectral_centroid"": 2366.03, ""spectral_rolloff"": 4231.37, ""duration_seconds"": 1.28}","{""pace"": ""fast"", ""volume"": ""loud"", ""pitch_variation"": ""normal"", ""is_question"": false, ""has_pilot_address"": false, ""is_protocol"": false, ""is_acknowledgment"": false}",We must move quickly.
BT-7274.Voicepack/bt_clips/152_I_advise_we_proceed_with_caution.wav,"{""primary_emotion"": ""commanding"", ""primary_score"": 0.9, ""confidence"": 0.11, ""secondary_emotion"": ""cautious"", ""all_scores"": {""commanding"": 0.9, ""cautious"": 0.8}}",152,i advise we proceed with caution,25,ɪ   æ d v ɪ s ɛ   w ɛ   p r ɒ c iː d   w ɪ θ   c ɔː t ɪ ɒ n .,"{""mean_pitch_hz"": 756.34, ""pitch_range_hz"": 1477.65, ""mean_energy"": 0.0709, ""energy_range"": 0.1533, ""tempo_bpm"": 132.51, ""spectral_centroid"": 2263.25, ""spectral_rolloff"": 3852.64, ""duration_seconds"": 1.66}","{""pace"": ""fast"", ""volume"": ""loud"", ""pitch_variation"": ""normal"", ""is_question"": false, ""has_pilot_address"": false, ""is_protocol"": false, ""is_acknowledgment"": false}",I advise we proceed with caution.
BT-7274.Voicepack/bt_clips/153_Be_careful_Pilot.wav,"{""primary_emotion"": ""cautious"", ""primary_score"": 0.8, ""confidence"": 0.1, ""secondary_emotion"": ""concerned"", ""all_scores"": {""cautious"": 0.8, ""concerned"": 0.7}}",153,be careful pilot,15,"b ɛ   c ɑːr ɛ f ʌ l ,   p ɪ l ɒ t .","{""mean_pitch_hz"": 427.75, ""pitch_range_hz"": 1759.41, ""mean_energy"": 0.0813, ""energy_range"": 0.1905, ""tempo_bpm"": 152.0, ""spectral_centroid"": 1907.13, ""spectral_rolloff"": 3174.43, ""duration_seconds"": 0.8}","{""pace"": ""slow"", ""volume"": ""soft"", ""pitch_variation"": ""normal"", ""is_question"": false, ""has_pilot_address"": true, ""is_protocol"": false, ""is_acknowledgment"": false}","Be careful, Pilot."
BT-7274.Voicepack/bt_clips/154_This_toxic_sludge_appears_corrosive_to.wav,"{""primary_emotion"": ""neutral"", ""primary_score"": 0.0, ""confidence"": 0.0, ""secondary_emotion"": null, ""all_scores"": {}}",154,this toxic sludge appears corrosive to organic life,41,θ ɪ s   t ɒ x ɪ c   s l ʌ d g ɛ   æ p p iː r s   c ɔːr r ɒ s ɪ v ɛ   t ɒ   ɔːr g æ n ɪ c   l ɪ f ɛ .,"{""mean_pitch_hz"": 852.8, ""pitch_range_hz"": 661.63, ""mean_energy"": 0.0599, ""energy_range"": 0.2043, ""tempo_bpm"": 139.67, ""spectral_centroid"": 2346.18, ""spectral_rolloff"": 3975.86, ""duration_seconds"": 3.14}","{""pace"": ""normal"", ""volume"": ""normal"", ""pitch_variation"": ""low"", ""is_question"": false, ""has_pilot_address"": false, ""is_protocol"": false, ""is_acknowledgment"": false}",This toxic sludge appears corrosive to organic life.
BT-7274.Voicepack/bt_clips/155_Pilot_I_advise_you_to_re-enter.wav,"{""primary_emotion"": ""neutral"", ""primary_score"": 0.0, ""confidence"": 0.0, ""secondary_emotion"": null, ""all_scores"": {}}",155,pilot i advise you to reenter the cockpit,32,"p ɪ l ɒ t ,   ɪ   æ d v ɪ s ɛ   y aʊ   t ɒ   r ɛ ɛ n t ɜːr   θ ɛ   c ɒ k p ɪ t .","{""mean_pitch_hz"": 497.38, ""pitch_range_hz"": 1236.91, ""mean_energy"": 0.096, ""energy_range"": 0.2362, ""tempo_bpm"": 126.05, ""spectral_centroid"": 1714.97, ""spectral_rolloff"": 2936.16, ""duration_seconds"": 1.96}","{""pace"": ""normal"", ""volume"": ""normal"", ""pitch_variation"": ""low"", ""is_question"": false, ""has_pilot_address"": true, ""is_protocol"": false, ""is_acknowledgment"": false}","Pilot, I advise you to re-enter the cockpit."
BT-7274.Voicepack/bt_clips/156_This_toxic_sludge_appears_corrosive_to.wav,"{""primary_emotion"": ""neutral"", ""primary_score"": 0.0, ""confidence"": 0.0, ""secondary_emotion"": null, ""all_scores"": {}}",156,this toxic sludge appears corrosive to organic life,41,θ ɪ s   t ɒ x ɪ c   s l ʌ d g ɛ   æ p p iː r s   c ɔːr r ɒ s ɪ v ɛ   t ɒ   ɔːr g æ n ɪ c   l ɪ f ɛ .,"{""mean_pitch_hz"": 689.68, ""pitch_range_hz"": 929.97, ""mean_energy"": 0.0578, ""energy_range"": 0.1293, ""tempo_bpm"": 143.55, ""spectral_centroid"": 2394.45, ""spectral_rolloff"": 4009.57, ""duration_seconds"": 2.96}","{""pace"": ""normal"", ""volume"": ""normal"", ""pitch_variation"": ""low"", ""is_question"": false, ""has_pilot_address"": false, ""is_protocol"": false, ""is_acknowledgment"": false}",This toxic sludge appears corrosive to organic life.
BT-7274.Voicepack/bt_clips/157_Pilot_this_titan_weapon_is_an.wav,"{""primary_emotion"": ""commanding"", ""primary_score"": 0.9, ""confidence"": 0.11, ""secondary_emotion"": null, ""all_scores"": {""commanding"": 0.9}}",157,pilot this titan weapon is an advanced design and may give us a tactical advantage,65,"p ɪ l ɒ t ,   θ ɪ s   t ɪ t æ n   w iː p ɒ n   ɪ s   æ n   æ d v æ n c ɛ d   d ɛ s aɪn   æ n d   m eɪ   g ɪ v ɛ   ʌ s   æ   t æ c t ɪ c æ l   æ d v æ n t æ g ɛ .","{""mean_pitch_hz"": 770.6, ""pitch_range_hz"": 1280.51, ""mean_energy"": 0.0512, ""energy_range"": 0.1635, ""tempo_bpm"": 126.05, ""spectral_centroid"": 2195.78, ""spectral_rolloff"": 3937.96, ""duration_seconds"": 4.38}","{""pace"": ""fast"", ""volume"": ""loud"", ""pitch_variation"": ""normal"", ""is_question"": false, ""has_pilot_address"": true, ""is_protocol"": false, ""is_acknowledgment"": false}","Pilot, this titan weapon is an advanced design and may give us a tactical advantage."
BT-7274.Voicepack/bt_clips/158_Pilot_this_titan_sword_is_of.wav,"{""primary_emotion"": ""commanding"", ""primary_score"": 0.9, ""confidence"": 0.11, ""secondary_emotion"": null, ""all_scores"": {""commanding"": 0.9}}",158,pilot this titan sword is of an advanced design and may give us a tactical advantage,66,"p ɪ l ɒ t ,   θ ɪ s   t ɪ t æ n   s w ɔːr d   ɪ s   ɒ f   æ n   æ d v æ n c ɛ d   d ɛ s aɪn   æ n d   m eɪ   g ɪ v ɛ   ʌ s   æ   t æ c t ɪ c æ l   æ d v æ n t æ g ɛ .","{""mean_pitch_hz"": 670.39, ""pitch_range_hz"": 1040.27, ""mean_energy"": 0.0629, ""energy_range"": 0.2669, ""tempo_bpm"": 136.0, ""spectral_centroid"": 2239.05, ""spectral_rolloff"": 3977.16, ""duration_seconds"": 4.54}","{""pace"": ""fast"", ""volume"": ""loud"", ""pitch_variation"": ""normal"", ""is_question"": false, ""has_pilot_address"": true, ""is_protocol"": false, ""is_acknowledgment"": false}","Pilot, this titan sword is of an advanced design and may give us a tactical advantage."
BT-7274.Voicepack/bt_clips/159_A_humans_concept_of_love_requires.wav,"{""primary_emotion"": ""neutral"", ""primary_score"": 0.0, ""confidence"": 0.0, ""secondary_emotion"": null, ""all_scores"": {}}",159,a humans concept of love requires admiration attraction devotion and respect,68,"æ   h ʌ m æ n s   c ɒ n c ɛ p t   ɒ f   l ɒ v ɛ   r ɛ q ʌ ɪr ɛ s   æ d m ɪr æ t ɪ ɒ n ,   æ t t r æ c t ɪ ɒ n ,   d ɛ v ɒ t ɪ ɒ n ,   æ n d   r ɛ s p ɛ c t .","{""mean_pitch_hz"": 866.65, ""pitch_range_hz"": 534.09, ""mean_energy"": 0.0592, ""energy_range"": 0.2512, ""tempo_bpm"": 139.67, ""spectral_centroid"": 2086.32, ""spectral_rolloff"": 3637.82, ""duration_seconds"": 5.82}","{""pace"": ""normal"", ""volume"": ""normal"", ""pitch_variation"": ""low"", ""is_question"": false, ""has_pilot_address"": false, ""is_protocol"": false, ""is_acknowledgment"": false}","A human's concept of love requires admiration, attraction, devotion, and respect."
BT-7274.Voicepack/bt_clips/160_Conclusion_I_am_50_in_love.wav,"{""primary_emotion"": ""neutral"", ""primary_score"": 0.0, ""confidence"": 0.0, ""secondary_emotion"": null, ""all_scores"": {}}",160,conclusion i am 50 in love,20,c ɒ n c l ʌ s ɪ ɒ n   ɪ   æ m     ɪ n   l ɒ v ɛ .,"{""mean_pitch_hz"": 300.49, ""pitch_range_hz"": 626.13, ""mean_energy"": 0.0463, ""energy_range"": 0.1893, ""tempo_bpm"": 132.51, ""spectral_centroid"": 2421.62, ""spectral_rolloff"": 4733.22, ""duration_seconds"": 3.12}","{""pace"": ""normal"", ""volume"": ""normal"", ""pitch_variation"": ""low"", ""is_question"": false, ""has_pilot_address"": false, ""is_protocol"": false, ""is_acknowledgment"": false}",Conclusion I am 50% in love.
BT-7274.Voicepack/bt_clips/161_Agreed.wav,"{""primary_emotion"": ""neutral"", ""primary_score"": 0.0, ""confidence"": 0.0, ""secondary_emotion"": null, ""all_scores"": {}}",161,agreed,6,æ g r iː d .,"{""mean_pitch_hz"": 276.78, ""pitch_range_hz"": 250.23, ""mean_energy"": 0.0883, ""energy_range"": 0.199, ""tempo_bpm"": 139.67, ""spectral_centroid"": 1956.3, ""spectral_rolloff"": 3951.88, ""duration_seconds"": 0.46}","{""pace"": ""normal"", ""volume"": ""normal"", ""pitch_variation"": ""low"", ""is_question"": false, ""has_pilot_address"": false, ""is_protocol"": false, ""is_acknowledgment"": false}",Agreed.
BT-7274.Voicepack/bt_clips/162_The_IMC_is_well_equipped_with.wav,"{""primary_emotion"": ""commanding"", ""primary_score"": 0.9, ""confidence"": 0.11, ""secondary_emotion"": null, ""all_scores"": {""commanding"": 0.9}}",162,the imc is well equipped with advanced titan weaponry,43,θ ɛ   ɪ m c   ɪ s   w ɛ l l   ɛ q ʌ ɪ p p ɛ d   w ɪ θ   æ d v æ n c ɛ d   t ɪ t æ n   w iː p ɒ n r y .,"{""mean_pitch_hz"": 618.51, ""pitch_range_hz"": 1549.32, ""mean_energy"": 0.0757, ""energy_range"": 0.1958, ""tempo_bpm"": 132.51, ""spectral_centroid"": 2153.5, ""spectral_rolloff"": 3983.99, ""duration_seconds"": 2.88}","{""pace"": ""fast"", ""volume"": ""loud"", ""pitch_variation"": ""normal"", ""is_question"": false, ""has_pilot_address"": false, ""is_protocol"": false, ""is_acknowledgment"": false}",The IMC is well equipped with advanced titan weaponry.
BT-7274.Voicepack/bt_clips/163_They_will_be_most_beneficial_to.wav,"{""primary_emotion"": ""determined"", ""primary_score"": 0.8, ""confidence"": 0.1, ""secondary_emotion"": null, ""all_scores"": {""determined"": 0.8}}",163,they will be most beneficial to our success,34,θ eɪ   w ɪ l l   b ɛ   m ɒ s t   b ɛ n ɛ f ɪ c ɪ æ l   t ɒ   aʊ r   s ʌ c c ɛ s s .,"{""mean_pitch_hz"": 284.46, ""pitch_range_hz"": 438.55, ""mean_energy"": 0.0604, ""energy_range"": 0.1127, ""tempo_bpm"": 120.19, ""spectral_centroid"": 2501.18, ""spectral_rolloff"": 4281.89, ""duration_seconds"": 2.02}","{""pace"": ""normal"", ""volume"": ""normal"", ""pitch_variation"": ""low"", ""is_question"": false, ""has_pilot_address"": false, ""is_protocol"": false, ""is_acknowledgment"": false}",They will be most beneficial to our success.
BT-7274.Voicepack/bt_clips/164_A_basic_melee_attack_will_actuate.wav,"{""primary_emotion"": ""determined"", ""primary_score"": 0.8, ""confidence"": 0.1, ""secondary_emotion"": null, ""all_scores"": {""determined"": 0.8}}",164,a basic melee attack will actuate the sword,33,æ   b æ s ɪ c   m ɛ l iː   æ t t æ k   w ɪ l l   æ c t ʌ æ t ɛ   θ ɛ   s w ɔːr d .,"{""mean_pitch_hz"": 491.46, ""pitch_range_hz"": 1719.39, ""mean_energy"": 0.0719, ""energy_range"": 0.1769, ""tempo_bpm"": 139.67, ""spectral_centroid"": 1928.38, ""spectral_rolloff"": 3242.65, ""duration_seconds"": 2.36}","{""pace"": ""normal"", ""volume"": ""normal"", ""pitch_variation"": ""low"", ""is_question"": false, ""has_pilot_address"": false, ""is_protocol"": false, ""is_acknowledgment"": false}",A basic melee attack will actuate the sword.
BT-7274.Voicepack/bt_clips/165_However_a_fully_charged_core_will.wav,"{""primary_emotion"": ""determined"", ""primary_score"": 0.8, ""confidence"": 0.1, ""secondary_emotion"": ""questioning"", ""all_scores"": {""determined"": 0.8, ""questioning"": 0.6}}",165,however a fully charged core will deliver maximum damage,44,"h oʊ ɛ v ɜːr ,   æ   f ʌ l l y   tʃ ɑːr g ɛ d   c ɔːr ɛ   w ɪ l l   d ɛ l ɪ v ɜːr   m æ x ɪ m ʌ m   d æ m æ g ɛ .","{""mean_pitch_hz"": 618.79, ""pitch_range_hz"": 1288.4, ""mean_energy"": 0.0687, ""energy_range"": 0.1953, ""tempo_bpm"": 123.05, ""spectral_centroid"": 1822.79, ""spectral_rolloff"": 3083.9, ""duration_seconds"": 3.22}","{""pace"": ""normal"", ""volume"": ""normal"", ""pitch_variation"": ""low"", ""is_question"": false, ""has_pilot_address"": false, ""is_protocol"": false, ""is_acknowledgment"": false}","However, a fully charged core will deliver maximum damage."
BT-7274.Voicepack/bt_clips/166_We_will_need_to_deactivate_the.wav,"{""primary_emotion"": ""commanding"", ""primary_score"": 0.9, ""confidence"": 0.11, ""secondary_emotion"": ""determined"", ""all_scores"": {""commanding"": 0.9, ""determined"": 0.8}}",166,we will need to deactivate the sludge flows in order to regroup,46,w ɛ   w ɪ l l   n iː d   t ɒ   d iː c t ɪ v æ t ɛ   θ ɛ   s l ʌ d g ɛ   f l oʊ s   ɪ n   ɔːr d ɜːr   t ɒ   r ɛ g r aʊ p .,"{""mean_pitch_hz"": 425.86, ""pitch_range_hz"": 1264.94, ""mean_energy"": 0.0668, ""energy_range"": 0.1597, ""tempo_bpm"": 97.51, ""spectral_centroid"": 2130.51, ""spectral_rolloff"": 3708.69, ""duration_seconds"": 2.76}","{""pace"": ""fast"", ""volume"": ""loud"", ""pitch_variation"": ""normal"", ""is_question"": false, ""has_pilot_address"": false, ""is_protocol"": false, ""is_acknowledgment"": false}",We will need to deactivate the sludge flows in order to regroup.
BT-7274.Voicepack/bt_clips/167_I_have_marked_the_controls_on.wav,"{""primary_emotion"": ""neutral"", ""primary_score"": 0.0, ""confidence"": 0.0, ""secondary_emotion"": null, ""all_scores"": {}}",167,i have marked the controls on your hud,29,ɪ   h æ v ɛ   m ɑːr k ɛ d   θ ɛ   c ɒ n t r ɒ l s   ɒ n   y aʊ r   h ʌ d .,"{""mean_pitch_hz"": 1070.82, ""pitch_range_hz"": 189.37, ""mean_energy"": 0.0555, ""energy_range"": 0.1925, ""tempo_bpm"": 129.2, ""spectral_centroid"": 1910.04, ""spectral_rolloff"": 3397.64, ""duration_seconds"": 2.16}","{""pace"": ""normal"", ""volume"": ""normal"", ""pitch_variation"": ""low"", ""is_question"": false, ""has_pilot_address"": false, ""is_protocol"": false, ""is_acknowledgment"": false}",I have marked the controls on your HUD.
BT-7274.Voicepack/bt_clips/168_Visual_contact_re-established_with_Pilot.wav,"{""primary_emotion"": ""neutral"", ""primary_score"": 0.0, ""confidence"": 0.0, ""secondary_emotion"": null, ""all_scores"": {}}",168,visual contact reestablished with pilot,34,v ɪ s ʌ æ l   c ɒ n t æ c t   r ɛ ɛ s t æ b l ɪ ʃ ɛ d   w ɪ θ   p ɪ l ɒ t .,"{""mean_pitch_hz"": 626.53, ""pitch_range_hz"": 1208.18, ""mean_energy"": 0.0898, ""energy_range"": 0.2088, ""tempo_bpm"": 114.84, ""spectral_centroid"": 1898.73, ""spectral_rolloff"": 3311.12, ""duration_seconds"": 1.9}","{""pace"": ""normal"", ""volume"": ""normal"", ""pitch_variation"": ""low"", ""is_question"": false, ""has_pilot_address"": true, ""is_protocol"": false, ""is_acknowledgment"": false}",Visual contact re-established with Pilot.
BT-7274.Voicepack/bt_clips/169_Commencing_supporting_fire.wav,"{""primary_emotion"": ""neutral"", ""primary_score"": 0.0, ""confidence"": 0.0, ""secondary_emotion"": null, ""all_scores"": {}}",169,commencing supporting fire,21,c ɒ m m ɛ n c ɪ ŋ   s ʌ p p ɔːr t ɪ ŋ   f ɪr ɛ .,"{""mean_pitch_hz"": 632.04, ""pitch_range_hz"": 569.48, ""mean_energy"": 0.0845, ""energy_range"": 0.1872, ""tempo_bpm"": 123.05, ""spectral_centroid"": 2123.72, ""spectral_rolloff"": 3508.05, ""duration_seconds"": 1.2}","{""pace"": ""normal"", ""volume"": ""normal"", ""pitch_variation"": ""low"", ""is_question"": false, ""has_pilot_address"": false, ""is_protocol"": false, ""is_acknowledgment"": false}",Commencing supporting fire.
BT-7274.Voicepack/bt_clips/170_Danger_close.wav,"{""primary_emotion"": ""urgent"", ""primary_score"": 1.0, ""confidence"": 0.12, ""secondary_emotion"": null, ""all_scores"": {""urgent"": 1.0}}",170,danger close,10,d æ ŋ ɜːr   c l ɒ s ɛ .,"{""mean_pitch_hz"": 508.99, ""pitch_range_hz"": 864.95, ""mean_energy"": 0.078, ""energy_range"": 0.1622, ""tempo_bpm"": 143.55, ""spectral_centroid"": 2065.13, ""spectral_rolloff"": 3388.11, ""duration_seconds"": 0.74}","{""pace"": ""fast"", ""volume"": ""loud"", ""pitch_variation"": ""normal"", ""is_question"": false, ""has_pilot_address"": false, ""is_protocol"": false, ""is_acknowledgment"": false}",Danger close.
BT-7274.Voicepack/bt_clips/171_Pilot_exercise_caution.wav,"{""primary_emotion"": ""cautious"", ""primary_score"": 0.8, ""confidence"": 0.1, ""secondary_emotion"": null, ""all_scores"": {""cautious"": 0.8}}",171,pilot exercise caution,20,"p ɪ l ɒ t ,   ɛ x ɜːr c ɪ s ɛ   c ɔː t ɪ ɒ n .","{""mean_pitch_hz"": 811.81, ""pitch_range_hz"": 1174.33, ""mean_energy"": 0.0662, ""energy_range"": 0.2004, ""tempo_bpm"": 161.5, ""spectral_centroid"": 2694.76, ""spectral_rolloff"": 4871.81, ""duration_seconds"": 1.64}","{""pace"": ""slow"", ""volume"": ""soft"", ""pitch_variation"": ""normal"", ""is_question"": false, ""has_pilot_address"": true, ""is_protocol"": false, ""is_acknowledgment"": false}","Pilot, exercise caution."
BT-7274.Voicepack/bt_clips/172_Pilot_exercise_caution.wav,"{""primary_emotion"": ""cautious"", ""primary_score"": 0.8, ""confidence"": 0.1, ""secondary_emotion"": null, ""all_scores"": {""cautious"": 0.8}}",172,pilot exercise caution,20,"p ɪ l ɒ t ,   ɛ x ɜːr c ɪ s ɛ   c ɔː t ɪ ɒ n .","{""mean_pitch_hz"": 795.47, ""pitch_range_hz"": 1284.56, ""mean_energy"": 0.0698, ""energy_range"": 0.2279, ""tempo_bpm"": 82.03, ""spectral_centroid"": 2664.54, ""spectral_rolloff"": 4791.97, ""duration_seconds"": 1.66}","{""pace"": ""slow"", ""volume"": ""soft"", ""pitch_variation"": ""normal"", ""is_question"": false, ""has_pilot_address"": true, ""is_protocol"": false, ""is_acknowledgment"": false}","Pilot, exercise caution."
BT-7274.Voicepack/bt_clips/173_I_am_following_the_stream_of.wav,"{""primary_emotion"": ""neutral"", ""primary_score"": 0.0, ""confidence"": 0.0, ""secondary_emotion"": null, ""all_scores"": {}}",173,i am following the stream of sludge,26,ɪ   æ m   f ɒ l l oʊ ɪ ŋ   θ ɛ   s t r iː m   ɒ f   s l ʌ d g ɛ .,"{""mean_pitch_hz"": 503.18, ""pitch_range_hz"": 988.61, ""mean_energy"": 0.0991, ""energy_range"": 0.21, ""tempo_bpm"": 117.45, ""spectral_centroid"": 2514.64, ""spectral_rolloff"": 4293.28, ""duration_seconds"": 1.92}","{""pace"": ""normal"", ""volume"": ""normal"", ""pitch_variation"": ""low"", ""is_question"": false, ""has_pilot_address"": false, ""is_protocol"": false, ""is_acknowledgment"": false}",I am following the stream of sludge.
BT-7274.Voicepack/bt_clips/174_The_current_is_strong_up_ahead.wav,"{""primary_emotion"": ""neutral"", ""primary_score"": 0.0, ""confidence"": 0.0, ""secondary_emotion"": null, ""all_scores"": {}}",174,the current is strong up ahead suggesting an exit,38,"θ ɛ   c ɜːr r ɛ n t   ɪ s   s t r ɒ ŋ   ʌ p   æ h iː d ,   s ʌ g g ɛ s t ɪ ŋ   æ n   ɛ x ɪ t .","{""mean_pitch_hz"": 369.49, ""pitch_range_hz"": 912.48, ""mean_energy"": 0.0731, ""energy_range"": 0.2297, ""tempo_bpm"": 132.51, ""spectral_centroid"": 2222.65, ""spectral_rolloff"": 3700.66, ""duration_seconds"": 2.7}","{""pace"": ""normal"", ""volume"": ""normal"", ""pitch_variation"": ""low"", ""is_question"": false, ""has_pilot_address"": false, ""is_protocol"": false, ""is_acknowledgment"": false}","The current is strong up ahead, suggesting an exit."
BT-7274.Voicepack/bt_clips/175_Keep_moving_forward.wav,"{""primary_emotion"": ""neutral"", ""primary_score"": 0.0, ""confidence"": 0.0, ""secondary_emotion"": null, ""all_scores"": {}}",175,keep moving forward,14,k iː p   m ɒ v ɪ ŋ   f ɔːr w ɑːr d .,"{""mean_pitch_hz"": 473.95, ""pitch_range_hz"": 737.16, ""mean_energy"": 0.0796, ""energy_range"": 0.1669, ""tempo_bpm"": 123.05, ""spectral_centroid"": 2100.21, ""spectral_rolloff"": 3606.81, ""duration_seconds"": 0.88}","{""pace"": ""normal"", ""volume"": ""normal"", ""pitch_variation"": ""low"", ""is_question"": false, ""has_pilot_address"": false, ""is_protocol"": false, ""is_acknowledgment"": false}",Keep moving forward.
BT-7274.Voicepack/bt_clips/176_As_on_many_other_worlds_in.wav,"{""primary_emotion"": ""determined"", ""primary_score"": 0.8, ""confidence"": 0.1, ""secondary_emotion"": null, ""all_scores"": {""determined"": 0.8}}",176,as on many other worlds in the frontier this imc facility does not follow standard protocols and is discharging toxins without regard for the health of this planet,119,"æ s   ɒ n   m æ n y   ɒ θ ɜːr   w ɔːr l d s   ɪ n   θ ɛ   f r ɒ n t iː r ,   θ ɪ s   ɪ m c   f æ c ɪ l ɪ t y   d ɒ ɛ s   n ɒ t   f ɒ l l oʊ   s t æ n d ɑːr d   p r ɒ t ɒ c ɒ l s   æ n d   ɪ s   d ɪ s tʃ ɑːr g ɪ ŋ   t ɒ x ɪ n s   w ɪ θ aʊ t   r ɛ g ɑːr d   f ɔːr   θ ɛ   h iː l θ   ɒ f   θ ɪ s   p l æ n ɛ t .","{""mean_pitch_hz"": 654.02, ""pitch_range_hz"": 946.86, ""mean_energy"": 0.0832, ""energy_range"": 0.2743, ""tempo_bpm"": 132.51, ""spectral_centroid"": 2459.58, ""spectral_rolloff"": 4365.9, ""duration_seconds"": 9.18}","{""pace"": ""normal"", ""volume"": ""normal"", ""pitch_variation"": ""low"", ""is_question"": false, ""has_pilot_address"": false, ""is_protocol"": false, ""is_acknowledgment"": false}","As on many other worlds in the frontier, this IMC facility does not follow standard protocols and is discharging toxins without regard for the health of this planet."
BT-7274.Voicepack/bt_clips/177_It_will_not_take_long_for.wav,"{""primary_emotion"": ""determined"", ""primary_score"": 0.8, ""confidence"": 0.1, ""secondary_emotion"": null, ""all_scores"": {""determined"": 0.8}}",177,it will not take long for these toxic fumes and sludge to completely destroy typhon,65,ɪ t   w ɪ l l   n ɒ t   t æ k ɛ   l ɒ ŋ   f ɔːr   θ ɛ s ɛ   t ɒ x ɪ c   f ʌ m ɛ s   æ n d   s l ʌ d g ɛ   t ɒ   c ɒ m p l ɛ t ɛ l y   d ɛ s t r ɔɪ   t y f ɒ n .,"{""mean_pitch_hz"": 547.07, ""pitch_range_hz"": 1037.61, ""mean_energy"": 0.075, ""energy_range"": 0.2327, ""tempo_bpm"": 147.66, ""spectral_centroid"": 2408.22, ""spectral_rolloff"": 4196.65, ""duration_seconds"": 4.84}","{""pace"": ""normal"", ""volume"": ""normal"", ""pitch_variation"": ""low"", ""is_question"": false, ""has_pilot_address"": false, ""is_protocol"": false, ""is_acknowledgment"": false}",It will not take long for these toxic fumes and sludge to completely destroy Typhon.
BT-7274.Voicepack/bt_clips/178_Pilot_our_paths_will_intersect_just.wav,"{""primary_emotion"": ""determined"", ""primary_score"": 0.8, ""confidence"": 0.1, ""secondary_emotion"": null, ""all_scores"": {""determined"": 0.8}}",178,pilot our paths will intersect just up ahead,35,"p ɪ l ɒ t ,   aʊ r   p æ θ s   w ɪ l l   ɪ n t ɜːr s ɛ c t   j ʌ s t   ʌ p   æ h iː d .","{""mean_pitch_hz"": 929.67, ""pitch_range_hz"": 1291.24, ""mean_energy"": 0.0602, ""energy_range"": 0.1759, ""tempo_bpm"": 161.5, ""spectral_centroid"": 2190.01, ""spectral_rolloff"": 3609.59, ""duration_seconds"": 2.78}","{""pace"": ""normal"", ""volume"": ""normal"", ""pitch_variation"": ""low"", ""is_question"": false, ""has_pilot_address"": true, ""is_protocol"": false, ""is_acknowledgment"": false}","Pilot, our paths will intersect just up ahead."
BT-7274.Voicepack/bt_clips/179_Scans_indicate_multiple_IMC_security_for.wav,"{""primary_emotion"": ""neutral"", ""primary_score"": 0.0, ""confidence"": 0.0, ""secondary_emotion"": null, ""all_scores"": {}}",179,scans indicate multiple imc security forces,35,s c æ n s   aɪnd ɪ c æ t ɛ   m ʌ l t ɪ p l ɛ   ɪ m c   s ɛ c ɜːr ɪ t y   f ɔːr c ɛ s .,"{""mean_pitch_hz"": 485.32, ""pitch_range_hz"": 1599.6, ""mean_energy"": 0.0735, ""energy_range"": 0.1636, ""tempo_bpm"": 126.05, ""spectral_centroid"": 2285.0, ""spectral_rolloff"": 4027.72, ""duration_seconds"": 2.72}","{""pace"": ""normal"", ""volume"": ""normal"", ""pitch_variation"": ""low"", ""is_question"": false, ""has_pilot_address"": false, ""is_protocol"": false, ""is_acknowledgment"": false}",Scans indicate multiple IMC security forces.
BT-7274.Voicepack/bt_clips/180_Prepare_yourself_Pilot.wav,"{""primary_emotion"": ""neutral"", ""primary_score"": 0.0, ""confidence"": 0.0, ""secondary_emotion"": null, ""all_scores"": {}}",180,prepare yourself pilot,20,"p r ɛ p ɑːr ɛ   y aʊ r s ɛ l f ,   p ɪ l ɒ t .","{""mean_pitch_hz"": 711.53, ""pitch_range_hz"": 1502.12, ""mean_energy"": 0.0647, ""energy_range"": 0.1387, ""tempo_bpm"": 147.66, ""spectral_centroid"": 2090.46, ""spectral_rolloff"": 3388.63, ""duration_seconds"": 1.0}","{""pace"": ""normal"", ""volume"": ""normal"", ""pitch_variation"": ""low"", ""is_question"": false, ""has_pilot_address"": true, ""is_protocol"": false, ""is_acknowledgment"": false}","Prepare yourself, Pilot."
BT-7274.Voicepack/bt_clips/181_I_was_not_shooting_at_you.wav,"{""primary_emotion"": ""neutral"", ""primary_score"": 0.0, ""confidence"": 0.0, ""secondary_emotion"": null, ""all_scores"": {}}",181,i was not shooting at you,17,ɪ   w æ s   n ɒ t   ʃ uː t ɪ ŋ   æ t   y aʊ .,"{""mean_pitch_hz"": 813.97, ""pitch_range_hz"": 1125.25, ""mean_energy"": 0.0624, ""energy_range"": 0.185, ""tempo_bpm"": 114.84, ""spectral_centroid"": 2261.62, ""spectral_rolloff"": 4507.55, ""duration_seconds"": 1.26}","{""pace"": ""normal"", ""volume"": ""normal"", ""pitch_variation"": ""low"", ""is_question"": false, ""has_pilot_address"": false, ""is_protocol"": false, ""is_acknowledgment"": false}",I was not shooting at you.
BT-7274.Voicepack/bt_clips/182_That_would_be_in_violation_of.wav,"{""primary_emotion"": ""determined"", ""primary_score"": 0.8, ""confidence"": 0.1, ""secondary_emotion"": null, ""all_scores"": {""determined"": 0.8}}",182,that would be in violation of protocol 3,31,θ æ t   w aʊ l d   b ɛ   ɪ n   v ɪ ɒ l æ t ɪ ɒ n   ɒ f   p r ɒ t ɒ c ɒ l   .,"{""mean_pitch_hz"": 475.32, ""pitch_range_hz"": 1296.44, ""mean_energy"": 0.0612, ""energy_range"": 0.125, ""tempo_bpm"": 161.5, ""spectral_centroid"": 1843.3, ""spectral_rolloff"": 3194.05, ""duration_seconds"": 2.06}","{""pace"": ""normal"", ""volume"": ""normal"", ""pitch_variation"": ""low"", ""is_question"": false, ""has_pilot_address"": false, ""is_protocol"": false, ""is_acknowledgment"": false}",That would be in violation of Protocol 3.
BT-7274.Voicepack/bt_clips/183_On_the_contrary_your_helmet_provided.wav,"{""primary_emotion"": ""neutral"", ""primary_score"": 0.0, ""confidence"": 0.0, ""secondary_emotion"": null, ""all_scores"": {}}",183,on the contrary your helmet provided me with a live feed of your actions,55,"ɒ n   θ ɛ   c ɒ n t r ɑːr y ,   y aʊ r   h ɛ l m ɛ t   p r ɒ v ɪ d ɛ d   m ɛ   w ɪ θ   æ   l ɪ v ɛ   f iː d   ɒ f   y aʊ r   æ c t ɪ ɒ n s .","{""mean_pitch_hz"": 694.66, ""pitch_range_hz"": 1541.12, ""mean_energy"": 0.0615, ""energy_range"": 0.2148, ""tempo_bpm"": 139.67, ""spectral_centroid"": 2007.48, ""spectral_rolloff"": 3548.36, ""duration_seconds"": 4.16}","{""pace"": ""normal"", ""volume"": ""normal"", ""pitch_variation"": ""low"", ""is_question"": false, ""has_pilot_address"": false, ""is_protocol"": false, ""is_acknowledgment"": false}","On the contrary, your helmet provided me with a live feed of your actions."
BT-7274.Voicepack/bt_clips/184_You_fought_well_out_there_Pilot.wav,"{""primary_emotion"": ""neutral"", ""primary_score"": 0.0, ""confidence"": 0.0, ""secondary_emotion"": null, ""all_scores"": {}}",184,you fought well out there pilot,21,"y aʊ   f oʊ t   w ɛ l l   aʊ t   θ ɜːr ɛ ,   p ɪ l ɒ t .","{""mean_pitch_hz"": 717.55, ""pitch_range_hz"": 1094.16, ""mean_energy"": 0.0731, ""energy_range"": 0.2227, ""tempo_bpm"": 178.21, ""spectral_centroid"": 1576.41, ""spectral_rolloff"": 2693.37, ""duration_seconds"": 1.16}","{""pace"": ""normal"", ""volume"": ""normal"", ""pitch_variation"": ""low"", ""is_question"": false, ""has_pilot_address"": true, ""is_protocol"": false, ""is_acknowledgment"": false}","You fought well out there, Pilot."
BT-7274.Voicepack/bt_clips/185_It_is_good_to_see_you.wav,"{""primary_emotion"": ""positive"", ""primary_score"": 0.9, ""confidence"": 0.11, ""secondary_emotion"": null, ""all_scores"": {""positive"": 0.9}}",185,it is good to see you too pilot,22,"ɪ t   ɪ s   g uː d   t ɒ   s iː   y aʊ   t uː ,   p ɪ l ɒ t .","{""mean_pitch_hz"": 310.2, ""pitch_range_hz"": 206.09, ""mean_energy"": 0.0755, ""energy_range"": 0.2527, ""tempo_bpm"": 139.67, ""spectral_centroid"": 2148.82, ""spectral_rolloff"": 3922.82, ""duration_seconds"": 1.52}","{""pace"": ""normal"", ""volume"": ""loud"", ""pitch_variation"": ""normal"", ""is_question"": false, ""has_pilot_address"": true, ""is_protocol"": false, ""is_acknowledgment"": false}","It is good to see you too, Pilot."
BT-7274.Voicepack/bt_clips/186_The_controls_to_deactivate_the_sludge.wav,"{""primary_emotion"": ""neutral"", ""primary_score"": 0.0, ""confidence"": 0.0, ""secondary_emotion"": null, ""all_scores"": {}}",186,the controls to deactivate the sludge flow are in the next chamber marking your hud,60,"θ ɛ   c ɒ n t r ɒ l s   t ɒ   d iː c t ɪ v æ t ɛ   θ ɛ   s l ʌ d g ɛ   f l oʊ   ɑːr ɛ   ɪ n   θ ɛ   n ɛ x t   tʃ æ m b ɜːr ,   m ɑːr k ɪ ŋ   y aʊ r   h ʌ d .","{""mean_pitch_hz"": 420.66, ""pitch_range_hz"": 409.25, ""mean_energy"": 0.0725, ""energy_range"": 0.1589, ""tempo_bpm"": 126.05, ""spectral_centroid"": 2039.25, ""spectral_rolloff"": 3259.24, ""duration_seconds"": 3.98}","{""pace"": ""normal"", ""volume"": ""normal"", ""pitch_variation"": ""low"", ""is_question"": false, ""has_pilot_address"": false, ""is_protocol"": false, ""is_acknowledgment"": false}","The controls to deactivate the sludge flow are in the next chamber, marking your HUD."
BT-7274.Voicepack/bt_clips/187_The_sludge_falls_contain_a_high.wav,"{""primary_emotion"": ""neutral"", ""primary_score"": 0.0, ""confidence"": 0.0, ""secondary_emotion"": null, ""all_scores"": {}}",187,the sludge falls contain a high concentration of heavy metals,48,θ ɛ   s l ʌ d g ɛ   f æ l l s   c ɒ n t eɪ n   æ   h aɪ   c ɒ n c ɛ n t r æ t ɪ ɒ n   ɒ f   h iː v y   m ɛ t æ l s .,"{""mean_pitch_hz"": 696.38, ""pitch_range_hz"": 635.54, ""mean_energy"": 0.0842, ""energy_range"": 0.2133, ""tempo_bpm"": 117.45, ""spectral_centroid"": 2169.18, ""spectral_rolloff"": 3837.73, ""duration_seconds"": 2.74}","{""pace"": ""normal"", ""volume"": ""normal"", ""pitch_variation"": ""low"", ""is_question"": false, ""has_pilot_address"": false, ""is_protocol"": false, ""is_acknowledgment"": false}",The sludge falls contain a high concentration of heavy metals.
BT-7274.Voicepack/bt_clips/188_They_are_interfering_with_my_targeting.wav,"{""primary_emotion"": ""neutral"", ""primary_score"": 0.0, ""confidence"": 0.0, ""secondary_emotion"": null, ""all_scores"": {}}",188,they are interfering with my targeting systems,32,θ eɪ   ɑːr ɛ   ɪ n t ɜːr f ɜːr ɪ ŋ   w ɪ θ   m y   t ɑːr g ɛ t ɪ ŋ   s y s t ɛ m s .,"{""mean_pitch_hz"": 336.85, ""pitch_range_hz"": 85.72, ""mean_energy"": 0.0738, ""energy_range"": 0.2125, ""tempo_bpm"": 117.45, ""spectral_centroid"": 2119.99, ""spectral_rolloff"": 3585.28, ""duration_seconds"": 1.92}","{""pace"": ""normal"", ""volume"": ""normal"", ""pitch_variation"": ""low"", ""is_question"": false, ""has_pilot_address"": false, ""is_protocol"": false, ""is_acknowledgment"": false}",They are interfering with my targeting systems.
BT-7274.Voicepack/bt_clips/189_Blind_firing_into_my_Pilots_combat.wav,"{""primary_emotion"": ""determined"", ""primary_score"": 0.8, ""confidence"": 0.1, ""secondary_emotion"": null, ""all_scores"": {""determined"": 0.8}}",189,blind firing into my pilots combat zone would be a violation of protocol 3,56,b l aɪnd   f ɪr ɪ ŋ   ɪ n t ɒ   m y   p ɪ l ɒ t s   c ɒ m b æ t   z ɒ n ɛ   w aʊ l d   b ɛ   æ   v ɪ ɒ l æ t ɪ ɒ n   ɒ f   p r ɒ t ɒ c ɒ l   .,"{""mean_pitch_hz"": 723.41, ""pitch_range_hz"": 2131.88, ""mean_energy"": 0.0727, ""energy_range"": 0.1584, ""tempo_bpm"": 123.05, ""spectral_centroid"": 2250.86, ""spectral_rolloff"": 3779.85, ""duration_seconds"": 4.2}","{""pace"": ""normal"", ""volume"": ""normal"", ""pitch_variation"": ""low"", ""is_question"": false, ""has_pilot_address"": true, ""is_protocol"": false, ""is_acknowledgment"": false}",Blind firing into my Pilot's combat zone would be a violation of Protocol 3.
BT-7274.Voicepack/bt_clips/190_For_now_yes.wav,"{""primary_emotion"": ""neutral"", ""primary_score"": 0.0, ""confidence"": 0.0, ""secondary_emotion"": null, ""all_scores"": {}}",190,for now yes,9,"f ɔːr   n oʊ ,   y ɛ s .","{""mean_pitch_hz"": 828.53, ""pitch_range_hz"": 1009.74, ""mean_energy"": 0.0674, ""energy_range"": 0.1776, ""tempo_bpm"": 97.51, ""spectral_centroid"": 2461.71, ""spectral_rolloff"": 4193.06, ""duration_seconds"": 1.18}","{""pace"": ""normal"", ""volume"": ""normal"", ""pitch_variation"": ""low"", ""is_question"": false, ""has_pilot_address"": false, ""is_protocol"": false, ""is_acknowledgment"": false}","For now, yes."
BT-7274.Voicepack/bt_clips/191_Pilot_that_was_a_difficult_battle.wav,"{""primary_emotion"": ""neutral"", ""primary_score"": 0.0, ""confidence"": 0.0, ""secondary_emotion"": null, ""all_scores"": {}}",191,pilot that was a difficult battle,29,"p ɪ l ɒ t ,   θ æ t   w æ s   æ   d ɪ f f ɪ c ʌ l t   b æ t t l ɛ .","{""mean_pitch_hz"": 757.17, ""pitch_range_hz"": 1476.7, ""mean_energy"": 0.072, ""energy_range"": 0.231, ""tempo_bpm"": 152.0, ""spectral_centroid"": 1799.17, ""spectral_rolloff"": 3217.01, ""duration_seconds"": 1.86}","{""pace"": ""normal"", ""volume"": ""normal"", ""pitch_variation"": ""low"", ""is_question"": false, ""has_pilot_address"": true, ""is_protocol"": false, ""is_acknowledgment"": false}","Pilot, that was a difficult battle."
BT-7274.Voicepack/bt_clips/192_You_handled_yourself_well.wav,"{""primary_emotion"": ""neutral"", ""primary_score"": 0.0, ""confidence"": 0.0, ""secondary_emotion"": null, ""all_scores"": {}}",192,you handled yourself well,21,y aʊ   h æ n d l ɛ d   y aʊ r s ɛ l f   w ɛ l l .,"{""mean_pitch_hz"": 609.4, ""pitch_range_hz"": 1615.23, ""mean_energy"": 0.074, ""energy_range"": 0.1958, ""tempo_bpm"": 132.51, ""spectral_centroid"": 1932.43, ""spectral_rolloff"": 3601.73, ""duration_seconds"": 1.22}","{""pace"": ""normal"", ""volume"": ""normal"", ""pitch_variation"": ""low"", ""is_question"": false, ""has_pilot_address"": false, ""is_protocol"": false, ""is_acknowledgment"": false}",You handled yourself well.
BT-7274.Voicepack/bt_clips/193_I_have_noted_it_for_the.wav,"{""primary_emotion"": ""neutral"", ""primary_score"": 0.0, ""confidence"": 0.0, ""secondary_emotion"": null, ""all_scores"": {}}",193,i have noted it for the record,22,ɪ   h æ v ɛ   n ɒ t ɛ d   ɪ t   f ɔːr   θ ɛ   r ɛ c ɔːr d .,"{""mean_pitch_hz"": 434.27, ""pitch_range_hz"": 215.43, ""mean_energy"": 0.0702, ""energy_range"": 0.1428, ""tempo_bpm"": 178.21, ""spectral_centroid"": 1901.22, ""spectral_rolloff"": 3201.53, ""duration_seconds"": 1.3}","{""pace"": ""normal"", ""volume"": ""normal"", ""pitch_variation"": ""low"", ""is_question"": false, ""has_pilot_address"": false, ""is_protocol"": false, ""is_acknowledgment"": false}",I have noted it for the record.
BT-7274.Voicepack/bt_clips/194_I_have_identified_an_exit_on.wav,"{""primary_emotion"": ""neutral"", ""primary_score"": 0.0, ""confidence"": 0.0, ""secondary_emotion"": null, ""all_scores"": {}}",194,i have identified an exit on this side,30,ɪ   h æ v ɛ   ɪ d ɛ n t ɪ f iː d   æ n   ɛ x ɪ t   ɒ n   θ ɪ s   s ɪ d ɛ .,"{""mean_pitch_hz"": 530.71, ""pitch_range_hz"": 1191.13, ""mean_energy"": 0.0693, ""energy_range"": 0.1888, ""tempo_bpm"": 152.0, ""spectral_centroid"": 2038.63, ""spectral_rolloff"": 3431.26, ""duration_seconds"": 2.2}","{""pace"": ""normal"", ""volume"": ""normal"", ""pitch_variation"": ""low"", ""is_question"": false, ""has_pilot_address"": false, ""is_protocol"": false, ""is_acknowledgment"": false}",I have identified an exit on this side.
BT-7274.Voicepack/bt_clips/195_This_way.wav,"{""primary_emotion"": ""neutral"", ""primary_score"": 0.0, ""confidence"": 0.0, ""secondary_emotion"": null, ""all_scores"": {}}",195,this way,6,θ ɪ s   w eɪ .,"{""mean_pitch_hz"": 441.78, ""pitch_range_hz"": 34.36, ""mean_energy"": 0.0644, ""energy_range"": 0.1449, ""tempo_bpm"": 129.2, ""spectral_centroid"": 2383.54, ""spectral_rolloff"": 4056.86, ""duration_seconds"": 0.52}","{""pace"": ""normal"", ""volume"": ""normal"", ""pitch_variation"": ""low"", ""is_question"": false, ""has_pilot_address"": false, ""is_protocol"": false, ""is_acknowledgment"": false}",This way.
BT-7274.Voicepack/bt_clips/196_Pilot_the_IMC_are_intensifying_their.wav,"{""primary_emotion"": ""neutral"", ""primary_score"": 0.0, ""confidence"": 0.0, ""secondary_emotion"": null, ""all_scores"": {}}",196,pilot the imc are intensifying their search efforts,38,"p ɪ l ɒ t ,   θ ɛ   ɪ m c   ɑːr ɛ   ɪ n t ɛ n s ɪ f y ɪ ŋ   θ eɪ r   s iː r tʃ   ɛ f f ɔːr t s .","{""mean_pitch_hz"": 610.45, ""pitch_range_hz"": 1294.75, ""mean_energy"": 0.0676, ""energy_range"": 0.1621, ""tempo_bpm"": 105.47, ""spectral_centroid"": 2512.93, ""spectral_rolloff"": 4261.55, ""duration_seconds"": 2.96}","{""pace"": ""normal"", ""volume"": ""normal"", ""pitch_variation"": ""low"", ""is_question"": false, ""has_pilot_address"": true, ""is_protocol"": false, ""is_acknowledgment"": false}","Pilot, the IMC are intensifying their search efforts."
BT-7274.Voicepack/bt_clips/197_We_should_hurry.wav,"{""primary_emotion"": ""urgent"", ""primary_score"": 1.0, ""confidence"": 0.12, ""secondary_emotion"": null, ""all_scores"": {""urgent"": 1.0}}",197,we should hurry,11,w ɛ   ʃ aʊ l d   h ɜːr r y .,"{""mean_pitch_hz"": 693.11, ""pitch_range_hz"": 1986.06, ""mean_energy"": 0.0621, ""energy_range"": 0.0877, ""tempo_bpm"": 132.51, ""spectral_centroid"": 1994.82, ""spectral_rolloff"": 3588.11, ""duration_seconds"": 0.66}","{""pace"": ""fast"", ""volume"": ""loud"", ""pitch_variation"": ""normal"", ""is_question"": false, ""has_pilot_address"": false, ""is_protocol"": false, ""is_acknowledgment"": false}",We should hurry.
BT-7274.Voicepack/bt_clips/198_Pilot_our_path_through_this_facility.wav,"{""primary_emotion"": ""neutral"", ""primary_score"": 0.0, ""confidence"": 0.0, ""secondary_emotion"": null, ""all_scores"": {}}",198,pilot our path through this facility is blocked by a flow regulation gate,54,"p ɪ l ɒ t ,   aʊ r   p æ θ   θ r oʊ   θ ɪ s   f æ c ɪ l ɪ t y   ɪ s   b l ɒ k ɛ d   b y   æ   f l oʊ   r ɛ g ʌ l æ t ɪ ɒ n   g æ t ɛ .","{""mean_pitch_hz"": 813.93, ""pitch_range_hz"": 980.95, ""mean_energy"": 0.0636, ""energy_range"": 0.1744, ""tempo_bpm"": 123.05, ""spectral_centroid"": 2517.76, ""spectral_rolloff"": 4371.55, ""duration_seconds"": 4.0}","{""pace"": ""normal"", ""volume"": ""normal"", ""pitch_variation"": ""low"", ""is_question"": false, ""has_pilot_address"": true, ""is_protocol"": false, ""is_acknowledgment"": false}","Pilot, our path through this facility is blocked by a flow regulation gate."
BT-7274.Voicepack/bt_clips/199_There_should_be_a_control_interface.wav,"{""primary_emotion"": ""neutral"", ""primary_score"": 0.0, ""confidence"": 0.0, ""secondary_emotion"": null, ""all_scores"": {}}",199,there should be a control interface nearby,31,θ ɜːr ɛ   ʃ aʊ l d   b ɛ   æ   c ɒ n t r ɒ l   ɪ n t ɜːr f æ c ɛ   n iː r b y .,"{""mean_pitch_hz"": 768.5, ""pitch_range_hz"": 603.96, ""mean_energy"": 0.0626, ""energy_range"": 0.1903, ""tempo_bpm"": 156.61, ""spectral_centroid"": 2348.55, ""spectral_rolloff"": 3932.5, ""duration_seconds"": 1.76}","{""pace"": ""normal"", ""volume"": ""normal"", ""pitch_variation"": ""low"", ""is_question"": false, ""has_pilot_address"": false, ""is_protocol"": false, ""is_acknowledgment"": false}",There should be a control interface nearby.
BT-7274.Voicepack/bt_clips/200_Pilot_the_safety_airlock_has_sealed.wav,"{""primary_emotion"": ""cautious"", ""primary_score"": 0.8, ""confidence"": 0.1, ""secondary_emotion"": ""concerned"", ""all_scores"": {""cautious"": 0.8, ""concerned"": 0.7}}",200,pilot the safety airlock has sealed you in the control room,44,"p ɪ l ɒ t ,   θ ɛ   s æ f ɛ t y   eɪ r l ɒ k   h æ s   s iː l ɛ d   y aʊ   ɪ n   θ ɛ   c ɒ n t r ɒ l   r uː m .","{""mean_pitch_hz"": 518.13, ""pitch_range_hz"": 1185.45, ""mean_energy"": 0.0652, ""energy_range"": 0.2104, ""tempo_bpm"": 109.96, ""spectral_centroid"": 2309.16, ""spectral_rolloff"": 4038.46, ""duration_seconds"": 3.16}","{""pace"": ""slow"", ""volume"": ""soft"", ""pitch_variation"": ""normal"", ""is_question"": false, ""has_pilot_address"": true, ""is_protocol"": false, ""is_acknowledgment"": false}","Pilot, the safety airlock has sealed you in the control room."
BT-7274.Voicepack/bt_clips/201_You_must_find_another_way_out.wav,"{""primary_emotion"": ""determined"", ""primary_score"": 0.8, ""confidence"": 0.1, ""secondary_emotion"": null, ""all_scores"": {""determined"": 0.8}}",201,you must find another way out,18,y aʊ   m ʌ s t   f aɪnd   æ n ɒ θ ɜːr   w eɪ   aʊ t .,"{""mean_pitch_hz"": 664.01, ""pitch_range_hz"": 1231.13, ""mean_energy"": 0.0748, ""energy_range"": 0.1225, ""tempo_bpm"": 143.55, ""spectral_centroid"": 1884.78, ""spectral_rolloff"": 3036.35, ""duration_seconds"": 1.44}","{""pace"": ""normal"", ""volume"": ""normal"", ""pitch_variation"": ""low"", ""is_question"": false, ""has_pilot_address"": false, ""is_protocol"": false, ""is_acknowledgment"": false}",You must find another way out.
BT-7274.Voicepack/bt_clips/202_We_have_no_choice_but_to.wav,"{""primary_emotion"": ""neutral"", ""primary_score"": 0.0, ""confidence"": 0.0, ""secondary_emotion"": null, ""all_scores"": {}}",202,we have no choice but to split up,25,w ɛ   h æ v ɛ   n ɒ   tʃ ɔɪ c ɛ   b ʌ t   t ɒ   s p l ɪ t   ʌ p .,"{""mean_pitch_hz"": 560.81, ""pitch_range_hz"": 1422.44, ""mean_energy"": 0.0638, ""energy_range"": 0.1259, ""tempo_bpm"": 139.67, ""spectral_centroid"": 2182.17, ""spectral_rolloff"": 3806.1, ""duration_seconds"": 1.7}","{""pace"": ""normal"", ""volume"": ""normal"", ""pitch_variation"": ""low"", ""is_question"": false, ""has_pilot_address"": false, ""is_protocol"": false, ""is_acknowledgment"": false}",We have no choice but to split up.
BT-7274.Voicepack/bt_clips/203_Given_our_dire_circumstances_this_is.wav,"{""primary_emotion"": ""neutral"", ""primary_score"": 0.0, ""confidence"": 0.0, ""secondary_emotion"": null, ""all_scores"": {}}",203,given our dire circumstances this is a risk worth taking,42,"g ɪ v ɛ n   aʊ r   d ɪr ɛ   c ɪr c ʌ m s t æ n c ɛ s ,   θ ɪ s   ɪ s   æ   r ɪ s k   w ɔːr θ   t æ k ɪ ŋ .","{""mean_pitch_hz"": 560.26, ""pitch_range_hz"": 743.08, ""mean_energy"": 0.0683, ""energy_range"": 0.2273, ""tempo_bpm"": 132.51, ""spectral_centroid"": 2652.8, ""spectral_rolloff"": 4665.72, ""duration_seconds"": 3.4}","{""pace"": ""normal"", ""volume"": ""normal"", ""pitch_variation"": ""low"", ""is_question"": false, ""has_pilot_address"": false, ""is_protocol"": false, ""is_acknowledgment"": false}","Given our dire circumstances, this is a risk worth taking."
BT-7274.Voicepack/bt_clips/204_A_nearby_exit_will_most_likely.wav,"{""primary_emotion"": ""determined"", ""primary_score"": 0.8, ""confidence"": 0.1, ""secondary_emotion"": null, ""all_scores"": {""determined"": 0.8}}",204,a nearby exit will most likely lead further into the reclamation facility,57,æ   n iː r b y   ɛ x ɪ t   w ɪ l l   m ɒ s t   l ɪ k ɛ l y   l iː d   f ɜːr θ ɜːr   ɪ n t ɒ   θ ɛ   r ɛ c l æ m æ t ɪ ɒ n   f æ c ɪ l ɪ t y .,"{""mean_pitch_hz"": 483.73, ""pitch_range_hz"": 1023.33, ""mean_energy"": 0.0589, ""energy_range"": 0.1735, ""tempo_bpm"": 161.5, ""spectral_centroid"": 2149.43, ""spectral_rolloff"": 3849.12, ""duration_seconds"": 4.22}","{""pace"": ""normal"", ""volume"": ""normal"", ""pitch_variation"": ""low"", ""is_question"": false, ""has_pilot_address"": false, ""is_protocol"": false, ""is_acknowledgment"": false}",A nearby exit will most likely lead further into the reclamation facility.
BT-7274.Voicepack/bt_clips/205_Exercise_caution_Pilot.wav,"{""primary_emotion"": ""cautious"", ""primary_score"": 0.8, ""confidence"": 0.1, ""secondary_emotion"": null, ""all_scores"": {""cautious"": 0.8}}",205,exercise caution pilot,20,"ɛ x ɜːr c ɪ s ɛ   c ɔː t ɪ ɒ n ,   p ɪ l ɒ t .","{""mean_pitch_hz"": 829.36, ""pitch_range_hz"": 816.84, ""mean_energy"": 0.0865, ""energy_range"": 0.1798, ""tempo_bpm"": 129.2, ""spectral_centroid"": 1979.3, ""spectral_rolloff"": 3451.08, ""duration_seconds"": 1.3}","{""pace"": ""slow"", ""volume"": ""soft"", ""pitch_variation"": ""normal"", ""is_question"": false, ""has_pilot_address"": true, ""is_protocol"": false, ""is_acknowledgment"": false}","Exercise caution, Pilot."
BT-7274.Voicepack/bt_clips/206_Pilot_our_path_is_blocked_by.wav,"{""primary_emotion"": ""neutral"", ""primary_score"": 0.0, ""confidence"": 0.0, ""secondary_emotion"": null, ""all_scores"": {}}",206,pilot our path is blocked by a flow regulation gate,40,"p ɪ l ɒ t ,   aʊ r   p æ θ   ɪ s   b l ɒ k ɛ d   b y   æ   f l oʊ   r ɛ g ʌ l æ t ɪ ɒ n   g æ t ɛ .","{""mean_pitch_hz"": 925.53, ""pitch_range_hz"": 984.41, ""mean_energy"": 0.0686, ""energy_range"": 0.2173, ""tempo_bpm"": 136.0, ""spectral_centroid"": 2157.41, ""spectral_rolloff"": 3785.02, ""duration_seconds"": 3.1}","{""pace"": ""normal"", ""volume"": ""normal"", ""pitch_variation"": ""low"", ""is_question"": false, ""has_pilot_address"": true, ""is_protocol"": false, ""is_acknowledgment"": false}","Pilot, our path is blocked by a flow regulation gate."
BT-7274.Voicepack/bt_clips/207_There_should_be_a_control_interface.wav,"{""primary_emotion"": ""neutral"", ""primary_score"": 0.0, ""confidence"": 0.0, ""secondary_emotion"": null, ""all_scores"": {}}",207,there should be a control interface nearby,31,θ ɜːr ɛ   ʃ aʊ l d   b ɛ   æ   c ɒ n t r ɒ l   ɪ n t ɜːr f æ c ɛ   n iː r b y .,"{""mean_pitch_hz"": 385.12, ""pitch_range_hz"": 288.53, ""mean_energy"": 0.0662, ""energy_range"": 0.158, ""tempo_bpm"": 109.96, ""spectral_centroid"": 2050.63, ""spectral_rolloff"": 3689.03, ""duration_seconds"": 1.78}","{""pace"": ""normal"", ""volume"": ""normal"", ""pitch_variation"": ""low"", ""is_question"": false, ""has_pilot_address"": false, ""is_protocol"": false, ""is_acknowledgment"": false}",There should be a control interface nearby.
BT-7274.Voicepack/bt_clips/208_I_recommend_you_disembark_and_proceed.wav,"{""primary_emotion"": ""commanding"", ""primary_score"": 0.9, ""confidence"": 0.11, ""secondary_emotion"": null, ""all_scores"": {""commanding"": 0.9}}",208,i recommend you disembark and proceed on foot,35,ɪ   r ɛ c ɒ m m ɛ n d   y aʊ   d ɪ s ɛ m b ɑːr k   æ n d   p r ɒ c iː d   ɒ n   f uː t .,"{""mean_pitch_hz"": 596.37, ""pitch_range_hz"": 1308.16, ""mean_energy"": 0.0664, ""energy_range"": 0.1463, ""tempo_bpm"": 123.05, ""spectral_centroid"": 2020.04, ""spectral_rolloff"": 3396.26, ""duration_seconds"": 2.38}","{""pace"": ""fast"", ""volume"": ""loud"", ""pitch_variation"": ""normal"", ""is_question"": false, ""has_pilot_address"": false, ""is_protocol"": false, ""is_acknowledgment"": false}",I recommend you disembark and proceed on foot.
BT-7274.Voicepack/bt_clips/209_Accessing_files.wav,"{""primary_emotion"": ""neutral"", ""primary_score"": 0.0, ""confidence"": 0.0, ""secondary_emotion"": null, ""all_scores"": {}}",209,accessing files,14,æ c c ɛ s s ɪ ŋ   f ɪ l ɛ s .,"{""mean_pitch_hz"": 850.71, ""pitch_range_hz"": 1234.8, ""mean_energy"": 0.0752, ""energy_range"": 0.1407, ""tempo_bpm"": 139.67, ""spectral_centroid"": 2631.52, ""spectral_rolloff"": 4342.18, ""duration_seconds"": 0.96}","{""pace"": ""normal"", ""volume"": ""normal"", ""pitch_variation"": ""low"", ""is_question"": false, ""has_pilot_address"": false, ""is_protocol"": false, ""is_acknowledgment"": false}",Accessing files.
BT-7274.Voicepack/bt_clips/210_Cane_a_mercenary_commonly_affiliated_wit.wav,"{""primary_emotion"": ""neutral"", ""primary_score"": 0.0, ""confidence"": 0.0, ""secondary_emotion"": null, ""all_scores"": {}}",210,cane a mercenary commonly affiliated with the apex predators,50,"c æ n ɛ ,   æ   m ɜːr c ɛ n ɑːr y ,   c ɒ m m ɒ n l y   æ f f ɪ l ɪ æ t ɛ d   w ɪ θ   θ ɛ   æ p ɛ x   p r ɛ d æ t ɔːr s .","{""mean_pitch_hz"": 499.89, ""pitch_range_hz"": 1676.36, ""mean_energy"": 0.0478, ""energy_range"": 0.1672, ""tempo_bpm"": 126.05, ""spectral_centroid"": 2367.46, ""spectral_rolloff"": 4536.72, ""duration_seconds"": 5.48}","{""pace"": ""normal"", ""volume"": ""normal"", ""pitch_variation"": ""low"", ""is_question"": false, ""has_pilot_address"": false, ""is_protocol"": false, ""is_acknowledgment"": false}","Cane, a mercenary, commonly affiliated with the Apex Predators."
BT-7274.Voicepack/bt_clips/211_A_well-known_narcotics_user_and_supplier.wav,"{""primary_emotion"": ""neutral"", ""primary_score"": 0.0, ""confidence"": 0.0, ""secondary_emotion"": null, ""all_scores"": {}}",211,a wellknown narcotics user and supplier,30,æ   w ɛ l l n oʊ n   n ɑːr c ɒ t ɪ c s   ʌ s ɜːr   æ n d   s ʌ p p l iː r .,"{""mean_pitch_hz"": 518.7, ""pitch_range_hz"": 1041.78, ""mean_energy"": 0.0816, ""energy_range"": 0.1332, ""tempo_bpm"": 126.05, ""spectral_centroid"": 1848.33, ""spectral_rolloff"": 3010.38, ""duration_seconds"": 2.34}","{""pace"": ""normal"", ""volume"": ""normal"", ""pitch_variation"": ""low"", ""is_question"": false, ""has_pilot_address"": false, ""is_protocol"": false, ""is_acknowledgment"": false}",A well-known narcotics user and supplier.
BT-7274.Voicepack/bt_clips/212_Agreed.wav,"{""primary_emotion"": ""neutral"", ""primary_score"": 0.0, ""confidence"": 0.0, ""secondary_emotion"": null, ""all_scores"": {}}",212,agreed,6,æ g r iː d .,"{""mean_pitch_hz"": 614.32, ""pitch_range_hz"": 1424.63, ""mean_energy"": 0.0675, ""energy_range"": 0.1059, ""tempo_bpm"": 139.67, ""spectral_centroid"": 1921.74, ""spectral_rolloff"": 3886.18, ""duration_seconds"": 0.44}","{""pace"": ""normal"", ""volume"": ""normal"", ""pitch_variation"": ""low"", ""is_question"": false, ""has_pilot_address"": false, ""is_protocol"": false, ""is_acknowledgment"": false}",Agreed.
BT-7274.Voicepack/bt_clips/213_Scans_indicate_the_source_is_somewhere.wav,"{""primary_emotion"": ""questioning"", ""primary_score"": 0.6, ""confidence"": 0.07, ""secondary_emotion"": null, ""all_scores"": {""questioning"": 0.6}}",213,scans indicate the source is somewhere in this facility,41,s c æ n s   aɪnd ɪ c æ t ɛ   θ ɛ   s aʊ r c ɛ   ɪ s   s ɒ m juː h ɜːr ɛ   ɪ n   θ ɪ s   f æ c ɪ l ɪ t y .,"{""mean_pitch_hz"": 268.57, ""pitch_range_hz"": 1237.69, ""mean_energy"": 0.0698, ""energy_range"": 0.1773, ""tempo_bpm"": 139.67, ""spectral_centroid"": 2481.89, ""spectral_rolloff"": 4356.51, ""duration_seconds"": 2.64}","{""pace"": ""normal"", ""volume"": ""normal"", ""pitch_variation"": ""high"", ""is_question"": false, ""has_pilot_address"": false, ""is_protocol"": false, ""is_acknowledgment"": false}",Scans indicate the source is somewhere in this facility.
BT-7274.Voicepack/bt_clips/214_We_should_not_waste_time_here.wav,"{""primary_emotion"": ""neutral"", ""primary_score"": 0.0, ""confidence"": 0.0, ""secondary_emotion"": null, ""all_scores"": {}}",214,we should not waste time here,22,w ɛ   ʃ aʊ l d   n ɒ t   w æ s t ɛ   t ɪ m ɛ   h ɜːr ɛ .,"{""mean_pitch_hz"": 742.39, ""pitch_range_hz"": 1753.53, ""mean_energy"": 0.0672, ""energy_range"": 0.1464, ""tempo_bpm"": 123.05, ""spectral_centroid"": 1974.46, ""spectral_rolloff"": 3457.78, ""duration_seconds"": 1.32}","{""pace"": ""normal"", ""volume"": ""normal"", ""pitch_variation"": ""low"", ""is_question"": false, ""has_pilot_address"": false, ""is_protocol"": false, ""is_acknowledgment"": false}",We should not waste time here.
BT-7274.Voicepack/bt_clips/215_Pilot_I_am_tracking_your_location.wav,"{""primary_emotion"": ""neutral"", ""primary_score"": 0.0, ""confidence"": 0.0, ""secondary_emotion"": null, ""all_scores"": {}}",215,pilot i am tracking your location,27,"p ɪ l ɒ t ,   ɪ   æ m   t r æ k ɪ ŋ   y aʊ r   l ɒ c æ t ɪ ɒ n .","{""mean_pitch_hz"": 538.82, ""pitch_range_hz"": 1231.31, ""mean_energy"": 0.0711, ""energy_range"": 0.2352, ""tempo_bpm"": 114.84, ""spectral_centroid"": 1979.5, ""spectral_rolloff"": 3269.51, ""duration_seconds"": 1.76}","{""pace"": ""normal"", ""volume"": ""normal"", ""pitch_variation"": ""low"", ""is_question"": false, ""has_pilot_address"": true, ""is_protocol"": false, ""is_acknowledgment"": false}","Pilot, I am tracking your location."
BT-7274.Voicepack/bt_clips/216_Recommend_you_seek_an_exit.wav,"{""primary_emotion"": ""neutral"", ""primary_score"": 0.0, ""confidence"": 0.0, ""secondary_emotion"": null, ""all_scores"": {}}",216,recommend you seek an exit,21,r ɛ c ɒ m m ɛ n d   y aʊ   s iː k   æ n   ɛ x ɪ t .,"{""mean_pitch_hz"": 231.58, ""pitch_range_hz"": 1538.32, ""mean_energy"": 0.0686, ""energy_range"": 0.0833, ""tempo_bpm"": 117.45, ""spectral_centroid"": 2249.92, ""spectral_rolloff"": 4082.45, ""duration_seconds"": 1.24}","{""pace"": ""normal"", ""volume"": ""normal"", ""pitch_variation"": ""low"", ""is_question"": false, ""has_pilot_address"": false, ""is_protocol"": false, ""is_acknowledgment"": false}",Recommend you seek an exit.
BT-7274.Voicepack/bt_clips/217_Copy_that_Pilot.wav,"{""primary_emotion"": ""neutral"", ""primary_score"": 0.5, ""confidence"": 0.06, ""secondary_emotion"": null, ""all_scores"": {""neutral"": 0.5}}",217,copy that pilot,14,"c ɒ p y   θ æ t ,   p ɪ l ɒ t .","{""mean_pitch_hz"": 741.85, ""pitch_range_hz"": 912.76, ""mean_energy"": 0.0738, ""energy_range"": 0.1338, ""tempo_bpm"": 123.05, ""spectral_centroid"": 1579.95, ""spectral_rolloff"": 2433.56, ""duration_seconds"": 0.8}","{""pace"": ""normal"", ""volume"": ""normal"", ""pitch_variation"": ""low"", ""is_question"": false, ""has_pilot_address"": true, ""is_protocol"": false, ""is_acknowledgment"": true}","Copy that, Pilot."
BT-7274.Voicepack/bt_clips/218_I_have_no_wish_to_incite.wav,"{""primary_emotion"": ""neutral"", ""primary_score"": 0.0, ""confidence"": 0.0, ""secondary_emotion"": null, ""all_scores"": {}}",218,i have no wish to incite fear,22,ɪ   h æ v ɛ   n ɒ   w ɪ ʃ   t ɒ   ɪ n c ɪ t ɛ   f iː r .,"{""mean_pitch_hz"": 387.25, ""pitch_range_hz"": 3.64, ""mean_energy"": 0.0728, ""energy_range"": 0.2586, ""tempo_bpm"": 147.66, ""spectral_centroid"": 2485.66, ""spectral_rolloff"": 4445.99, ""duration_seconds"": 2.24}","{""pace"": ""normal"", ""volume"": ""normal"", ""pitch_variation"": ""low"", ""is_question"": false, ""has_pilot_address"": false, ""is_protocol"": false, ""is_acknowledgment"": false}",I have no wish to incite fear.
BT-7274.Voicepack/bt_clips/219_That_is_reserved_for_our_enemies.wav,"{""primary_emotion"": ""neutral"", ""primary_score"": 0.0, ""confidence"": 0.0, ""secondary_emotion"": null, ""all_scores"": {}}",219,that is reserved for our enemies,23,θ æ t   ɪ s   r ɛ s ɜːr v ɛ d   f ɔːr   aʊ r   ɛ n ɛ m iː s .,"{""mean_pitch_hz"": 588.62, ""pitch_range_hz"": 1341.31, ""mean_energy"": 0.0501, ""energy_range"": 0.1134, ""tempo_bpm"": 123.05, ""spectral_centroid"": 2436.16, ""spectral_rolloff"": 4065.75, ""duration_seconds"": 1.98}","{""pace"": ""normal"", ""volume"": ""normal"", ""pitch_variation"": ""low"", ""is_question"": false, ""has_pilot_address"": false, ""is_protocol"": false, ""is_acknowledgment"": false}",That is reserved for our enemies.
BT-7274.Voicepack/bt_clips/220_Pilot_I_do_not_know_what.wav,"{""primary_emotion"": ""questioning"", ""primary_score"": 0.6, ""confidence"": 0.07, ""secondary_emotion"": null, ""all_scores"": {""questioning"": 0.6}}",220,pilot i do not know what you did but a series of explosions just weakened the manipulator arm,69,"p ɪ l ɒ t ,   ɪ   d ɒ   n ɒ t   n oʊ   w æ t   y aʊ   d ɪ d ,   b ʌ t   æ   s ɜːr iː s   ɒ f   ɛ x p l ɒ s ɪ ɒ n s   j ʌ s t   w iː k ɛ n ɛ d   θ ɛ   m æ n ɪ p ʌ l æ t ɔːr   ɑːr m .","{""mean_pitch_hz"": 473.22, ""pitch_range_hz"": 1117.85, ""mean_energy"": 0.0748, ""energy_range"": 0.251, ""tempo_bpm"": 129.2, ""spectral_centroid"": 2066.82, ""spectral_rolloff"": 3661.38, ""duration_seconds"": 5.08}","{""pace"": ""normal"", ""volume"": ""normal"", ""pitch_variation"": ""high"", ""is_question"": false, ""has_pilot_address"": true, ""is_protocol"": false, ""is_acknowledgment"": false}","Pilot, I do not know what you did, but a series of explosions just weakened the manipulator arm."
BT-7274.Voicepack/bt_clips/221_I_have_broken_free.wav,"{""primary_emotion"": ""neutral"", ""primary_score"": 0.0, ""confidence"": 0.0, ""secondary_emotion"": null, ""all_scores"": {}}",221,i have broken free,15,ɪ   h æ v ɛ   b r ɒ k ɛ n   f r iː .,"{""mean_pitch_hz"": 921.02, ""pitch_range_hz"": 803.06, ""mean_energy"": 0.0869, ""energy_range"": 0.1942, ""tempo_bpm"": 129.2, ""spectral_centroid"": 1778.97, ""spectral_rolloff"": 2847.7, ""duration_seconds"": 0.94}","{""pace"": ""normal"", ""volume"": ""normal"", ""pitch_variation"": ""low"", ""is_question"": false, ""has_pilot_address"": false, ""is_protocol"": false, ""is_acknowledgment"": false}",I have broken free.
BT-7274.Voicepack/bt_clips/222_This_place_is_falling_apart.wav,"{""primary_emotion"": ""neutral"", ""primary_score"": 0.0, ""confidence"": 0.0, ""secondary_emotion"": null, ""all_scores"": {}}",222,this place is falling apart,21,θ ɪ s   p l æ c ɛ   ɪ s   f æ l l ɪ ŋ   æ p ɑːr t .,"{""mean_pitch_hz"": 633.74, ""pitch_range_hz"": 1191.71, ""mean_energy"": 0.0956, ""energy_range"": 0.2204, ""tempo_bpm"": 129.2, ""spectral_centroid"": 2305.99, ""spectral_rolloff"": 3955.96, ""duration_seconds"": 1.3}","{""pace"": ""normal"", ""volume"": ""normal"", ""pitch_variation"": ""low"", ""is_question"": false, ""has_pilot_address"": false, ""is_protocol"": false, ""is_acknowledgment"": false}",This place is falling apart.
BT-7274.Voicepack/bt_clips/223_I_suggest_we_leave.wav,"{""primary_emotion"": ""neutral"", ""primary_score"": 0.0, ""confidence"": 0.0, ""secondary_emotion"": null, ""all_scores"": {}}",223,i suggest we leave,15,ɪ   s ʌ g g ɛ s t   w ɛ   l iː v ɛ .,"{""mean_pitch_hz"": 370.33, ""pitch_range_hz"": 317.27, ""mean_energy"": 0.0651, ""energy_range"": 0.1515, ""tempo_bpm"": 123.05, ""spectral_centroid"": 2483.58, ""spectral_rolloff"": 4392.32, ""duration_seconds"": 1.1}","{""pace"": ""normal"", ""volume"": ""normal"", ""pitch_variation"": ""low"", ""is_question"": false, ""has_pilot_address"": false, ""is_protocol"": false, ""is_acknowledgment"": false}",I suggest we leave.
BT-7274.Voicepack/bt_clips/224_You_are_not_far_from_my.wav,"{""primary_emotion"": ""neutral"", ""primary_score"": 0.0, ""confidence"": 0.0, ""secondary_emotion"": null, ""all_scores"": {}}",224,you are not far from my location,24,y aʊ   ɑːr ɛ   n ɒ t   f ɑːr   f r ɒ m   m y   l ɒ c æ t ɪ ɒ n .,"{""mean_pitch_hz"": 682.88, ""pitch_range_hz"": 1595.99, ""mean_energy"": 0.0719, ""energy_range"": 0.1548, ""tempo_bpm"": 139.67, ""spectral_centroid"": 1896.8, ""spectral_rolloff"": 3219.05, ""duration_seconds"": 1.5}","{""pace"": ""normal"", ""volume"": ""normal"", ""pitch_variation"": ""low"", ""is_question"": false, ""has_pilot_address"": false, ""is_protocol"": false, ""is_acknowledgment"": false}",You are not far from my location.
BT-7274.Voicepack/bt_clips/225_Marking_your_HUD.wav,"{""primary_emotion"": ""neutral"", ""primary_score"": 0.0, ""confidence"": 0.0, ""secondary_emotion"": null, ""all_scores"": {}}",225,marking your hud,12,m ɑːr k ɪ ŋ   y aʊ r   h ʌ d .,"{""mean_pitch_hz"": 951.0, ""pitch_range_hz"": 3.23, ""mean_energy"": 0.0802, ""energy_range"": 0.1731, ""tempo_bpm"": 172.27, ""spectral_centroid"": 1493.46, ""spectral_rolloff"": 2286.58, ""duration_seconds"": 0.8}","{""pace"": ""normal"", ""volume"": ""normal"", ""pitch_variation"": ""low"", ""is_question"": false, ""has_pilot_address"": false, ""is_protocol"": false, ""is_acknowledgment"": false}",Marking your HUD.
BT-7274.Voicepack/bt_clips/226_Pilot.wav,"{""primary_emotion"": ""neutral"", ""primary_score"": 0.0, ""confidence"": 0.0, ""secondary_emotion"": null, ""all_scores"": {}}",226,pilot,6,p ɪ l ɒ t .,"{""mean_pitch_hz"": 962.39, ""pitch_range_hz"": 619.42, ""mean_energy"": 0.1027, ""energy_range"": 0.191, ""tempo_bpm"": 136.0, ""spectral_centroid"": 1690.45, ""spectral_rolloff"": 2796.24, ""duration_seconds"": 0.32}","{""pace"": ""normal"", ""volume"": ""normal"", ""pitch_variation"": ""low"", ""is_question"": false, ""has_pilot_address"": true, ""is_protocol"": false, ""is_acknowledgment"": false}",Pilot.
BT-7274.Voicepack/bt_clips/227_Cooper.wav,"{""primary_emotion"": ""neutral"", ""primary_score"": 0.0, ""confidence"": 0.0, ""secondary_emotion"": null, ""all_scores"": {}}",227,cooper,5,c uː p ɜːr .,"{""mean_pitch_hz"": 490.33, ""pitch_range_hz"": 856.67, ""mean_energy"": 0.1113, ""energy_range"": 0.1569, ""tempo_bpm"": 136.0, ""spectral_centroid"": 1558.44, ""spectral_rolloff"": 2792.43, ""duration_seconds"": 0.28}","{""pace"": ""normal"", ""volume"": ""normal"", ""pitch_variation"": ""low"", ""is_question"": false, ""has_pilot_address"": false, ""is_protocol"": false, ""is_acknowledgment"": false}",Cooper.
BT-7274.Voicepack/bt_clips/228_If_you_read_me_I_am.wav,"{""primary_emotion"": ""neutral"", ""primary_score"": 0.0, ""confidence"": 0.0, ""secondary_emotion"": null, ""all_scores"": {}}",228,if you read me i am being taken to this facilitys substation,46,"ɪ f   y aʊ   r iː d   m ɛ ,   ɪ   æ m   b eɪ ŋ   t æ k ɛ n   t ɒ   θ ɪ s   f æ c ɪ l ɪ t y s   s ʌ b s t æ t ɪ ɒ n .","{""mean_pitch_hz"": 361.18, ""pitch_range_hz"": 952.35, ""mean_energy"": 0.0814, ""energy_range"": 0.2093, ""tempo_bpm"": 139.67, ""spectral_centroid"": 2243.26, ""spectral_rolloff"": 3854.36, ""duration_seconds"": 3.12}","{""pace"": ""normal"", ""volume"": ""normal"", ""pitch_variation"": ""low"", ""is_question"": false, ""has_pilot_address"": false, ""is_protocol"": false, ""is_acknowledgment"": false}","If you read me, I am being taken to this facility's substation."
BT-7274.Voicepack/bt_clips/229_You_must_follow_the_pipes_to.wav,"{""primary_emotion"": ""determined"", ""primary_score"": 0.8, ""confidence"": 0.1, ""secondary_emotion"": null, ""all_scores"": {""determined"": 0.8}}",229,you must follow the pipes to the lower levels,32,y aʊ   m ʌ s t   f ɒ l l oʊ   θ ɛ   p ɪ p ɛ s   t ɒ   θ ɛ   l oʊ ɜːr   l ɛ v ɛ l s .,"{""mean_pitch_hz"": 722.8, ""pitch_range_hz"": 1132.32, ""mean_energy"": 0.0528, ""energy_range"": 0.2403, ""tempo_bpm"": 120.19, ""spectral_centroid"": 2959.98, ""spectral_rolloff"": 4972.12, ""duration_seconds"": 8.66}","{""pace"": ""normal"", ""volume"": ""normal"", ""pitch_variation"": ""low"", ""is_question"": false, ""has_pilot_address"": false, ""is_protocol"": false, ""is_acknowledgment"": false}",You must follow the pipes to the lower levels.
BT-7274.Voicepack/bt_clips/230_Warning.wav,"{""primary_emotion"": ""urgent"", ""primary_score"": 1.0, ""confidence"": 0.12, ""secondary_emotion"": null, ""all_scores"": {""urgent"": 1.0}}",230,warning,6,w ɑːr n ɪ ŋ .,"{""mean_pitch_hz"": 496.74, ""pitch_range_hz"": 941.99, ""mean_energy"": 0.1258, ""energy_range"": 0.1581, ""tempo_bpm"": 136.0, ""spectral_centroid"": 1360.81, ""spectral_rolloff"": 1778.83, ""duration_seconds"": 0.26}","{""pace"": ""fast"", ""volume"": ""loud"", ""pitch_variation"": ""normal"", ""is_question"": false, ""has_pilot_address"": false, ""is_protocol"": false, ""is_acknowledgment"": false}",Warning.
BT-7274.Voicepack/bt_clips/231_Losing_contact.wav,"{""primary_emotion"": ""neutral"", ""primary_score"": 0.0, ""confidence"": 0.0, ""secondary_emotion"": null, ""all_scores"": {}}",231,losing contact,13,l ɒ s ɪ ŋ   c ɒ n t æ c t .,"{""mean_pitch_hz"": 310.52, ""pitch_range_hz"": 788.92, ""mean_energy"": 0.0993, ""energy_range"": 0.1655, ""tempo_bpm"": 172.27, ""spectral_centroid"": 1755.7, ""spectral_rolloff"": 2999.07, ""duration_seconds"": 0.88}","{""pace"": ""normal"", ""volume"": ""normal"", ""pitch_variation"": ""low"", ""is_question"": false, ""has_pilot_address"": false, ""is_protocol"": false, ""is_acknowledgment"": false}",Losing contact.
BT-7274.Voicepack/bt_clips/232_Perhaps_Lastimosa_was_right.wav,"{""primary_emotion"": ""neutral"", ""primary_score"": 0.0, ""confidence"": 0.0, ""secondary_emotion"": null, ""all_scores"": {}}",232,perhaps lastimosa was right,21,p ɜːr h æ s   l æ s t ɪ m ɒ s æ   w æ s   r aɪ t .,"{""mean_pitch_hz"": 659.06, ""pitch_range_hz"": 1331.17, ""mean_energy"": 0.092, ""energy_range"": 0.2484, ""tempo_bpm"": 139.67, ""spectral_centroid"": 2493.12, ""spectral_rolloff"": 4474.74, ""duration_seconds"": 1.74}","{""pace"": ""normal"", ""volume"": ""normal"", ""pitch_variation"": ""low"", ""is_question"": false, ""has_pilot_address"": false, ""is_protocol"": false, ""is_acknowledgment"": false}",Perhaps Lastimosa was right.
BT-7274.Voicepack/bt_clips/233_No_plan_survives_first_contact.wav,"{""primary_emotion"": ""neutral"", ""primary_score"": 0.0, ""confidence"": 0.0, ""secondary_emotion"": null, ""all_scores"": {}}",233,no plan survives first contact,25,n ɒ   p l æ n   s ɜːr v ɪ v ɛ s   f ɪr s t   c ɒ n t æ c t .,"{""mean_pitch_hz"": 705.63, ""pitch_range_hz"": 1174.47, ""mean_energy"": 0.071, ""energy_range"": 0.1711, ""tempo_bpm"": 109.96, ""spectral_centroid"": 2523.62, ""spectral_rolloff"": 4536.66, ""duration_seconds"": 2.0}","{""pace"": ""normal"", ""volume"": ""normal"", ""pitch_variation"": ""low"", ""is_question"": false, ""has_pilot_address"": false, ""is_protocol"": false, ""is_acknowledgment"": false}",No plan survives first contact.
BT-7274.Voicepack/bt_clips/234_Pilot_I_am_being_taken_down.wav,"{""primary_emotion"": ""neutral"", ""primary_score"": 0.0, ""confidence"": 0.0, ""secondary_emotion"": null, ""all_scores"": {}}",234,pilot i am being taken down an assembly line,35,"p ɪ l ɒ t ,   ɪ   æ m   b eɪ ŋ   t æ k ɛ n   d oʊ n   æ n   æ s s ɛ m b l y   l ɪ n ɛ .","{""mean_pitch_hz"": 633.56, ""pitch_range_hz"": 1767.69, ""mean_energy"": 0.0637, ""energy_range"": 0.1823, ""tempo_bpm"": 156.61, ""spectral_centroid"": 1943.69, ""spectral_rolloff"": 3359.55, ""duration_seconds"": 2.66}","{""pace"": ""normal"", ""volume"": ""normal"", ""pitch_variation"": ""low"", ""is_question"": false, ""has_pilot_address"": true, ""is_protocol"": false, ""is_acknowledgment"": false}","Pilot, I am being taken down an assembly line."
BT-7274.Voicepack/bt_clips/235_There_may_be_a_common_exit.wav,"{""primary_emotion"": ""neutral"", ""primary_score"": 0.0, ""confidence"": 0.0, ""secondary_emotion"": null, ""all_scores"": {}}",235,there may be a common exit,19,θ ɜːr ɛ   m eɪ   b ɛ   æ   c ɒ m m ɒ n   ɛ x ɪ t .,"{""mean_pitch_hz"": 618.59, ""pitch_range_hz"": 983.34, ""mean_energy"": 0.0746, ""energy_range"": 0.1627, ""tempo_bpm"": 139.67, ""spectral_centroid"": 1841.74, ""spectral_rolloff"": 3260.62, ""duration_seconds"": 1.2}","{""pace"": ""normal"", ""volume"": ""normal"", ""pitch_variation"": ""low"", ""is_question"": false, ""has_pilot_address"": false, ""is_protocol"": false, ""is_acknowledgment"": false}",There may be a common exit.
BT-7274.Voicepack/bt_clips/236_Pilot_I_recommend_you_follow_the.wav,"{""primary_emotion"": ""neutral"", ""primary_score"": 0.0, ""confidence"": 0.0, ""secondary_emotion"": null, ""all_scores"": {}}",236,pilot i recommend you follow the flow of the platforms,41,"p ɪ l ɒ t ,   ɪ   r ɛ c ɒ m m ɛ n d   y aʊ   f ɒ l l oʊ   θ ɛ   f l oʊ   ɒ f   θ ɛ   p l æ t f ɔːr m s .","{""mean_pitch_hz"": 743.48, ""pitch_range_hz"": 942.1, ""mean_energy"": 0.0629, ""energy_range"": 0.1822, ""tempo_bpm"": 117.45, ""spectral_centroid"": 2326.71, ""spectral_rolloff"": 4198.97, ""duration_seconds"": 2.82}","{""pace"": ""normal"", ""volume"": ""normal"", ""pitch_variation"": ""low"", ""is_question"": false, ""has_pilot_address"": true, ""is_protocol"": false, ""is_acknowledgment"": false}","Pilot, I recommend you follow the flow of the platforms."
BT-7274.Voicepack/bt_clips/237_Pilot.wav,"{""primary_emotion"": ""neutral"", ""primary_score"": 0.0, ""confidence"": 0.0, ""secondary_emotion"": null, ""all_scores"": {}}",237,pilot,6,p ɪ l ɒ t .,"{""mean_pitch_hz"": 1034.92, ""pitch_range_hz"": 505.8, ""mean_energy"": 0.0858, ""energy_range"": 0.3082, ""tempo_bpm"": 147.66, ""spectral_centroid"": 1975.86, ""spectral_rolloff"": 3277.66, ""duration_seconds"": 0.48}","{""pace"": ""normal"", ""volume"": ""normal"", ""pitch_variation"": ""low"", ""is_question"": false, ""has_pilot_address"": true, ""is_protocol"": false, ""is_acknowledgment"": false}",Pilot.
BT-7274.Voicepack/bt_clips/238_Pilot_are_you_alright.wav,"{""primary_emotion"": ""questioning"", ""primary_score"": 0.6, ""confidence"": 0.07, ""secondary_emotion"": null, ""all_scores"": {""questioning"": 0.6}}",238,pilot are you alright,16,"p ɪ l ɒ t ,   ɑːr ɛ   y aʊ   æ l r aɪ t ?","{""mean_pitch_hz"": 805.19, ""pitch_range_hz"": 667.56, ""mean_energy"": 0.0851, ""energy_range"": 0.2907, ""tempo_bpm"": 99.38, ""spectral_centroid"": 2060.42, ""spectral_rolloff"": 3681.61, ""duration_seconds"": 1.32}","{""pace"": ""normal"", ""volume"": ""normal"", ""pitch_variation"": ""high"", ""is_question"": true, ""has_pilot_address"": true, ""is_protocol"": false, ""is_acknowledgment"": false}","Pilot, are you alright?"
BT-7274.Voicepack/bt_clips/239_I_am_undamaged.wav,"{""primary_emotion"": ""neutral"", ""primary_score"": 0.0, ""confidence"": 0.0, ""secondary_emotion"": null, ""all_scores"": {}}",239,i am undamaged,13,ɪ   æ m   ʌ n d æ m æ g ɛ d .,"{""mean_pitch_hz"": 438.55, ""pitch_range_hz"": 892.89, ""mean_energy"": 0.1044, ""energy_range"": 0.2925, ""tempo_bpm"": 126.05, ""spectral_centroid"": 1977.19, ""spectral_rolloff"": 3131.71, ""duration_seconds"": 1.08}","{""pace"": ""normal"", ""volume"": ""normal"", ""pitch_variation"": ""low"", ""is_question"": false, ""has_pilot_address"": false, ""is_protocol"": false, ""is_acknowledgment"": false}",I am undamaged.
BT-7274.Voicepack/bt_clips/240_However_I_do_not_believe_this.wav,"{""primary_emotion"": ""questioning"", ""primary_score"": 0.6, ""confidence"": 0.07, ""secondary_emotion"": null, ""all_scores"": {""questioning"": 0.6}}",240,however i do not believe this is a food processing plant,42,"h oʊ ɛ v ɜːr ,   ɪ   d ɒ   n ɒ t   b ɛ l iː v ɛ   θ ɪ s   ɪ s   æ   f uː d   p r ɒ c ɛ s s ɪ ŋ   p l æ n t .","{""mean_pitch_hz"": 524.22, ""pitch_range_hz"": 1107.86, ""mean_energy"": 0.0709, ""energy_range"": 0.1599, ""tempo_bpm"": 109.96, ""spectral_centroid"": 2284.46, ""spectral_rolloff"": 4233.6, ""duration_seconds"": 2.84}","{""pace"": ""normal"", ""volume"": ""normal"", ""pitch_variation"": ""high"", ""is_question"": false, ""has_pilot_address"": false, ""is_protocol"": false, ""is_acknowledgment"": false}","However, I do not believe this is a food processing plant."
BT-7274.Voicepack/bt_clips/241_Or_upside_down_considering_the_circumsta.wav,"{""primary_emotion"": ""neutral"", ""primary_score"": 0.0, ""confidence"": 0.0, ""secondary_emotion"": null, ""all_scores"": {}}",241,or upside down considering the circumstances,34,"ɔːr   ʌ s ɪ d ɛ   d oʊ n ,   c ɒ n s ɪ d ɜːr ɪ ŋ   θ ɛ   c ɪr c ʌ m s t æ n c ɛ s .","{""mean_pitch_hz"": 407.55, ""pitch_range_hz"": 923.27, ""mean_energy"": 0.0648, ""energy_range"": 0.2057, ""tempo_bpm"": 93.96, ""spectral_centroid"": 2374.65, ""spectral_rolloff"": 3953.48, ""duration_seconds"": 2.92}","{""pace"": ""normal"", ""volume"": ""normal"", ""pitch_variation"": ""low"", ""is_question"": false, ""has_pilot_address"": false, ""is_protocol"": false, ""is_acknowledgment"": false}","Or upside down, considering the circumstances."
BT-7274.Voicepack/bt_clips/242_I_can_see_IMC_infantry_scattered.wav,"{""primary_emotion"": ""neutral"", ""primary_score"": 0.0, ""confidence"": 0.0, ""secondary_emotion"": null, ""all_scores"": {}}",242,i can see imc infantry scattered throughout this facility,42,ɪ   c æ n   s iː   ɪ m c   ɪ n f æ n t r y   s c æ t t ɜːr ɛ d   θ r oʊ aʊ t   θ ɪ s   f æ c ɪ l ɪ t y .,"{""mean_pitch_hz"": 591.84, ""pitch_range_hz"": 1364.0, ""mean_energy"": 0.0484, ""energy_range"": 0.1931, ""tempo_bpm"": 132.51, ""spectral_centroid"": 2946.58, ""spectral_rolloff"": 4904.95, ""duration_seconds"": 6.44}","{""pace"": ""normal"", ""volume"": ""normal"", ""pitch_variation"": ""low"", ""is_question"": false, ""has_pilot_address"": false, ""is_protocol"": false, ""is_acknowledgment"": false}",I can see IMC infantry scattered throughout this facility.
BT-7274.Voicepack/bt_clips/243_Be_careful_Pilot.wav,"{""primary_emotion"": ""cautious"", ""primary_score"": 0.8, ""confidence"": 0.1, ""secondary_emotion"": ""concerned"", ""all_scores"": {""cautious"": 0.8, ""concerned"": 0.7}}",243,be careful pilot,15,"b ɛ   c ɑːr ɛ f ʌ l ,   p ɪ l ɒ t .","{""mean_pitch_hz"": 549.2, ""pitch_range_hz"": 1703.93, ""mean_energy"": 0.0812, ""energy_range"": 0.2085, ""tempo_bpm"": 114.84, ""spectral_centroid"": 1861.5, ""spectral_rolloff"": 3141.78, ""duration_seconds"": 0.84}","{""pace"": ""slow"", ""volume"": ""soft"", ""pitch_variation"": ""normal"", ""is_question"": false, ""has_pilot_address"": true, ""is_protocol"": false, ""is_acknowledgment"": false}","Be careful, Pilot."
BT-7274.Voicepack/bt_clips/244_Pilot.wav,"{""primary_emotion"": ""neutral"", ""primary_score"": 0.0, ""confidence"": 0.0, ""secondary_emotion"": null, ""all_scores"": {}}",244,pilot,6,p ɪ l ɒ t .,"{""mean_pitch_hz"": 1109.8, ""pitch_range_hz"": 585.36, ""mean_energy"": 0.0686, ""energy_range"": 0.214, ""tempo_bpm"": 129.2, ""spectral_centroid"": 2333.51, ""spectral_rolloff"": 4166.44, ""duration_seconds"": 0.52}","{""pace"": ""normal"", ""volume"": ""normal"", ""pitch_variation"": ""low"", ""is_question"": false, ""has_pilot_address"": true, ""is_protocol"": false, ""is_acknowledgment"": false}",Pilot.
BT-7274.Voicepack/bt_clips/245_This_facility_is_extremely_dangerous.wav,"{""primary_emotion"": ""urgent"", ""primary_score"": 1.0, ""confidence"": 0.12, ""secondary_emotion"": null, ""all_scores"": {""urgent"": 1.0}}",245,this facility is extremely dangerous,29,θ ɪ s   f æ c ɪ l ɪ t y   ɪ s   ɛ x t r ɛ m ɛ l y   d æ ŋ ɜːr aʊ s .,"{""mean_pitch_hz"": 405.18, ""pitch_range_hz"": 41.84, ""mean_energy"": 0.0825, ""energy_range"": 0.2526, ""tempo_bpm"": 117.45, ""spectral_centroid"": 2513.92, ""spectral_rolloff"": 4458.82, ""duration_seconds"": 1.9}","{""pace"": ""fast"", ""volume"": ""loud"", ""pitch_variation"": ""normal"", ""is_question"": false, ""has_pilot_address"": false, ""is_protocol"": false, ""is_acknowledgment"": false}",This facility is extremely dangerous.
BT-7274.Voicepack/bt_clips/246_Watch_for_crushing_hazards_on_the.wav,"{""primary_emotion"": ""neutral"", ""primary_score"": 0.0, ""confidence"": 0.0, ""secondary_emotion"": null, ""all_scores"": {}}",246,watch for crushing hazards on the assembly line,35,w æ t tʃ   f ɔːr   c r ʌ ʃ ɪ ŋ   h æ z ɑːr d s   ɒ n   θ ɛ   æ s s ɛ m b l y   l ɪ n ɛ .,"{""mean_pitch_hz"": 607.34, ""pitch_range_hz"": 962.67, ""mean_energy"": 0.0686, ""energy_range"": 0.1633, ""tempo_bpm"": 156.61, ""spectral_centroid"": 2174.91, ""spectral_rolloff"": 3772.38, ""duration_seconds"": 2.14}","{""pace"": ""normal"", ""volume"": ""normal"", ""pitch_variation"": ""low"", ""is_question"": false, ""has_pilot_address"": false, ""is_protocol"": false, ""is_acknowledgment"": false}",Watch for crushing hazards on the assembly line.
BT-7274.Voicepack/bt_clips/247_Pilot.wav,"{""primary_emotion"": ""neutral"", ""primary_score"": 0.0, ""confidence"": 0.0, ""secondary_emotion"": null, ""all_scores"": {}}",247,pilot,6,p ɪ l ɒ t .,"{""mean_pitch_hz"": 1066.14, ""pitch_range_hz"": 624.6, ""mean_energy"": 0.0669, ""energy_range"": 0.2181, ""tempo_bpm"": 126.05, ""spectral_centroid"": 2492.43, ""spectral_rolloff"": 3964.02, ""duration_seconds"": 0.52}","{""pace"": ""normal"", ""volume"": ""normal"", ""pitch_variation"": ""low"", ""is_question"": false, ""has_pilot_address"": true, ""is_protocol"": false, ""is_acknowledgment"": false}",Pilot.
BT-7274.Voicepack/bt_clips/248_I_am_being_taken_through_an.wav,"{""primary_emotion"": ""neutral"", ""primary_score"": 0.0, ""confidence"": 0.0, ""secondary_emotion"": null, ""all_scores"": {}}",248,i am being taken through an area stocked with prefabricated structures,50,ɪ   æ m   b eɪ ŋ   t æ k ɛ n   θ r oʊ   æ n   ɑːr iː   s t ɒ k ɛ d   w ɪ θ   p r ɛ f æ b r ɪ c æ t ɛ d   s t r ʌ c t ɜːr ɛ s .,"{""mean_pitch_hz"": 663.69, ""pitch_range_hz"": 899.04, ""mean_energy"": 0.0883, ""energy_range"": 0.1993, ""tempo_bpm"": 126.05, ""spectral_centroid"": 2159.62, ""spectral_rolloff"": 3775.11, ""duration_seconds"": 3.08}","{""pace"": ""normal"", ""volume"": ""normal"", ""pitch_variation"": ""low"", ""is_question"": false, ""has_pilot_address"": false, ""is_protocol"": false, ""is_acknowledgment"": false}",I am being taken through an area stocked with prefabricated structures.
BT-7274.Voicepack/bt_clips/249_We_are_not_far_apart.wav,"{""primary_emotion"": ""neutral"", ""primary_score"": 0.0, ""confidence"": 0.0, ""secondary_emotion"": null, ""all_scores"": {}}",249,we are not far apart,14,w ɛ   ɑːr ɛ   n ɒ t   f ɑːr   æ p ɑːr t .,"{""mean_pitch_hz"": 793.96, ""pitch_range_hz"": 1095.99, ""mean_energy"": 0.0894, ""energy_range"": 0.1894, ""tempo_bpm"": 161.5, ""spectral_centroid"": 1691.86, ""spectral_rolloff"": 2651.39, ""duration_seconds"": 1.06}","{""pace"": ""normal"", ""volume"": ""normal"", ""pitch_variation"": ""low"", ""is_question"": false, ""has_pilot_address"": false, ""is_protocol"": false, ""is_acknowledgment"": false}",We are not far apart.
BT-7274.Voicepack/bt_clips/250_Keep_moving.wav,"{""primary_emotion"": ""neutral"", ""primary_score"": 0.0, ""confidence"": 0.0, ""secondary_emotion"": null, ""all_scores"": {}}",250,keep moving,9,k iː p   m ɒ v ɪ ŋ .,"{""mean_pitch_hz"": 354.19, ""pitch_range_hz"": 739.92, ""mean_energy"": 0.1011, ""energy_range"": 0.2347, ""tempo_bpm"": 172.27, ""spectral_centroid"": 1989.75, ""spectral_rolloff"": 3765.92, ""duration_seconds"": 0.52}","{""pace"": ""normal"", ""volume"": ""normal"", ""pitch_variation"": ""low"", ""is_question"": false, ""has_pilot_address"": false, ""is_protocol"": false, ""is_acknowledgment"": false}",Keep moving.
BT-7274.Voicepack/bt_clips/251_Knowing.wav,"{""primary_emotion"": ""neutral"", ""primary_score"": 0.0, ""confidence"": 0.0, ""secondary_emotion"": null, ""all_scores"": {}}",251,knowing,5,n oʊ ɪ ŋ .,"{""mean_pitch_hz"": 1757.48, ""pitch_range_hz"": 2870.59, ""mean_energy"": 0.0276, ""energy_range"": 0.0836, ""tempo_bpm"": 152.0, ""spectral_centroid"": 3326.74, ""spectral_rolloff"": 5660.89, ""duration_seconds"": 1.06}","{""pace"": ""normal"", ""volume"": ""normal"", ""pitch_variation"": ""low"", ""is_question"": false, ""has_pilot_address"": false, ""is_protocol"": false, ""is_acknowledgment"": false}",Knowing.
BT-7274.Voicepack/bt_clips/252_Unknown.wav,"{""primary_emotion"": ""neutral"", ""primary_score"": 0.0, ""confidence"": 0.0, ""secondary_emotion"": null, ""all_scores"": {}}",252,unknown,6,ʌ n n oʊ n .,"{""mean_pitch_hz"": 687.55, ""pitch_range_hz"": 1105.92, ""mean_energy"": 0.0902, ""energy_range"": 0.1859, ""tempo_bpm"": 258.4, ""spectral_centroid"": 1808.92, ""spectral_rolloff"": 2635.19, ""duration_seconds"": 0.52}","{""pace"": ""normal"", ""volume"": ""normal"", ""pitch_variation"": ""low"", ""is_question"": false, ""has_pilot_address"": false, ""is_protocol"": false, ""is_acknowledgment"": false}",Unknown.
BT-7274.Voicepack/bt_clips/253_But_I_doubt_the_IMC_are.wav,"{""primary_emotion"": ""neutral"", ""primary_score"": 0.0, ""confidence"": 0.0, ""secondary_emotion"": null, ""all_scores"": {}}",253,but i doubt the imc are massproducing homes,33,b ʌ t   ɪ   d aʊ b t   θ ɛ   ɪ m c   ɑːr ɛ   m æ s s p r ɒ d ʌ c ɪ ŋ   h ɒ m ɛ s .,"{""mean_pitch_hz"": 539.4, ""pitch_range_hz"": 1248.72, ""mean_energy"": 0.0783, ""energy_range"": 0.1824, ""tempo_bpm"": 129.2, ""spectral_centroid"": 1966.03, ""spectral_rolloff"": 3324.1, ""duration_seconds"": 2.56}","{""pace"": ""normal"", ""volume"": ""normal"", ""pitch_variation"": ""low"", ""is_question"": false, ""has_pilot_address"": false, ""is_protocol"": false, ""is_acknowledgment"": false}",But I doubt the IMC are mass-producing homes.
BT-7274.Voicepack/bt_clips/254_They_usually_destroy_them.wav,"{""primary_emotion"": ""neutral"", ""primary_score"": 0.0, ""confidence"": 0.0, ""secondary_emotion"": null, ""all_scores"": {}}",254,they usually destroy them,19,θ eɪ   ʌ s ʌ æ l l y   d ɛ s t r ɔɪ   θ ɛ m .,"{""mean_pitch_hz"": 650.18, ""pitch_range_hz"": 971.19, ""mean_energy"": 0.0662, ""energy_range"": 0.1544, ""tempo_bpm"": 105.47, ""spectral_centroid"": 2371.93, ""spectral_rolloff"": 4775.99, ""duration_seconds"": 1.36}","{""pace"": ""normal"", ""volume"": ""normal"", ""pitch_variation"": ""low"", ""is_question"": false, ""has_pilot_address"": false, ""is_protocol"": false, ""is_acknowledgment"": false}",They usually destroy them.
BT-7274.Voicepack/bt_clips/255_Your_confidence_that_we_will_reconnect.wav,"{""primary_emotion"": ""determined"", ""primary_score"": 0.8, ""confidence"": 0.1, ""secondary_emotion"": null, ""all_scores"": {""determined"": 0.8}}",255,your confidence that we will reconnect is encouraging,43,y aʊ r   c ɒ n f ɪ d ɛ n c ɛ   θ æ t   w ɛ   w ɪ l l   r ɛ c ɒ n n ɛ c t   ɪ s   ɛ n c aʊ r æ g ɪ ŋ .,"{""mean_pitch_hz"": 952.05, ""pitch_range_hz"": 691.94, ""mean_energy"": 0.0743, ""energy_range"": 0.275, ""tempo_bpm"": 136.0, ""spectral_centroid"": 2060.63, ""spectral_rolloff"": 3531.26, ""duration_seconds"": 2.66}","{""pace"": ""normal"", ""volume"": ""normal"", ""pitch_variation"": ""low"", ""is_question"": false, ""has_pilot_address"": false, ""is_protocol"": false, ""is_acknowledgment"": false}",Your confidence that we will reconnect is encouraging.
BT-7274.Voicepack/bt_clips/256_This_ability_to_stay_positive_is.wav,"{""primary_emotion"": ""positive"", ""primary_score"": 0.9, ""confidence"": 0.11, ""secondary_emotion"": null, ""all_scores"": {""positive"": 0.9}}",256,this ability to stay positive is the mark of a good pilot,42,θ ɪ s   æ b ɪ l ɪ t y   t ɒ   s t eɪ   p ɒ s ɪ t ɪ v ɛ   ɪ s   θ ɛ   m ɑːr k   ɒ f   æ   g uː d   p ɪ l ɒ t .,"{""mean_pitch_hz"": 613.49, ""pitch_range_hz"": 1176.44, ""mean_energy"": 0.0814, ""energy_range"": 0.1705, ""tempo_bpm"": 126.05, ""spectral_centroid"": 2046.61, ""spectral_rolloff"": 3581.43, ""duration_seconds"": 2.92}","{""pace"": ""normal"", ""volume"": ""loud"", ""pitch_variation"": ""normal"", ""is_question"": false, ""has_pilot_address"": true, ""is_protocol"": false, ""is_acknowledgment"": false}",This ability to stay positive is the mark of a good pilot.
BT-7274.Voicepack/bt_clips/257_Pilot.wav,"{""primary_emotion"": ""neutral"", ""primary_score"": 0.0, ""confidence"": 0.0, ""secondary_emotion"": null, ""all_scores"": {}}",257,pilot,6,p ɪ l ɒ t .,"{""mean_pitch_hz"": 839.05, ""pitch_range_hz"": 1155.17, ""mean_energy"": 0.0206, ""energy_range"": 0.033, ""tempo_bpm"": 132.51, ""spectral_centroid"": 3002.32, ""spectral_rolloff"": 6181.23, ""duration_seconds"": 0.2}","{""pace"": ""normal"", ""volume"": ""normal"", ""pitch_variation"": ""low"", ""is_question"": false, ""has_pilot_address"": true, ""is_protocol"": false, ""is_acknowledgment"": false}",Pilot.
BT-7274.Voicepack/bt_clips/258_Pilot.wav,"{""primary_emotion"": ""neutral"", ""primary_score"": 0.0, ""confidence"": 0.0, ""secondary_emotion"": null, ""all_scores"": {}}",258,pilot,6,p ɪ l ɒ t .,"{""mean_pitch_hz"": 1388.17, ""pitch_range_hz"": 1637.21, ""mean_energy"": 0.0273, ""energy_range"": 0.0711, ""tempo_bpm"": 224.69, ""spectral_centroid"": 3544.35, ""spectral_rolloff"": 6391.94, ""duration_seconds"": 0.5}","{""pace"": ""normal"", ""volume"": ""normal"", ""pitch_variation"": ""low"", ""is_question"": false, ""has_pilot_address"": true, ""is_protocol"": false, ""is_acknowledgment"": false}",Pilot.
BT-7274.Voicepack/bt_clips/259_I_need_assistance.wav,"{""primary_emotion"": ""neutral"", ""primary_score"": 0.0, ""confidence"": 0.0, ""secondary_emotion"": null, ""all_scores"": {}}",259,i need assistance,15,ɪ   n iː d   æ s s ɪ s t æ n c ɛ .,"{""mean_pitch_hz"": 1506.01, ""pitch_range_hz"": 3477.66, ""mean_energy"": 0.0212, ""energy_range"": 0.0367, ""tempo_bpm"": 172.27, ""spectral_centroid"": 2818.07, ""spectral_rolloff"": 4636.0, ""duration_seconds"": 0.5}","{""pace"": ""normal"", ""volume"": ""normal"", ""pitch_variation"": ""low"", ""is_question"": false, ""has_pilot_address"": false, ""is_protocol"": false, ""is_acknowledgment"": false}",I need assistance.
BT-7274.Voicepack/bt_clips/260_Good_work_Pilot.wav,"{""primary_emotion"": ""positive"", ""primary_score"": 0.9, ""confidence"": 0.11, ""secondary_emotion"": null, ""all_scores"": {""positive"": 0.9}}",260,good work pilot,13,"g uː d   w ɔːr k ,   p ɪ l ɒ t .","{""mean_pitch_hz"": 1723.33, ""pitch_range_hz"": 3399.62, ""mean_energy"": 0.0787, ""energy_range"": 0.1203, ""tempo_bpm"": 184.57, ""spectral_centroid"": 2734.92, ""spectral_rolloff"": 4505.94, ""duration_seconds"": 0.54}","{""pace"": ""normal"", ""volume"": ""loud"", ""pitch_variation"": ""normal"", ""is_question"": false, ""has_pilot_address"": true, ""is_protocol"": false, ""is_acknowledgment"": false}","Good work, Pilot."
BT-7274.Voicepack/bt_clips/261_Your_skills_are_greatly_improving.wav,"{""primary_emotion"": ""positive"", ""primary_score"": 0.9, ""confidence"": 0.11, ""secondary_emotion"": null, ""all_scores"": {""positive"": 0.9}}",261,your skills are greatly improving,26,y aʊ r   s k ɪ l l s   ɑːr ɛ   g r iː t l y   ɪ m p r ɒ v ɪ ŋ .,"{""mean_pitch_hz"": 524.56, ""pitch_range_hz"": 936.33, ""mean_energy"": 0.0427, ""energy_range"": 0.2759, ""tempo_bpm"": 129.2, ""spectral_centroid"": 2857.84, ""spectral_rolloff"": 5098.18, ""duration_seconds"": 14.92}","{""pace"": ""normal"", ""volume"": ""loud"", ""pitch_variation"": ""normal"", ""is_question"": false, ""has_pilot_address"": false, ""is_protocol"": false, ""is_acknowledgment"": false}",Your skills are greatly improving.
BT-7274.Voicepack/bt_clips/262_Pilot.wav,"{""primary_emotion"": ""neutral"", ""primary_score"": 0.0, ""confidence"": 0.0, ""secondary_emotion"": null, ""all_scores"": {}}",262,pilot,6,p ɪ l ɒ t .,"{""mean_pitch_hz"": 676.92, ""pitch_range_hz"": 1473.36, ""mean_energy"": 0.016, ""energy_range"": 0.0406, ""tempo_bpm"": 132.51, ""spectral_centroid"": 2257.56, ""spectral_rolloff"": 4322.3, ""duration_seconds"": 0.5}","{""pace"": ""normal"", ""volume"": ""normal"", ""pitch_variation"": ""low"", ""is_question"": false, ""has_pilot_address"": true, ""is_protocol"": false, ""is_acknowledgment"": false}",Pilot.
BT-7274.Voicepack/bt_clips/263_Pilot.wav,"{""primary_emotion"": ""neutral"", ""primary_score"": 0.0, ""confidence"": 0.0, ""secondary_emotion"": null, ""all_scores"": {}}",263,pilot,6,p ɪ l ɒ t .,"{""mean_pitch_hz"": 870.2, ""pitch_range_hz"": 1054.51, ""mean_energy"": 0.0683, ""energy_range"": 0.1961, ""tempo_bpm"": 184.57, ""spectral_centroid"": 2237.19, ""spectral_rolloff"": 4045.8, ""duration_seconds"": 0.5}","{""pace"": ""normal"", ""volume"": ""normal"", ""pitch_variation"": ""low"", ""is_question"": false, ""has_pilot_address"": true, ""is_protocol"": false, ""is_acknowledgment"": false}",Pilot.
BT-7274.Voicepack/bt_clips/264_This_loading_docks_cargo_lift_offers.wav,"{""primary_emotion"": ""neutral"", ""primary_score"": 0.0, ""confidence"": 0.0, ""secondary_emotion"": null, ""all_scores"": {}}",264,this loading docks cargo lift offers a shortcut through the facility,46,θ ɪ s   l oʊ d ɪ ŋ   d ɒ k s   c ɑːr g ɒ   l ɪ f t   ɒ f f ɜːr s   æ   ʃ ɔːr t c ʌ t   θ r oʊ   θ ɛ   f æ c ɪ l ɪ t y .,"{""mean_pitch_hz"": 554.83, ""pitch_range_hz"": 988.96, ""mean_energy"": 0.0714, ""energy_range"": 0.1961, ""tempo_bpm"": 112.35, ""spectral_centroid"": 2237.94, ""spectral_rolloff"": 4025.09, ""duration_seconds"": 3.38}","{""pace"": ""normal"", ""volume"": ""normal"", ""pitch_variation"": ""low"", ""is_question"": false, ""has_pilot_address"": false, ""is_protocol"": false, ""is_acknowledgment"": false}",This loading dock's cargo lift offers a shortcut through the facility.
BT-7274.Voicepack/bt_clips/265_Check_your_HUD_for_the_control.wav,"{""primary_emotion"": ""neutral"", ""primary_score"": 0.0, ""confidence"": 0.0, ""secondary_emotion"": null, ""all_scores"": {}}",265,check your hud for the control panel,26,tʃ ɛ k   y aʊ r   h ʌ d   f ɔːr   θ ɛ   c ɒ n t r ɒ l   p æ n ɛ l .,"{""mean_pitch_hz"": 470.43, ""pitch_range_hz"": 1041.76, ""mean_energy"": 0.0754, ""energy_range"": 0.1515, ""tempo_bpm"": 136.0, ""spectral_centroid"": 1772.54, ""spectral_rolloff"": 2902.06, ""duration_seconds"": 1.62}","{""pace"": ""normal"", ""volume"": ""normal"", ""pitch_variation"": ""low"", ""is_question"": false, ""has_pilot_address"": false, ""is_protocol"": false, ""is_acknowledgment"": false}",Check your HUD for the control panel.
BT-7274.Voicepack/bt_clips/266_Thank_you_Pilot.wav,"{""primary_emotion"": ""neutral"", ""primary_score"": 0.0, ""confidence"": 0.0, ""secondary_emotion"": null, ""all_scores"": {}}",266,thank you pilot,13,"θ æ n k   y aʊ ,   p ɪ l ɒ t .","{""mean_pitch_hz"": 381.22, ""pitch_range_hz"": 1302.68, ""mean_energy"": 0.0713, ""energy_range"": 0.2187, ""tempo_bpm"": 166.71, ""spectral_centroid"": 1882.86, ""spectral_rolloff"": 3231.87, ""duration_seconds"": 0.66}","{""pace"": ""normal"", ""volume"": ""normal"", ""pitch_variation"": ""low"", ""is_question"": false, ""has_pilot_address"": true, ""is_protocol"": false, ""is_acknowledgment"": false}","Thank you, Pilot."
BT-7274.Voicepack/bt_clips/267_Trust_me.wav,"{""primary_emotion"": ""neutral"", ""primary_score"": 0.0, ""confidence"": 0.0, ""secondary_emotion"": null, ""all_scores"": {}}",267,trust me,8,t r ʌ s t   m ɛ .,"{""mean_pitch_hz"": 529.3, ""pitch_range_hz"": 1101.11, ""mean_energy"": 0.0634, ""energy_range"": 0.1871, ""tempo_bpm"": 178.21, ""spectral_centroid"": 2784.65, ""spectral_rolloff"": 5665.39, ""duration_seconds"": 0.58}","{""pace"": ""normal"", ""volume"": ""normal"", ""pitch_variation"": ""low"", ""is_question"": false, ""has_pilot_address"": false, ""is_protocol"": false, ""is_acknowledgment"": false}",Trust me.
BT-7274.Voicepack/bt_clips/268_We_cannot_proceed_through_this_facility.wav,"{""primary_emotion"": ""commanding"", ""primary_score"": 0.9, ""confidence"": 0.11, ""secondary_emotion"": null, ""all_scores"": {""commanding"": 0.9}}",268,we cannot proceed through this facility without the cargo lift,44,w ɛ   c æ n n ɒ t   p r ɒ c iː d   θ r oʊ   θ ɪ s   f æ c ɪ l ɪ t y   w ɪ θ aʊ t   θ ɛ   c ɑːr g ɒ   l ɪ f t .,"{""mean_pitch_hz"": 496.99, ""pitch_range_hz"": 1029.95, ""mean_energy"": 0.074, ""energy_range"": 0.2023, ""tempo_bpm"": 139.67, ""spectral_centroid"": 2120.44, ""spectral_rolloff"": 3801.64, ""duration_seconds"": 2.9}","{""pace"": ""fast"", ""volume"": ""loud"", ""pitch_variation"": ""normal"", ""is_question"": false, ""has_pilot_address"": false, ""is_protocol"": false, ""is_acknowledgment"": false}",We cannot proceed through this facility without the cargo lift.
BT-7274.Voicepack/bt_clips/269_I_am_marking_your_HUD_with.wav,"{""primary_emotion"": ""neutral"", ""primary_score"": 0.0, ""confidence"": 0.0, ""secondary_emotion"": null, ""all_scores"": {}}",269,i am marking your hud with the location of the controls,40,ɪ   æ m   m ɑːr k ɪ ŋ   y aʊ r   h ʌ d   w ɪ θ   θ ɛ   l ɒ c æ t ɪ ɒ n   ɒ f   θ ɛ   c ɒ n t r ɒ l s .,"{""mean_pitch_hz"": 515.85, ""pitch_range_hz"": 997.18, ""mean_energy"": 0.0804, ""energy_range"": 0.1346, ""tempo_bpm"": 112.35, ""spectral_centroid"": 1561.26, ""spectral_rolloff"": 2716.35, ""duration_seconds"": 2.44}","{""pace"": ""normal"", ""volume"": ""normal"", ""pitch_variation"": ""low"", ""is_question"": false, ""has_pilot_address"": false, ""is_protocol"": false, ""is_acknowledgment"": false}",I am marking your HUD with the location of the controls.
BT-7274.Voicepack/bt_clips/270_Pilot.wav,"{""primary_emotion"": ""neutral"", ""primary_score"": 0.0, ""confidence"": 0.0, ""secondary_emotion"": null, ""all_scores"": {}}",270,pilot,6,p ɪ l ɒ t .,"{""mean_pitch_hz"": 748.23, ""pitch_range_hz"": 1123.05, ""mean_energy"": 0.1311, ""energy_range"": 0.2365, ""tempo_bpm"": 136.0, ""spectral_centroid"": 1574.18, ""spectral_rolloff"": 2465.98, ""duration_seconds"": 0.28}","{""pace"": ""normal"", ""volume"": ""normal"", ""pitch_variation"": ""low"", ""is_question"": false, ""has_pilot_address"": true, ""is_protocol"": false, ""is_acknowledgment"": false}",Pilot.
BT-7274.Voicepack/bt_clips/271_I_require_assistance.wav,"{""primary_emotion"": ""neutral"", ""primary_score"": 0.0, ""confidence"": 0.0, ""secondary_emotion"": null, ""all_scores"": {}}",271,i require assistance,18,ɪ   r ɛ q ʌ ɪr ɛ   æ s s ɪ s t æ n c ɛ .,"{""mean_pitch_hz"": 576.48, ""pitch_range_hz"": 1146.31, ""mean_energy"": 0.0813, ""energy_range"": 0.1741, ""tempo_bpm"": 112.35, ""spectral_centroid"": 2509.3, ""spectral_rolloff"": 4385.67, ""duration_seconds"": 1.12}","{""pace"": ""normal"", ""volume"": ""normal"", ""pitch_variation"": ""low"", ""is_question"": false, ""has_pilot_address"": false, ""is_protocol"": false, ""is_acknowledgment"": false}",I require assistance.
BT-7274.Voicepack/bt_clips/272_Pilot.wav,"{""primary_emotion"": ""neutral"", ""primary_score"": 0.0, ""confidence"": 0.0, ""secondary_emotion"": null, ""all_scores"": {}}",272,pilot,6,p ɪ l ɒ t .,"{""mean_pitch_hz"": 915.15, ""pitch_range_hz"": 797.3, ""mean_energy"": 0.1475, ""energy_range"": 0.2624, ""tempo_bpm"": 139.67, ""spectral_centroid"": 1543.08, ""spectral_rolloff"": 2589.15, ""duration_seconds"": 0.28}","{""pace"": ""normal"", ""volume"": ""normal"", ""pitch_variation"": ""low"", ""is_question"": false, ""has_pilot_address"": true, ""is_protocol"": false, ""is_acknowledgment"": false}",Pilot.
BT-7274.Voicepack/bt_clips/273_Pilot.wav,"{""primary_emotion"": ""neutral"", ""primary_score"": 0.0, ""confidence"": 0.0, ""secondary_emotion"": null, ""all_scores"": {}}",273,pilot,6,p ɪ l ɒ t .,"{""mean_pitch_hz"": 1143.96, ""pitch_range_hz"": 1100.65, ""mean_energy"": 0.0064, ""energy_range"": 0.0342, ""tempo_bpm"": 147.66, ""spectral_centroid"": 3139.92, ""spectral_rolloff"": 7927.16, ""duration_seconds"": 0.5}","{""pace"": ""normal"", ""volume"": ""normal"", ""pitch_variation"": ""low"", ""is_question"": false, ""has_pilot_address"": true, ""is_protocol"": false, ""is_acknowledgment"": false}",Pilot.
BT-7274.Voicepack/bt_clips/274_I_cannot_free_myself.wav,"{""primary_emotion"": ""neutral"", ""primary_score"": 0.0, ""confidence"": 0.0, ""secondary_emotion"": null, ""all_scores"": {}}",274,i cannot free myself,17,ɪ   c æ n n ɒ t   f r iː   m y s ɛ l f .,"{""mean_pitch_hz"": 392.56, ""pitch_range_hz"": 989.7, ""mean_energy"": 0.0892, ""energy_range"": 0.2451, ""tempo_bpm"": 112.35, ""spectral_centroid"": 2569.91, ""spectral_rolloff"": 4837.79, ""duration_seconds"": 1.42}","{""pace"": ""normal"", ""volume"": ""normal"", ""pitch_variation"": ""low"", ""is_question"": false, ""has_pilot_address"": false, ""is_protocol"": false, ""is_acknowledgment"": false}",I cannot free myself.
BT-7274.Voicepack/bt_clips/275_Cooper.wav,"{""primary_emotion"": ""neutral"", ""primary_score"": 0.0, ""confidence"": 0.0, ""secondary_emotion"": null, ""all_scores"": {}}",275,cooper,5,c uː p ɜːr .,"{""mean_pitch_hz"": 738.48, ""pitch_range_hz"": 727.81, ""mean_energy"": 0.072, ""energy_range"": 0.2726, ""tempo_bpm"": 147.66, ""spectral_centroid"": 2403.17, ""spectral_rolloff"": 5535.95, ""duration_seconds"": 0.52}","{""pace"": ""normal"", ""volume"": ""normal"", ""pitch_variation"": ""low"", ""is_question"": false, ""has_pilot_address"": false, ""is_protocol"": false, ""is_acknowledgment"": false}",Cooper.
BT-7274.Voicepack/bt_clips/276_He_is_a_war_criminal_wanted.wav,"{""primary_emotion"": ""neutral"", ""primary_score"": 0.0, ""confidence"": 0.0, ""secondary_emotion"": null, ""all_scores"": {}}",276,he is a war criminal wanted by the militia commonly employed by the imc,57,"h ɛ   ɪ s   æ   w ɑːr   c r ɪ m ɪ n æ l ,   w æ n t ɛ d   b y   θ ɛ   m ɪ l ɪ t ɪ æ ,   c ɒ m m ɒ n l y   ɛ m p l ɔɪ ɛ d   b y   θ ɛ   ɪ m c .","{""mean_pitch_hz"": 586.75, ""pitch_range_hz"": 985.27, ""mean_energy"": 0.0793, ""energy_range"": 0.2005, ""tempo_bpm"": 103.36, ""spectral_centroid"": 1830.03, ""spectral_rolloff"": 3242.21, ""duration_seconds"": 4.94}","{""pace"": ""normal"", ""volume"": ""normal"", ""pitch_variation"": ""low"", ""is_question"": false, ""has_pilot_address"": false, ""is_protocol"": false, ""is_acknowledgment"": false}","He is a war criminal, wanted by the militia, commonly employed by the IMC."
BT-7274.Voicepack/bt_clips/277_Blisk_was_responsible_for_the_death.wav,"{""primary_emotion"": ""neutral"", ""primary_score"": 0.0, ""confidence"": 0.0, ""secondary_emotion"": null, ""all_scores"": {}}",277,blisk was responsible for the death of my previous pilot captain lastimosa,59,"b l ɪ s k   w æ s   r ɛ s p ɒ n s ɪ b l ɛ   f ɔːr   θ ɛ   d iː θ   ɒ f   m y   p r ɛ v ɪ aʊ s   p ɪ l ɒ t ,   c æ p t eɪ n   l æ s t ɪ m ɒ s æ .","{""mean_pitch_hz"": 503.79, ""pitch_range_hz"": 1319.8, ""mean_energy"": 0.0643, ""energy_range"": 0.1735, ""tempo_bpm"": 161.5, ""spectral_centroid"": 2412.74, ""spectral_rolloff"": 4401.72, ""duration_seconds"": 4.32}","{""pace"": ""normal"", ""volume"": ""normal"", ""pitch_variation"": ""low"", ""is_question"": false, ""has_pilot_address"": true, ""is_protocol"": false, ""is_acknowledgment"": false}","Blisk was responsible for the death of my previous pilot, Captain Lastimosa."
BT-7274.Voicepack/bt_clips/278_Doubtful.wav,"{""primary_emotion"": ""neutral"", ""primary_score"": 0.0, ""confidence"": 0.0, ""secondary_emotion"": null, ""all_scores"": {}}",278,doubtful,8,d aʊ b t f ʌ l .,"{""mean_pitch_hz"": 881.85, ""pitch_range_hz"": 928.21, ""mean_energy"": 0.0805, ""energy_range"": 0.166, ""tempo_bpm"": 152.0, ""spectral_centroid"": 2322.47, ""spectral_rolloff"": 4373.29, ""duration_seconds"": 0.48}","{""pace"": ""normal"", ""volume"": ""normal"", ""pitch_variation"": ""low"", ""is_question"": false, ""has_pilot_address"": false, ""is_protocol"": false, ""is_acknowledgment"": false}",Doubtful.
BT-7274.Voicepack/bt_clips/279_His_faction_the_Apex_Predators_is.wav,"{""primary_emotion"": ""neutral"", ""primary_score"": 0.0, ""confidence"": 0.0, ""secondary_emotion"": null, ""all_scores"": {}}",279,his faction the apex predators is one of the most ruthless mercenary units in the frontier,70,"h ɪ s   f æ c t ɪ ɒ n ,   θ ɛ   æ p ɛ x   p r ɛ d æ t ɔːr s ,   ɪ s   ɒ n ɛ   ɒ f   θ ɛ   m ɒ s t   r ʌ θ l ɛ s s   m ɜːr c ɛ n ɑːr y   ʌ n ɪ t s   ɪ n   θ ɛ   f r ɒ n t iː r .","{""mean_pitch_hz"": 467.67, ""pitch_range_hz"": 1243.86, ""mean_energy"": 0.0705, ""energy_range"": 0.2715, ""tempo_bpm"": 112.35, ""spectral_centroid"": 2403.93, ""spectral_rolloff"": 4441.71, ""duration_seconds"": 5.02}","{""pace"": ""normal"", ""volume"": ""normal"", ""pitch_variation"": ""low"", ""is_question"": false, ""has_pilot_address"": false, ""is_protocol"": false, ""is_acknowledgment"": false}","His faction, the Apex Predators, is one of the most ruthless mercenary units in the frontier."
BT-7274.Voicepack/bt_clips/280_They_are_war_criminals.wav,"{""primary_emotion"": ""neutral"", ""primary_score"": 0.0, ""confidence"": 0.0, ""secondary_emotion"": null, ""all_scores"": {}}",280,they are war criminals,16,θ eɪ   ɑːr ɛ   w ɑːr   c r ɪ m ɪ n æ l s .,"{""mean_pitch_hz"": 491.66, ""pitch_range_hz"": 1183.93, ""mean_energy"": 0.0682, ""energy_range"": 0.1043, ""tempo_bpm"": 109.96, ""spectral_centroid"": 1392.88, ""spectral_rolloff"": 2079.03, ""duration_seconds"": 0.92}","{""pace"": ""normal"", ""volume"": ""normal"", ""pitch_variation"": ""low"", ""is_question"": false, ""has_pilot_address"": false, ""is_protocol"": false, ""is_acknowledgment"": false}",They are war criminals.
BT-7274.Voicepack/bt_clips/281_Pilot.wav,"{""primary_emotion"": ""neutral"", ""primary_score"": 0.0, ""confidence"": 0.0, ""secondary_emotion"": null, ""all_scores"": {}}",281,pilot,6,p ɪ l ɒ t .,"{""mean_pitch_hz"": 1046.6, ""pitch_range_hz"": 153.36, ""mean_energy"": 0.1156, ""energy_range"": 0.1797, ""tempo_bpm"": 139.67, ""spectral_centroid"": 1497.44, ""spectral_rolloff"": 2429.81, ""duration_seconds"": 0.28}","{""pace"": ""normal"", ""volume"": ""normal"", ""pitch_variation"": ""low"", ""is_question"": false, ""has_pilot_address"": true, ""is_protocol"": false, ""is_acknowledgment"": false}",Pilot.
BT-7274.Voicepack/bt_clips/282_I_detect_an_exit_beyond_this.wav,"{""primary_emotion"": ""neutral"", ""primary_score"": 0.0, ""confidence"": 0.0, ""secondary_emotion"": null, ""all_scores"": {}}",282,i detect an exit beyond this dome,26,ɪ   d ɛ t ɛ c t   æ n   ɛ x ɪ t   b eɪ ɒ n d   θ ɪ s   d ɒ m ɛ .,"{""mean_pitch_hz"": 395.54, ""pitch_range_hz"": 908.43, ""mean_energy"": 0.0922, ""energy_range"": 0.2798, ""tempo_bpm"": 136.0, ""spectral_centroid"": 1914.7, ""spectral_rolloff"": 3312.74, ""duration_seconds"": 1.92}","{""pace"": ""normal"", ""volume"": ""normal"", ""pitch_variation"": ""low"", ""is_question"": false, ""has_pilot_address"": false, ""is_protocol"": false, ""is_acknowledgment"": false}",I detect an exit beyond this dome.
BT-7274.Voicepack/bt_clips/283_Check_your_HUD.wav,"{""primary_emotion"": ""neutral"", ""primary_score"": 0.0, ""confidence"": 0.0, ""secondary_emotion"": null, ""all_scores"": {}}",283,check your hud,10,tʃ ɛ k   y aʊ r   h ʌ d .,"{""mean_pitch_hz"": 1013.68, ""pitch_range_hz"": 2877.75, ""mean_energy"": 0.0848, ""energy_range"": 0.1649, ""tempo_bpm"": 166.71, ""spectral_centroid"": 1830.62, ""spectral_rolloff"": 2785.55, ""duration_seconds"": 0.7}","{""pace"": ""normal"", ""volume"": ""normal"", ""pitch_variation"": ""low"", ""is_question"": false, ""has_pilot_address"": false, ""is_protocol"": false, ""is_acknowledgment"": false}",Check your HUD.
BT-7274.Voicepack/bt_clips/284_This_is_a_highly_dangerous_environment.wav,"{""primary_emotion"": ""urgent"", ""primary_score"": 1.0, ""confidence"": 0.12, ""secondary_emotion"": null, ""all_scores"": {""urgent"": 1.0}}",284,this is a highly dangerous environment,27,θ ɪ s   ɪ s   æ   h aɪ l y   d æ ŋ ɜːr aʊ s   ɛ n v ɪr ɒ n m ɛ n t .,"{""mean_pitch_hz"": 518.8, ""pitch_range_hz"": 978.63, ""mean_energy"": 0.107, ""energy_range"": 0.2205, ""tempo_bpm"": 114.84, ""spectral_centroid"": 1874.24, ""spectral_rolloff"": 3265.24, ""duration_seconds"": 1.72}","{""pace"": ""fast"", ""volume"": ""loud"", ""pitch_variation"": ""normal"", ""is_question"": false, ""has_pilot_address"": false, ""is_protocol"": false, ""is_acknowledgment"": false}",This is a highly dangerous environment.
BT-7274.Voicepack/bt_clips/285_I_suggest_you_embark_Pilot.wav,"{""primary_emotion"": ""neutral"", ""primary_score"": 0.0, ""confidence"": 0.0, ""secondary_emotion"": null, ""all_scores"": {}}",285,i suggest you embark pilot,22,"ɪ   s ʌ g g ɛ s t   y aʊ   ɛ m b ɑːr k ,   p ɪ l ɒ t .","{""mean_pitch_hz"": 571.69, ""pitch_range_hz"": 932.64, ""mean_energy"": 0.0891, ""energy_range"": 0.2332, ""tempo_bpm"": 112.35, ""spectral_centroid"": 1812.67, ""spectral_rolloff"": 2997.92, ""duration_seconds"": 1.4}","{""pace"": ""normal"", ""volume"": ""normal"", ""pitch_variation"": ""low"", ""is_question"": false, ""has_pilot_address"": true, ""is_protocol"": false, ""is_acknowledgment"": false}","I suggest you embark, Pilot."
BT-7274.Voicepack/bt_clips/286_Pilot.wav,"{""primary_emotion"": ""neutral"", ""primary_score"": 0.0, ""confidence"": 0.0, ""secondary_emotion"": null, ""all_scores"": {}}",286,pilot,6,p ɪ l ɒ t .,"{""mean_pitch_hz"": 1110.08, ""pitch_range_hz"": 121.37, ""mean_energy"": 0.1069, ""energy_range"": 0.2048, ""tempo_bpm"": 136.0, ""spectral_centroid"": 1466.1, ""spectral_rolloff"": 2306.54, ""duration_seconds"": 0.3}","{""pace"": ""normal"", ""volume"": ""normal"", ""pitch_variation"": ""low"", ""is_question"": false, ""has_pilot_address"": true, ""is_protocol"": false, ""is_acknowledgment"": false}",Pilot.
BT-7274.Voicepack/bt_clips/287_The_security_lockdown_has_been_disengage.wav,"{""primary_emotion"": ""neutral"", ""primary_score"": 0.0, ""confidence"": 0.0, ""secondary_emotion"": null, ""all_scores"": {}}",287,the security lockdown has been disengaged,31,θ ɛ   s ɛ c ɜːr ɪ t y   l ɒ k d oʊ n   h æ s   b iː n   d ɪ s ɛ ŋ æ g ɛ d .,"{""mean_pitch_hz"": 411.87, ""pitch_range_hz"": 1232.54, ""mean_energy"": 0.0708, ""energy_range"": 0.1918, ""tempo_bpm"": 103.36, ""spectral_centroid"": 2106.65, ""spectral_rolloff"": 3605.37, ""duration_seconds"": 2.16}","{""pace"": ""normal"", ""volume"": ""normal"", ""pitch_variation"": ""low"", ""is_question"": false, ""has_pilot_address"": false, ""is_protocol"": false, ""is_acknowledgment"": false}",The security lockdown has been disengaged.
BT-7274.Voicepack/bt_clips/288_I_recommend_we_leave_through_the.wav,"{""primary_emotion"": ""neutral"", ""primary_score"": 0.0, ""confidence"": 0.0, ""secondary_emotion"": null, ""all_scores"": {}}",288,i recommend we leave through the tunnel,28,ɪ   r ɛ c ɒ m m ɛ n d   w ɛ   l iː v ɛ   θ r oʊ   θ ɛ   t ʌ n n ɛ l .,"{""mean_pitch_hz"": 300.62, ""pitch_range_hz"": 1149.84, ""mean_energy"": 0.0815, ""energy_range"": 0.2042, ""tempo_bpm"": 152.0, ""spectral_centroid"": 1764.57, ""spectral_rolloff"": 2971.58, ""duration_seconds"": 1.56}","{""pace"": ""normal"", ""volume"": ""normal"", ""pitch_variation"": ""low"", ""is_question"": false, ""has_pilot_address"": false, ""is_protocol"": false, ""is_acknowledgment"": false}",I recommend we leave through the tunnel.
BT-7274.Voicepack/bt_clips/289_Pilot.wav,"{""primary_emotion"": ""neutral"", ""primary_score"": 0.0, ""confidence"": 0.0, ""secondary_emotion"": null, ""all_scores"": {}}",289,pilot,6,p ɪ l ɒ t .,"{""mean_pitch_hz"": 756.76, ""pitch_range_hz"": 1115.06, ""mean_energy"": 0.0826, ""energy_range"": 0.0728, ""tempo_bpm"": 139.67, ""spectral_centroid"": 1532.46, ""spectral_rolloff"": 2400.52, ""duration_seconds"": 0.28}","{""pace"": ""normal"", ""volume"": ""normal"", ""pitch_variation"": ""low"", ""is_question"": false, ""has_pilot_address"": true, ""is_protocol"": false, ""is_acknowledgment"": false}",Pilot.
BT-7274.Voicepack/bt_clips/290_I_have_concluded_we_should_take.wav,"{""primary_emotion"": ""neutral"", ""primary_score"": 0.0, ""confidence"": 0.0, ""secondary_emotion"": null, ""all_scores"": {}}",290,i have concluded we should take no further shortcuts,38,ɪ   h æ v ɛ   c ɒ n c l ʌ d ɛ d   w ɛ   ʃ aʊ l d   t æ k ɛ   n ɒ   f ɜːr θ ɜːr   ʃ ɔːr t c ʌ t s .,"{""mean_pitch_hz"": 381.16, ""pitch_range_hz"": 909.24, ""mean_energy"": 0.0737, ""energy_range"": 0.1731, ""tempo_bpm"": 126.05, ""spectral_centroid"": 2164.13, ""spectral_rolloff"": 3878.97, ""duration_seconds"": 2.66}","{""pace"": ""normal"", ""volume"": ""normal"", ""pitch_variation"": ""low"", ""is_question"": false, ""has_pilot_address"": false, ""is_protocol"": false, ""is_acknowledgment"": false}",I have concluded we should take no further shortcuts.
BT-7274.Voicepack/bt_clips/291_Next_time_I_suggest_we_take.wav,"{""primary_emotion"": ""neutral"", ""primary_score"": 0.0, ""confidence"": 0.0, ""secondary_emotion"": null, ""all_scores"": {}}",291,next time i suggest we take the long way,31,"n ɛ x t   t ɪ m ɛ ,   ɪ   s ʌ g g ɛ s t   w ɛ   t æ k ɛ   θ ɛ   l ɒ ŋ   w eɪ .","{""mean_pitch_hz"": 494.88, ""pitch_range_hz"": 1368.77, ""mean_energy"": 0.0674, ""energy_range"": 0.1837, ""tempo_bpm"": 161.5, ""spectral_centroid"": 2021.95, ""spectral_rolloff"": 3589.85, ""duration_seconds"": 2.46}","{""pace"": ""normal"", ""volume"": ""normal"", ""pitch_variation"": ""low"", ""is_question"": false, ""has_pilot_address"": false, ""is_protocol"": false, ""is_acknowledgment"": false}","Next time, I suggest we take the long way."
BT-7274.Voicepack/bt_clips/292_Pilot.wav,"{""primary_emotion"": ""neutral"", ""primary_score"": 0.0, ""confidence"": 0.0, ""secondary_emotion"": null, ""all_scores"": {}}",292,pilot,6,p ɪ l ɒ t .,"{""mean_pitch_hz"": 872.02, ""pitch_range_hz"": 1178.81, ""mean_energy"": 0.1447, ""energy_range"": 0.2341, ""tempo_bpm"": 139.67, ""spectral_centroid"": 1447.08, ""spectral_rolloff"": 2201.51, ""duration_seconds"": 0.24}","{""pace"": ""normal"", ""volume"": ""normal"", ""pitch_variation"": ""low"", ""is_question"": false, ""has_pilot_address"": true, ""is_protocol"": false, ""is_acknowledgment"": false}",Pilot.
BT-7274.Voicepack/bt_clips/293_Your_heart_rate_is_accelerating.wav,"{""primary_emotion"": ""neutral"", ""primary_score"": 0.0, ""confidence"": 0.0, ""secondary_emotion"": null, ""all_scores"": {}}",293,your heart rate is accelerating,24,y aʊ r   h iː r t   r æ t ɛ   ɪ s   æ c c ɛ l ɜːr æ t ɪ ŋ .,"{""mean_pitch_hz"": 601.15, ""pitch_range_hz"": 906.59, ""mean_energy"": 0.0796, ""energy_range"": 0.1716, ""tempo_bpm"": 143.55, ""spectral_centroid"": 2065.97, ""spectral_rolloff"": 3334.49, ""duration_seconds"": 1.34}","{""pace"": ""normal"", ""volume"": ""normal"", ""pitch_variation"": ""low"", ""is_question"": false, ""has_pilot_address"": false, ""is_protocol"": false, ""is_acknowledgment"": false}",Your heart rate is accelerating.
BT-7274.Voicepack/bt_clips/294_Are_you_in_distress.wav,"{""primary_emotion"": ""questioning"", ""primary_score"": 0.6, ""confidence"": 0.07, ""secondary_emotion"": null, ""all_scores"": {""questioning"": 0.6}}",294,are you in distress,15,ɑːr ɛ   y aʊ   ɪ n   d ɪ s t r ɛ s s ?,"{""mean_pitch_hz"": 458.83, ""pitch_range_hz"": 97.25, ""mean_energy"": 0.0702, ""energy_range"": 0.1385, ""tempo_bpm"": 136.0, ""spectral_centroid"": 2207.3, ""spectral_rolloff"": 3790.78, ""duration_seconds"": 0.8}","{""pace"": ""normal"", ""volume"": ""normal"", ""pitch_variation"": ""high"", ""is_question"": true, ""has_pilot_address"": false, ""is_protocol"": false, ""is_acknowledgment"": false}",Are you in distress?
BT-7274.Voicepack/bt_clips/295_If_in_combat_utilize_your_cloak.wav,"{""primary_emotion"": ""neutral"", ""primary_score"": 0.0, ""confidence"": 0.0, ""secondary_emotion"": null, ""all_scores"": {}}",295,if in combat utilize your cloak,26,"ɪ f   ɪ n   c ɒ m b æ t ,   ʌ t ɪ l ɪ z ɛ   y aʊ r   c l oʊ k .","{""mean_pitch_hz"": 687.21, ""pitch_range_hz"": 946.81, ""mean_energy"": 0.0891, ""energy_range"": 0.259, ""tempo_bpm"": 172.27, ""spectral_centroid"": 1791.82, ""spectral_rolloff"": 3088.17, ""duration_seconds"": 1.96}","{""pace"": ""normal"", ""volume"": ""normal"", ""pitch_variation"": ""low"", ""is_question"": false, ""has_pilot_address"": false, ""is_protocol"": false, ""is_acknowledgment"": false}","If in combat, utilize your cloak."
BT-7274.Voicepack/bt_clips/296_It_will_temporarily_make_you_invisible.wav,"{""primary_emotion"": ""determined"", ""primary_score"": 0.8, ""confidence"": 0.1, ""secondary_emotion"": null, ""all_scores"": {""determined"": 0.8}}",296,it will temporarily make you invisible,31,ɪ t   w ɪ l l   t ɛ m p ɔːr ɑːr ɪ l y   m æ k ɛ   y aʊ   ɪ n v ɪ s ɪ b l ɛ .,"{""mean_pitch_hz"": 599.59, ""pitch_range_hz"": 1228.87, ""mean_energy"": 0.0807, ""energy_range"": 0.2267, ""tempo_bpm"": 136.0, ""spectral_centroid"": 1637.71, ""spectral_rolloff"": 2853.97, ""duration_seconds"": 1.68}","{""pace"": ""normal"", ""volume"": ""normal"", ""pitch_variation"": ""low"", ""is_question"": false, ""has_pilot_address"": false, ""is_protocol"": false, ""is_acknowledgment"": false}",It will temporarily make you invisible.
BT-7274.Voicepack/bt_clips/297_Your_heart_rate_is_exceeding_170.wav,"{""primary_emotion"": ""neutral"", ""primary_score"": 0.0, ""confidence"": 0.0, ""secondary_emotion"": null, ""all_scores"": {}}",297,your heart rate is exceeding 170 beats per minute,33,y aʊ r   h iː r t   r æ t ɛ   ɪ s   ɛ x c iː d ɪ ŋ     b iː t s   p ɜːr   m ɪ n ʌ t ɛ .,"{""mean_pitch_hz"": 1083.0, ""pitch_range_hz"": 127.44, ""mean_energy"": 0.0772, ""energy_range"": 0.2829, ""tempo_bpm"": 126.05, ""spectral_centroid"": 1988.64, ""spectral_rolloff"": 3334.35, ""duration_seconds"": 3.1}","{""pace"": ""normal"", ""volume"": ""normal"", ""pitch_variation"": ""low"", ""is_question"": false, ""has_pilot_address"": false, ""is_protocol"": false, ""is_acknowledgment"": false}",Your heart rate is exceeding 170 beats per minute.
BT-7274.Voicepack/bt_clips/298_If_possible_you_should_find_a.wav,"{""primary_emotion"": ""neutral"", ""primary_score"": 0.0, ""confidence"": 0.0, ""secondary_emotion"": null, ""all_scores"": {}}",298,if possible you should find a place to rest,32,"ɪ f   p ɒ s s ɪ b l ɛ ,   y aʊ   ʃ aʊ l d   f aɪnd   æ   p l æ c ɛ   t ɒ   r ɛ s t .","{""mean_pitch_hz"": 508.75, ""pitch_range_hz"": 585.81, ""mean_energy"": 0.0654, ""energy_range"": 0.2431, ""tempo_bpm"": 120.19, ""spectral_centroid"": 2256.86, ""spectral_rolloff"": 3914.82, ""duration_seconds"": 2.36}","{""pace"": ""normal"", ""volume"": ""normal"", ""pitch_variation"": ""low"", ""is_question"": false, ""has_pilot_address"": false, ""is_protocol"": false, ""is_acknowledgment"": false}","If possible, you should find a place to rest."
BT-7274.Voicepack/bt_clips/299_Pilot_to_Titan_video_feed_re-established.wav,"{""primary_emotion"": ""neutral"", ""primary_score"": 0.0, ""confidence"": 0.0, ""secondary_emotion"": null, ""all_scores"": {}}",299,pilot to titan video feed reestablished,33,p ɪ l ɒ t   t ɒ   t ɪ t æ n   v ɪ d ɛ ɒ   f iː d   r ɛ ɛ s t æ b l ɪ ʃ ɛ d .,"{""mean_pitch_hz"": 450.12, ""pitch_range_hz"": 1292.5, ""mean_energy"": 0.0799, ""energy_range"": 0.1706, ""tempo_bpm"": 136.0, ""spectral_centroid"": 2167.61, ""spectral_rolloff"": 3655.41, ""duration_seconds"": 2.14}","{""pace"": ""normal"", ""volume"": ""normal"", ""pitch_variation"": ""low"", ""is_question"": false, ""has_pilot_address"": true, ""is_protocol"": false, ""is_acknowledgment"": false}",Pilot to Titan video feed re-established.
BT-7274.Voicepack/bt_clips/300_Cooper.wav,"{""primary_emotion"": ""neutral"", ""primary_score"": 0.0, ""confidence"": 0.0, ""secondary_emotion"": null, ""all_scores"": {}}",300,cooper,5,c uː p ɜːr .,"{""mean_pitch_hz"": 305.42, ""pitch_range_hz"": 198.43, ""mean_energy"": 0.09, ""energy_range"": 0.1706, ""tempo_bpm"": 136.0, ""spectral_centroid"": 1692.43, ""spectral_rolloff"": 3002.48, ""duration_seconds"": 0.26}","{""pace"": ""normal"", ""volume"": ""normal"", ""pitch_variation"": ""low"", ""is_question"": false, ""has_pilot_address"": false, ""is_protocol"": false, ""is_acknowledgment"": false}",Cooper.
BT-7274.Voicepack/bt_clips/301_The_houses_contain_weapon_caches.wav,"{""primary_emotion"": ""neutral"", ""primary_score"": 0.0, ""confidence"": 0.0, ""secondary_emotion"": null, ""all_scores"": {}}",301,the houses contain weapon caches,24,θ ɛ   h aʊ s ɛ s   c ɒ n t eɪ n   w iː p ɒ n   c æ tʃ ɛ s .,"{""mean_pitch_hz"": 656.39, ""pitch_range_hz"": 1267.12, ""mean_energy"": 0.0761, ""energy_range"": 0.1467, ""tempo_bpm"": 101.33, ""spectral_centroid"": 2019.08, ""spectral_rolloff"": 3535.19, ""duration_seconds"": 1.6}","{""pace"": ""normal"", ""volume"": ""normal"", ""pitch_variation"": ""low"", ""is_question"": false, ""has_pilot_address"": false, ""is_protocol"": false, ""is_acknowledgment"": false}",The houses contain weapon caches.
BT-7274.Voicepack/bt_clips/302_I_saw_them_being_loaded_on.wav,"{""primary_emotion"": ""neutral"", ""primary_score"": 0.0, ""confidence"": 0.0, ""secondary_emotion"": null, ""all_scores"": {}}",302,i saw them being loaded on the assembly line,31,ɪ   s ɔː   θ ɛ m   b eɪ ŋ   l oʊ d ɛ d   ɒ n   θ ɛ   æ s s ɛ m b l y   l ɪ n ɛ .,"{""mean_pitch_hz"": 403.09, ""pitch_range_hz"": 888.11, ""mean_energy"": 0.0634, ""energy_range"": 0.1409, ""tempo_bpm"": 114.84, ""spectral_centroid"": 1816.49, ""spectral_rolloff"": 3161.77, ""duration_seconds"": 2.0}","{""pace"": ""normal"", ""volume"": ""normal"", ""pitch_variation"": ""low"", ""is_question"": false, ""has_pilot_address"": false, ""is_protocol"": false, ""is_acknowledgment"": false}",I saw them being loaded on the assembly line.
BT-7274.Voicepack/bt_clips/303_Cooper.wav,"{""primary_emotion"": ""neutral"", ""primary_score"": 0.0, ""confidence"": 0.0, ""secondary_emotion"": null, ""all_scores"": {}}",303,cooper,5,c uː p ɜːr .,"{""mean_pitch_hz"": 270.63, ""pitch_range_hz"": 119.29, ""mean_energy"": 0.0915, ""energy_range"": 0.2093, ""tempo_bpm"": 136.0, ""spectral_centroid"": 1690.61, ""spectral_rolloff"": 2956.94, ""duration_seconds"": 0.28}","{""pace"": ""normal"", ""volume"": ""normal"", ""pitch_variation"": ""low"", ""is_question"": false, ""has_pilot_address"": false, ""is_protocol"": false, ""is_acknowledgment"": false}",Cooper.
BT-7274.Voicepack/bt_clips/304_The_houses_contain_weapon_caches.wav,"{""primary_emotion"": ""neutral"", ""primary_score"": 0.0, ""confidence"": 0.0, ""secondary_emotion"": null, ""all_scores"": {}}",304,the houses contain weapon caches,24,θ ɛ   h aʊ s ɛ s   c ɒ n t eɪ n   w iː p ɒ n   c æ tʃ ɛ s .,"{""mean_pitch_hz"": 691.12, ""pitch_range_hz"": 1263.43, ""mean_energy"": 0.075, ""energy_range"": 0.142, ""tempo_bpm"": 107.67, ""spectral_centroid"": 2078.46, ""spectral_rolloff"": 3607.27, ""duration_seconds"": 1.64}","{""pace"": ""normal"", ""volume"": ""normal"", ""pitch_variation"": ""low"", ""is_question"": false, ""has_pilot_address"": false, ""is_protocol"": false, ""is_acknowledgment"": false}",The houses contain weapon caches.
BT-7274.Voicepack/bt_clips/305_I_saw_them_being_loaded_on.wav,"{""primary_emotion"": ""neutral"", ""primary_score"": 0.0, ""confidence"": 0.0, ""secondary_emotion"": null, ""all_scores"": {}}",305,i saw them being loaded on the assembly line,31,ɪ   s ɔː   θ ɛ m   b eɪ ŋ   l oʊ d ɛ d   ɒ n   θ ɛ   æ s s ɛ m b l y   l ɪ n ɛ .,"{""mean_pitch_hz"": 303.67, ""pitch_range_hz"": 872.61, ""mean_energy"": 0.0698, ""energy_range"": 0.1667, ""tempo_bpm"": 112.35, ""spectral_centroid"": 1831.47, ""spectral_rolloff"": 3171.79, ""duration_seconds"": 2.06}","{""pace"": ""normal"", ""volume"": ""normal"", ""pitch_variation"": ""low"", ""is_question"": false, ""has_pilot_address"": false, ""is_protocol"": false, ""is_acknowledgment"": false}",I saw them being loaded on the assembly line.
BT-7274.Voicepack/bt_clips/306_Cooper.wav,"{""primary_emotion"": ""neutral"", ""primary_score"": 0.0, ""confidence"": 0.0, ""secondary_emotion"": null, ""all_scores"": {}}",306,cooper,5,c uː p ɜːr .,"{""mean_pitch_hz"": 320.67, ""pitch_range_hz"": 16.53, ""mean_energy"": 0.1345, ""energy_range"": 0.252, ""tempo_bpm"": 139.67, ""spectral_centroid"": 1537.35, ""spectral_rolloff"": 2871.85, ""duration_seconds"": 0.22}","{""pace"": ""normal"", ""volume"": ""normal"", ""pitch_variation"": ""low"", ""is_question"": false, ""has_pilot_address"": false, ""is_protocol"": false, ""is_acknowledgment"": false}",Cooper.
BT-7274.Voicepack/bt_clips/307_If_you_see_any_prefabricated_houses.wav,"{""primary_emotion"": ""neutral"", ""primary_score"": 0.0, ""confidence"": 0.0, ""secondary_emotion"": null, ""all_scores"": {}}",307,if you see any prefabricated houses check them for weapon caches,47,"ɪ f   y aʊ   s iː   æ n y   p r ɛ f æ b r ɪ c æ t ɛ d   h aʊ s ɛ s ,   tʃ ɛ k   θ ɛ m   f ɔːr   w iː p ɒ n   c æ tʃ ɛ s .","{""mean_pitch_hz"": 257.5, ""pitch_range_hz"": 241.96, ""mean_energy"": 0.0727, ""energy_range"": 0.2304, ""tempo_bpm"": 103.36, ""spectral_centroid"": 2170.19, ""spectral_rolloff"": 3757.15, ""duration_seconds"": 3.46}","{""pace"": ""normal"", ""volume"": ""normal"", ""pitch_variation"": ""low"", ""is_question"": false, ""has_pilot_address"": false, ""is_protocol"": false, ""is_acknowledgment"": false}","If you see any prefabricated houses, check them for weapon caches."
BT-7274.Voicepack/bt_clips/308_I_saw_them_being_installed_on.wav,"{""primary_emotion"": ""neutral"", ""primary_score"": 0.0, ""confidence"": 0.0, ""secondary_emotion"": null, ""all_scores"": {}}",308,i saw them being installed on the assembly line,35,ɪ   s ɔː   θ ɛ m   b eɪ ŋ   ɪ n s t æ l l ɛ d   ɒ n   θ ɛ   æ s s ɛ m b l y   l ɪ n ɛ .,"{""mean_pitch_hz"": 628.73, ""pitch_range_hz"": 933.82, ""mean_energy"": 0.0615, ""energy_range"": 0.1754, ""tempo_bpm"": 112.35, ""spectral_centroid"": 1958.57, ""spectral_rolloff"": 3227.19, ""duration_seconds"": 2.24}","{""pace"": ""normal"", ""volume"": ""normal"", ""pitch_variation"": ""low"", ""is_question"": false, ""has_pilot_address"": false, ""is_protocol"": false, ""is_acknowledgment"": false}",I saw them being installed on the assembly line.
BT-7274.Voicepack/bt_clips/309_Cooper.wav,"{""primary_emotion"": ""neutral"", ""primary_score"": 0.0, ""confidence"": 0.0, ""secondary_emotion"": null, ""all_scores"": {}}",309,cooper,5,c uː p ɜːr .,"{""mean_pitch_hz"": 264.95, ""pitch_range_hz"": 111.14, ""mean_energy"": 0.1524, ""energy_range"": 0.2552, ""tempo_bpm"": 139.67, ""spectral_centroid"": 1583.06, ""spectral_rolloff"": 2818.8, ""duration_seconds"": 0.24}","{""pace"": ""normal"", ""volume"": ""normal"", ""pitch_variation"": ""low"", ""is_question"": false, ""has_pilot_address"": false, ""is_protocol"": false, ""is_acknowledgment"": false}",Cooper.
BT-7274.Voicepack/bt_clips/310_I_have_detected_an_opening_in.wav,"{""primary_emotion"": ""neutral"", ""primary_score"": 0.0, ""confidence"": 0.0, ""secondary_emotion"": null, ""all_scores"": {}}",310,i have detected an opening in the outer wall,33,ɪ   h æ v ɛ   d ɛ t ɛ c t ɛ d   æ n   ɒ p ɛ n ɪ ŋ   ɪ n   θ ɛ   aʊ t ɜːr   w æ l l .,"{""mean_pitch_hz"": 424.47, ""pitch_range_hz"": 40.08, ""mean_energy"": 0.1026, ""energy_range"": 0.2579, ""tempo_bpm"": 139.67, ""spectral_centroid"": 1569.63, ""spectral_rolloff"": 2425.22, ""duration_seconds"": 2.14}","{""pace"": ""normal"", ""volume"": ""normal"", ""pitch_variation"": ""low"", ""is_question"": false, ""has_pilot_address"": false, ""is_protocol"": false, ""is_acknowledgment"": false}",I have detected an opening in the outer wall.
BT-7274.Voicepack/bt_clips/311_You_should_get_out_of_there.wav,"{""primary_emotion"": ""neutral"", ""primary_score"": 0.0, ""confidence"": 0.0, ""secondary_emotion"": null, ""all_scores"": {}}",311,you should get out of there while you can,26,y aʊ   ʃ aʊ l d   g ɛ t   aʊ t   ɒ f   θ ɜːr ɛ   w ɪ l ɛ   y aʊ   c æ n .,"{""mean_pitch_hz"": 734.7, ""pitch_range_hz"": 1986.49, ""mean_energy"": 0.0686, ""energy_range"": 0.1837, ""tempo_bpm"": 136.0, ""spectral_centroid"": 1991.23, ""spectral_rolloff"": 3720.33, ""duration_seconds"": 1.88}","{""pace"": ""normal"", ""volume"": ""normal"", ""pitch_variation"": ""low"", ""is_question"": false, ""has_pilot_address"": false, ""is_protocol"": false, ""is_acknowledgment"": false}",You should get out of there while you can.
BT-7274.Voicepack/bt_clips/312_Marking_your_HUD.wav,"{""primary_emotion"": ""neutral"", ""primary_score"": 0.0, ""confidence"": 0.0, ""secondary_emotion"": null, ""all_scores"": {}}",312,marking your hud,12,m ɑːr k ɪ ŋ   y aʊ r   h ʌ d .,"{""mean_pitch_hz"": 789.19, ""pitch_range_hz"": 1470.83, ""mean_energy"": 0.0894, ""energy_range"": 0.1167, ""tempo_bpm"": 172.27, ""spectral_centroid"": 1702.48, ""spectral_rolloff"": 2715.99, ""duration_seconds"": 0.8}","{""pace"": ""normal"", ""volume"": ""normal"", ""pitch_variation"": ""low"", ""is_question"": false, ""has_pilot_address"": false, ""is_protocol"": false, ""is_acknowledgment"": false}",Marking your HUD.
BT-7274.Voicepack/bt_clips/313_Pilot_Cooper.wav,"{""primary_emotion"": ""neutral"", ""primary_score"": 0.0, ""confidence"": 0.0, ""secondary_emotion"": null, ""all_scores"": {}}",313,pilot cooper,10,p ɪ l ɒ t   c uː p ɜːr .,"{""mean_pitch_hz"": 579.3, ""pitch_range_hz"": 1256.7, ""mean_energy"": 0.0886, ""energy_range"": 0.198, ""tempo_bpm"": 184.57, ""spectral_centroid"": 1611.3, ""spectral_rolloff"": 2733.12, ""duration_seconds"": 0.62}","{""pace"": ""normal"", ""volume"": ""normal"", ""pitch_variation"": ""low"", ""is_question"": false, ""has_pilot_address"": true, ""is_protocol"": false, ""is_acknowledgment"": false}",Pilot Cooper.
BT-7274.Voicepack/bt_clips/314_Are_you_alright.wav,"{""primary_emotion"": ""questioning"", ""primary_score"": 0.6, ""confidence"": 0.07, ""secondary_emotion"": null, ""all_scores"": {""questioning"": 0.6}}",314,are you alright,10,ɑːr ɛ   y aʊ   æ l r aɪ t ?,"{""mean_pitch_hz"": 575.36, ""pitch_range_hz"": 1142.58, ""mean_energy"": 0.0934, ""energy_range"": 0.1511, ""tempo_bpm"": 143.55, ""spectral_centroid"": 1322.0, ""spectral_rolloff"": 1985.01, ""duration_seconds"": 0.56}","{""pace"": ""normal"", ""volume"": ""normal"", ""pitch_variation"": ""high"", ""is_question"": true, ""has_pilot_address"": false, ""is_protocol"": false, ""is_acknowledgment"": false}",Are you alright?
BT-7274.Voicepack/bt_clips/315_You_will_have_to_explain_that.wav,"{""primary_emotion"": ""determined"", ""primary_score"": 0.8, ""confidence"": 0.1, ""secondary_emotion"": null, ""all_scores"": {""determined"": 0.8}}",315,you will have to explain that expression later,36,y aʊ   w ɪ l l   h æ v ɛ   t ɒ   ɛ x p l eɪ n   θ æ t   ɛ x p r ɛ s s ɪ ɒ n   l æ t ɜːr .,"{""mean_pitch_hz"": 454.5, ""pitch_range_hz"": 1176.94, ""mean_energy"": 0.0649, ""energy_range"": 0.1654, ""tempo_bpm"": 129.2, ""spectral_centroid"": 2126.78, ""spectral_rolloff"": 3686.66, ""duration_seconds"": 2.22}","{""pace"": ""normal"", ""volume"": ""normal"", ""pitch_variation"": ""low"", ""is_question"": false, ""has_pilot_address"": false, ""is_protocol"": false, ""is_acknowledgment"": false}",You will have to explain that expression later.
BT-7274.Voicepack/bt_clips/316_Get_out_of_there_while_you.wav,"{""primary_emotion"": ""neutral"", ""primary_score"": 0.0, ""confidence"": 0.0, ""secondary_emotion"": null, ""all_scores"": {}}",316,get out of there while you can,20,g ɛ t   aʊ t   ɒ f   θ ɜːr ɛ   w ɪ l ɛ   y aʊ   c æ n .,"{""mean_pitch_hz"": 871.05, ""pitch_range_hz"": 1217.3, ""mean_energy"": 0.0898, ""energy_range"": 0.2021, ""tempo_bpm"": 136.0, ""spectral_centroid"": 1689.95, ""spectral_rolloff"": 2776.33, ""duration_seconds"": 1.2}","{""pace"": ""normal"", ""volume"": ""normal"", ""pitch_variation"": ""low"", ""is_question"": false, ""has_pilot_address"": false, ""is_protocol"": false, ""is_acknowledgment"": false}",Get out of there while you can.
BT-7274.Voicepack/bt_clips/317_I_have_detected_an_opening_in.wav,"{""primary_emotion"": ""neutral"", ""primary_score"": 0.0, ""confidence"": 0.0, ""secondary_emotion"": null, ""all_scores"": {}}",317,i have detected an opening in the outer wall,33,ɪ   h æ v ɛ   d ɛ t ɛ c t ɛ d   æ n   ɒ p ɛ n ɪ ŋ   ɪ n   θ ɛ   aʊ t ɜːr   w æ l l .,"{""mean_pitch_hz"": 501.77, ""pitch_range_hz"": 1382.03, ""mean_energy"": 0.0854, ""energy_range"": 0.1791, ""tempo_bpm"": 147.66, ""spectral_centroid"": 1393.12, ""spectral_rolloff"": 2161.0, ""duration_seconds"": 1.98}","{""pace"": ""normal"", ""volume"": ""normal"", ""pitch_variation"": ""low"", ""is_question"": false, ""has_pilot_address"": false, ""is_protocol"": false, ""is_acknowledgment"": false}",I have detected an opening in the outer wall.
BT-7274.Voicepack/bt_clips/318_Marking_your_HUD.wav,"{""primary_emotion"": ""neutral"", ""primary_score"": 0.0, ""confidence"": 0.0, ""secondary_emotion"": null, ""all_scores"": {}}",318,marking your hud,12,m ɑːr k ɪ ŋ   y aʊ r   h ʌ d .,"{""mean_pitch_hz"": 642.53, ""pitch_range_hz"": 1552.12, ""mean_energy"": 0.0849, ""energy_range"": 0.1149, ""tempo_bpm"": 166.71, ""spectral_centroid"": 1477.59, ""spectral_rolloff"": 2278.09, ""duration_seconds"": 0.78}","{""pace"": ""normal"", ""volume"": ""normal"", ""pitch_variation"": ""low"", ""is_question"": false, ""has_pilot_address"": false, ""is_protocol"": false, ""is_acknowledgment"": false}",Marking your HUD.
BT-7274.Voicepack/bt_clips/319_Still_operational_but_unable_to_escape.wav,"{""primary_emotion"": ""neutral"", ""primary_score"": 0.0, ""confidence"": 0.0, ""secondary_emotion"": null, ""all_scores"": {}}",319,still operational but unable to escape,34,"s t ɪ l l   ɒ p ɜːr æ t ɪ ɒ n æ l ,   b ʌ t   ʌ n æ b l ɛ   t ɒ   ɛ s c æ p ɛ .","{""mean_pitch_hz"": 415.67, ""pitch_range_hz"": 943.2, ""mean_energy"": 0.0792, ""energy_range"": 0.2402, ""tempo_bpm"": 103.36, ""spectral_centroid"": 2002.5, ""spectral_rolloff"": 3142.73, ""duration_seconds"": 2.24}","{""pace"": ""normal"", ""volume"": ""normal"", ""pitch_variation"": ""low"", ""is_question"": false, ""has_pilot_address"": false, ""is_protocol"": false, ""is_acknowledgment"": false}","Still operational, but unable to escape."
BT-7274.Voicepack/bt_clips/320_I_have_detected_an_opening_in.wav,"{""primary_emotion"": ""neutral"", ""primary_score"": 0.0, ""confidence"": 0.0, ""secondary_emotion"": null, ""all_scores"": {}}",320,i have detected an opening in the outer wall,33,ɪ   h æ v ɛ   d ɛ t ɛ c t ɛ d   æ n   ɒ p ɛ n ɪ ŋ   ɪ n   θ ɛ   aʊ t ɜːr   w æ l l .,"{""mean_pitch_hz"": 386.21, ""pitch_range_hz"": 1225.14, ""mean_energy"": 0.0965, ""energy_range"": 0.2051, ""tempo_bpm"": 143.55, ""spectral_centroid"": 1497.82, ""spectral_rolloff"": 2422.73, ""duration_seconds"": 2.02}","{""pace"": ""normal"", ""volume"": ""normal"", ""pitch_variation"": ""low"", ""is_question"": false, ""has_pilot_address"": false, ""is_protocol"": false, ""is_acknowledgment"": false}",I have detected an opening in the outer wall.
BT-7274.Voicepack/bt_clips/321_You_should_get_out_of_there.wav,"{""primary_emotion"": ""neutral"", ""primary_score"": 0.0, ""confidence"": 0.0, ""secondary_emotion"": null, ""all_scores"": {}}",321,you should get out of there while you can,26,y aʊ   ʃ aʊ l d   g ɛ t   aʊ t   ɒ f   θ ɜːr ɛ   w ɪ l ɛ   y aʊ   c æ n .,"{""mean_pitch_hz"": 485.88, ""pitch_range_hz"": 1597.25, ""mean_energy"": 0.0833, ""energy_range"": 0.1673, ""tempo_bpm"": 132.51, ""spectral_centroid"": 1743.84, ""spectral_rolloff"": 3035.7, ""duration_seconds"": 1.56}","{""pace"": ""normal"", ""volume"": ""normal"", ""pitch_variation"": ""low"", ""is_question"": false, ""has_pilot_address"": false, ""is_protocol"": false, ""is_acknowledgment"": false}",You should get out of there while you can.
BT-7274.Voicepack/bt_clips/322_Marking_your_HUD.wav,"{""primary_emotion"": ""neutral"", ""primary_score"": 0.0, ""confidence"": 0.0, ""secondary_emotion"": null, ""all_scores"": {}}",322,marking your hud,12,m ɑːr k ɪ ŋ   y aʊ r   h ʌ d .,"{""mean_pitch_hz"": 540.58, ""pitch_range_hz"": 1166.72, ""mean_energy"": 0.0856, ""energy_range"": 0.1545, ""tempo_bpm"": 178.21, ""spectral_centroid"": 1550.24, ""spectral_rolloff"": 2328.92, ""duration_seconds"": 0.82}","{""pace"": ""normal"", ""volume"": ""normal"", ""pitch_variation"": ""low"", ""is_question"": false, ""has_pilot_address"": false, ""is_protocol"": false, ""is_acknowledgment"": false}",Marking your HUD.
BT-7274.Voicepack/bt_clips/323_Major_Anderson_went_this_way.wav,"{""primary_emotion"": ""neutral"", ""primary_score"": 0.0, ""confidence"": 0.0, ""secondary_emotion"": null, ""all_scores"": {}}",323,major anderson went this way,21,m æ j ɔːr   æ n d ɜːr s ɒ n   w ɛ n t   θ ɪ s   w eɪ .,"{""mean_pitch_hz"": 344.33, ""pitch_range_hz"": 201.03, ""mean_energy"": 0.0833, ""energy_range"": 0.2161, ""tempo_bpm"": 129.2, ""spectral_centroid"": 2105.61, ""spectral_rolloff"": 3785.08, ""duration_seconds"": 1.52}","{""pace"": ""normal"", ""volume"": ""normal"", ""pitch_variation"": ""low"", ""is_question"": false, ""has_pilot_address"": false, ""is_protocol"": false, ""is_acknowledgment"": false}",Major Anderson went this way.
BT-7274.Voicepack/bt_clips/324_It_could_be_a_shortcut_to.wav,"{""primary_emotion"": ""neutral"", ""primary_score"": 0.0, ""confidence"": 0.0, ""secondary_emotion"": null, ""all_scores"": {}}",324,it could be a shortcut to the rendezvous point,33,ɪ t   c aʊ l d   b ɛ   æ   ʃ ɔːr t c ʌ t   t ɒ   θ ɛ   r ɛ n d ɛ z v aʊ s   p ɔɪ n t .,"{""mean_pitch_hz"": 419.23, ""pitch_range_hz"": 1059.37, ""mean_energy"": 0.0635, ""energy_range"": 0.1506, ""tempo_bpm"": 109.96, ""spectral_centroid"": 1758.17, ""spectral_rolloff"": 3062.19, ""duration_seconds"": 2.12}","{""pace"": ""normal"", ""volume"": ""normal"", ""pitch_variation"": ""low"", ""is_question"": false, ""has_pilot_address"": false, ""is_protocol"": false, ""is_acknowledgment"": false}",It could be a shortcut to the rendezvous point.
BT-7274.Voicepack/bt_clips/325_I_recommend_we_proceed.wav,"{""primary_emotion"": ""commanding"", ""primary_score"": 0.9, ""confidence"": 0.11, ""secondary_emotion"": null, ""all_scores"": {""commanding"": 0.9}}",325,i recommend we proceed,19,ɪ   r ɛ c ɒ m m ɛ n d   w ɛ   p r ɒ c iː d .,"{""mean_pitch_hz"": 144.05, ""pitch_range_hz"": 6.71, ""mean_energy"": 0.0649, ""energy_range"": 0.1397, ""tempo_bpm"": 143.55, ""spectral_centroid"": 1878.5, ""spectral_rolloff"": 3094.24, ""duration_seconds"": 1.18}","{""pace"": ""fast"", ""volume"": ""loud"", ""pitch_variation"": ""normal"", ""is_question"": false, ""has_pilot_address"": false, ""is_protocol"": false, ""is_acknowledgment"": false}",I recommend we proceed.
BT-7274.Voicepack/bt_clips/326_Watch_your_step.wav,"{""primary_emotion"": ""neutral"", ""primary_score"": 0.0, ""confidence"": 0.0, ""secondary_emotion"": null, ""all_scores"": {}}",326,watch your step,12,w æ t tʃ   y aʊ r   s t ɛ p .,"{""mean_pitch_hz"": 1033.26, ""pitch_range_hz"": 1992.15, ""mean_energy"": 0.063, ""energy_range"": 0.108, ""tempo_bpm"": 224.69, ""spectral_centroid"": 2247.78, ""spectral_rolloff"": 3536.49, ""duration_seconds"": 0.74}","{""pace"": ""normal"", ""volume"": ""normal"", ""pitch_variation"": ""low"", ""is_question"": false, ""has_pilot_address"": false, ""is_protocol"": false, ""is_acknowledgment"": false}",Watch your step.
BT-7274.Voicepack/bt_clips/327_Watch_our_step.wav,"{""primary_emotion"": ""neutral"", ""primary_score"": 0.0, ""confidence"": 0.0, ""secondary_emotion"": null, ""all_scores"": {}}",327,watch our step,11,w æ t tʃ   aʊ r   s t ɛ p .,"{""mean_pitch_hz"": 887.85, ""pitch_range_hz"": 1662.98, ""mean_energy"": 0.0513, ""energy_range"": 0.1456, ""tempo_bpm"": 178.21, ""spectral_centroid"": 2309.48, ""spectral_rolloff"": 4012.72, ""duration_seconds"": 1.12}","{""pace"": ""normal"", ""volume"": ""normal"", ""pitch_variation"": ""low"", ""is_question"": false, ""has_pilot_address"": false, ""is_protocol"": false, ""is_acknowledgment"": false}",Watch our step.
BT-7274.Voicepack/bt_clips/328_Careful_pilot.wav,"{""primary_emotion"": ""cautious"", ""primary_score"": 0.8, ""confidence"": 0.1, ""secondary_emotion"": ""concerned"", ""all_scores"": {""cautious"": 0.8, ""concerned"": 0.7}}",328,careful pilot,13,"c ɑːr ɛ f ʌ l ,   p ɪ l ɒ t .","{""mean_pitch_hz"": 896.63, ""pitch_range_hz"": 1026.75, ""mean_energy"": 0.0663, ""energy_range"": 0.1816, ""tempo_bpm"": 172.27, ""spectral_centroid"": 1570.34, ""spectral_rolloff"": 2580.14, ""duration_seconds"": 0.64}","{""pace"": ""slow"", ""volume"": ""soft"", ""pitch_variation"": ""normal"", ""is_question"": false, ""has_pilot_address"": true, ""is_protocol"": false, ""is_acknowledgment"": false}","Careful, pilot."
BT-7274.Voicepack/bt_clips/329_Understood.wav,"{""primary_emotion"": ""neutral"", ""primary_score"": 0.5, ""confidence"": 0.06, ""secondary_emotion"": null, ""all_scores"": {""neutral"": 0.5}}",329,understood,9,ʌ n d ɜːr s t uː d .,"{""mean_pitch_hz"": 599.37, ""pitch_range_hz"": 2664.42, ""mean_energy"": 0.0602, ""energy_range"": 0.077, ""tempo_bpm"": 136.0, ""spectral_centroid"": 2591.93, ""spectral_rolloff"": 4224.2, ""duration_seconds"": 0.4}","{""pace"": ""normal"", ""volume"": ""normal"", ""pitch_variation"": ""low"", ""is_question"": false, ""has_pilot_address"": false, ""is_protocol"": false, ""is_acknowledgment"": true}",Understood.
BT-7274.Voicepack/bt_clips/330_Adding_to_memory.wav,"{""primary_emotion"": ""neutral"", ""primary_score"": 0.0, ""confidence"": 0.0, ""secondary_emotion"": null, ""all_scores"": {}}",330,adding to memory,13,æ d d ɪ ŋ   t ɒ   m ɛ m ɔːr y .,"{""mean_pitch_hz"": 214.17, ""pitch_range_hz"": 490.23, ""mean_energy"": 0.0924, ""energy_range"": 0.1113, ""tempo_bpm"": 206.72, ""spectral_centroid"": 1561.72, ""spectral_rolloff"": 2466.5, ""duration_seconds"": 0.78}","{""pace"": ""normal"", ""volume"": ""normal"", ""pitch_variation"": ""low"", ""is_question"": false, ""has_pilot_address"": false, ""is_protocol"": false, ""is_acknowledgment"": false}",Adding to memory.
BT-7274.Voicepack/bt_clips/331_Recreational_activities_are_non-essentia.wav,"{""primary_emotion"": ""determined"", ""primary_score"": 0.8, ""confidence"": 0.1, ""secondary_emotion"": null, ""all_scores"": {""determined"": 0.8}}",331,recreational activities are nonessential to the mission,46,r ɛ c r iː t ɪ ɒ n æ l   æ c t ɪ v ɪ t iː s   ɑːr ɛ   n ɒ n ɛ s s ɛ n t ɪ æ l   t ɒ   θ ɛ   m ɪ s s ɪ ɒ n .,"{""mean_pitch_hz"": 434.0, ""pitch_range_hz"": 2351.63, ""mean_energy"": 0.0703, ""energy_range"": 0.1318, ""tempo_bpm"": 120.19, ""spectral_centroid"": 2200.74, ""spectral_rolloff"": 3911.71, ""duration_seconds"": 2.62}","{""pace"": ""normal"", ""volume"": ""normal"", ""pitch_variation"": ""low"", ""is_question"": false, ""has_pilot_address"": false, ""is_protocol"": false, ""is_acknowledgment"": false}",Recreational activities are non-essential to the mission.
BT-7274.Voicepack/bt_clips/332_Impressive.wav,"{""primary_emotion"": ""neutral"", ""primary_score"": 0.0, ""confidence"": 0.0, ""secondary_emotion"": null, ""all_scores"": {}}",332,impressive,11,ɪ m p r ɛ s s ɪ v ɛ .,"{""mean_pitch_hz"": 787.29, ""pitch_range_hz"": 1258.02, ""mean_energy"": 0.0958, ""energy_range"": 0.1954, ""tempo_bpm"": 136.0, ""spectral_centroid"": 2339.63, ""spectral_rolloff"": 4113.42, ""duration_seconds"": 0.42}","{""pace"": ""normal"", ""volume"": ""normal"", ""pitch_variation"": ""low"", ""is_question"": false, ""has_pilot_address"": false, ""is_protocol"": false, ""is_acknowledgment"": false}",Impressive.
BT-7274.Voicepack/bt_clips/333_Your_mobility_skills_are_showing_marked.wav,"{""primary_emotion"": ""questioning"", ""primary_score"": 0.6, ""confidence"": 0.07, ""secondary_emotion"": null, ""all_scores"": {""questioning"": 0.6}}",333,your mobility skills are showing marked improvement,40,y aʊ r   m ɒ b ɪ l ɪ t y   s k ɪ l l s   ɑːr ɛ   ʃ oʊ ɪ ŋ   m ɑːr k ɛ d   ɪ m p r ɒ v ɛ m ɛ n t .,"{""mean_pitch_hz"": 602.97, ""pitch_range_hz"": 1859.29, ""mean_energy"": 0.0681, ""energy_range"": 0.1479, ""tempo_bpm"": 136.0, ""spectral_centroid"": 1870.45, ""spectral_rolloff"": 3287.82, ""duration_seconds"": 2.36}","{""pace"": ""normal"", ""volume"": ""normal"", ""pitch_variation"": ""high"", ""is_question"": false, ""has_pilot_address"": false, ""is_protocol"": false, ""is_acknowledgment"": false}",Your mobility skills are showing marked improvement.
BT-7274.Voicepack/bt_clips/334_Pilot.wav,"{""primary_emotion"": ""neutral"", ""primary_score"": 0.0, ""confidence"": 0.0, ""secondary_emotion"": null, ""all_scores"": {}}",334,pilot,6,p ɪ l ɒ t .,"{""mean_pitch_hz"": 952.81, ""pitch_range_hz"": 1217.24, ""mean_energy"": 0.1155, ""energy_range"": 0.2204, ""tempo_bpm"": 139.67, ""spectral_centroid"": 1668.29, ""spectral_rolloff"": 2691.65, ""duration_seconds"": 0.28}","{""pace"": ""normal"", ""volume"": ""normal"", ""pitch_variation"": ""low"", ""is_question"": false, ""has_pilot_address"": true, ""is_protocol"": false, ""is_acknowledgment"": false}",Pilot.
BT-7274.Voicepack/bt_clips/335_I_detect_an_exit_in_the.wav,"{""primary_emotion"": ""neutral"", ""primary_score"": 0.0, ""confidence"": 0.0, ""secondary_emotion"": null, ""all_scores"": {}}",335,i detect an exit in the dome above,27,ɪ   d ɛ t ɛ c t   æ n   ɛ x ɪ t   ɪ n   θ ɛ   d ɒ m ɛ   æ b ɒ v ɛ .,"{""mean_pitch_hz"": 335.07, ""pitch_range_hz"": 921.32, ""mean_energy"": 0.0704, ""energy_range"": 0.1684, ""tempo_bpm"": 166.71, ""spectral_centroid"": 1860.02, ""spectral_rolloff"": 3121.78, ""duration_seconds"": 1.86}","{""pace"": ""normal"", ""volume"": ""normal"", ""pitch_variation"": ""low"", ""is_question"": false, ""has_pilot_address"": false, ""is_protocol"": false, ""is_acknowledgment"": false}",I detect an exit in the dome above.
BT-7274.Voicepack/bt_clips/336_It_is_your_only_option.wav,"{""primary_emotion"": ""neutral"", ""primary_score"": 0.0, ""confidence"": 0.0, ""secondary_emotion"": null, ""all_scores"": {}}",336,it is your only option,18,ɪ t   ɪ s   y aʊ r   ɒ n l y   ɒ p t ɪ ɒ n .,"{""mean_pitch_hz"": 635.2, ""pitch_range_hz"": 787.28, ""mean_energy"": 0.0667, ""energy_range"": 0.1289, ""tempo_bpm"": 103.36, ""spectral_centroid"": 1884.44, ""spectral_rolloff"": 3211.78, ""duration_seconds"": 1.12}","{""pace"": ""normal"", ""volume"": ""normal"", ""pitch_variation"": ""low"", ""is_question"": false, ""has_pilot_address"": false, ""is_protocol"": false, ""is_acknowledgment"": false}",It is your only option.
BT-7274.Voicepack/bt_clips/337_Recommend_you_get_to_the_top.wav,"{""primary_emotion"": ""neutral"", ""primary_score"": 0.0, ""confidence"": 0.0, ""secondary_emotion"": null, ""all_scores"": {}}",337,recommend you get to the top,22,r ɛ c ɒ m m ɛ n d   y aʊ   g ɛ t   t ɒ   θ ɛ   t ɒ p .,"{""mean_pitch_hz"": 476.7, ""pitch_range_hz"": 985.92, ""mean_energy"": 0.0752, ""energy_range"": 0.1773, ""tempo_bpm"": 152.0, ""spectral_centroid"": 1829.11, ""spectral_rolloff"": 3392.61, ""duration_seconds"": 1.32}","{""pace"": ""normal"", ""volume"": ""normal"", ""pitch_variation"": ""low"", ""is_question"": false, ""has_pilot_address"": false, ""is_protocol"": false, ""is_acknowledgment"": false}",Recommend you get to the top.
BT-7274.Voicepack/bt_clips/338_Pilot.wav,"{""primary_emotion"": ""neutral"", ""primary_score"": 0.0, ""confidence"": 0.0, ""secondary_emotion"": null, ""all_scores"": {}}",338,pilot,6,p ɪ l ɒ t .,"{""mean_pitch_hz"": 831.63, ""pitch_range_hz"": 1167.34, ""mean_energy"": 0.1393, ""energy_range"": 0.2664, ""tempo_bpm"": 139.67, ""spectral_centroid"": 1433.66, ""spectral_rolloff"": 2306.54, ""duration_seconds"": 0.3}","{""pace"": ""normal"", ""volume"": ""normal"", ""pitch_variation"": ""low"", ""is_question"": false, ""has_pilot_address"": true, ""is_protocol"": false, ""is_acknowledgment"": false}",Pilot.
BT-7274.Voicepack/bt_clips/339_Scans_indicate_the_dome_above_is.wav,"{""primary_emotion"": ""neutral"", ""primary_score"": 0.0, ""confidence"": 0.0, ""secondary_emotion"": null, ""all_scores"": {}}",339,scans indicate the dome above is your best course of action to find an exit,55,s c æ n s   aɪnd ɪ c æ t ɛ   θ ɛ   d ɒ m ɛ   æ b ɒ v ɛ   ɪ s   y aʊ r   b ɛ s t   c aʊ r s ɛ   ɒ f   æ c t ɪ ɒ n   t ɒ   f aɪnd   æ n   ɛ x ɪ t .,"{""mean_pitch_hz"": 319.79, ""pitch_range_hz"": 757.95, ""mean_energy"": 0.0771, ""energy_range"": 0.2267, ""tempo_bpm"": 147.66, ""spectral_centroid"": 2005.44, ""spectral_rolloff"": 3442.83, ""duration_seconds"": 3.72}","{""pace"": ""normal"", ""volume"": ""normal"", ""pitch_variation"": ""low"", ""is_question"": false, ""has_pilot_address"": false, ""is_protocol"": false, ""is_acknowledgment"": false}",Scans indicate the dome above is your best course of action to find an exit.
BT-7274.Voicepack/bt_clips/340_I_recommend_getting_there_by_any.wav,"{""primary_emotion"": ""neutral"", ""primary_score"": 0.0, ""confidence"": 0.0, ""secondary_emotion"": null, ""all_scores"": {}}",340,i recommend getting there by any means necessary,37,ɪ   r ɛ c ɒ m m ɛ n d   g ɛ t t ɪ ŋ   θ ɜːr ɛ   b y   æ n y   m iː n s   n ɛ c ɛ s s ɑːr y .,"{""mean_pitch_hz"": 538.78, ""pitch_range_hz"": 1422.33, ""mean_energy"": 0.066, ""energy_range"": 0.1198, ""tempo_bpm"": 105.47, ""spectral_centroid"": 1807.04, ""spectral_rolloff"": 2981.93, ""duration_seconds"": 2.36}","{""pace"": ""normal"", ""volume"": ""normal"", ""pitch_variation"": ""low"", ""is_question"": false, ""has_pilot_address"": false, ""is_protocol"": false, ""is_acknowledgment"": false}",I recommend getting there by any means necessary.
BT-7274.Voicepack/bt_clips/341_Objective_complete.wav,"{""primary_emotion"": ""neutral"", ""primary_score"": 0.0, ""confidence"": 0.0, ""secondary_emotion"": null, ""all_scores"": {}}",341,objective complete,18,ɒ b j ɛ c t ɪ v ɛ   c ɒ m p l ɛ t ɛ .,"{""mean_pitch_hz"": 431.38, ""pitch_range_hz"": 1233.56, ""mean_energy"": 0.0742, ""energy_range"": 0.1516, ""tempo_bpm"": 123.05, ""spectral_centroid"": 2140.98, ""spectral_rolloff"": 3906.31, ""duration_seconds"": 0.82}","{""pace"": ""normal"", ""volume"": ""normal"", ""pitch_variation"": ""low"", ""is_question"": false, ""has_pilot_address"": false, ""is_protocol"": false, ""is_acknowledgment"": false}",Objective complete.
BT-7274.Voicepack/bt_clips/342_We_have_rendezvoused_with_Major_Anderson.wav,"{""primary_emotion"": ""neutral"", ""primary_score"": 0.0, ""confidence"": 0.0, ""secondary_emotion"": null, ""all_scores"": {}}",342,we have rendezvoused with major anderson,32,w ɛ   h æ v ɛ   r ɛ n d ɛ z v aʊ s ɛ d   w ɪ θ   m æ j ɔːr   æ n d ɜːr s ɒ n .,"{""mean_pitch_hz"": 661.41, ""pitch_range_hz"": 1238.23, ""mean_energy"": 0.0699, ""energy_range"": 0.1548, ""tempo_bpm"": 107.67, ""spectral_centroid"": 2000.68, ""spectral_rolloff"": 3497.17, ""duration_seconds"": 1.7}","{""pace"": ""normal"", ""volume"": ""normal"", ""pitch_variation"": ""low"", ""is_question"": false, ""has_pilot_address"": false, ""is_protocol"": false, ""is_acknowledgment"": false}",We have rendezvoused with Major Anderson.
BT-7274.Voicepack/bt_clips/343_Correct.wav,"{""primary_emotion"": ""neutral"", ""primary_score"": 0.0, ""confidence"": 0.0, ""secondary_emotion"": null, ""all_scores"": {}}",343,correct,7,c ɔːr r ɛ c t .,"{""mean_pitch_hz"": 572.4, ""pitch_range_hz"": 565.03, ""mean_energy"": 0.0434, ""energy_range"": 0.2033, ""tempo_bpm"": 139.67, ""spectral_centroid"": 2011.13, ""spectral_rolloff"": 3729.3, ""duration_seconds"": 0.98}","{""pace"": ""normal"", ""volume"": ""normal"", ""pitch_variation"": ""low"", ""is_question"": false, ""has_pilot_address"": false, ""is_protocol"": false, ""is_acknowledgment"": false}",Correct.
BT-7274.Voicepack/bt_clips/344_Andersons_current_temperature_is_17_degr.wav,"{""primary_emotion"": ""neutral"", ""primary_score"": 0.0, ""confidence"": 0.0, ""secondary_emotion"": null, ""all_scores"": {}}",344,andersons current temperature is 17 degrees celsius below the threshold of human survival,67,"æ n d ɜːr s ɒ n s   c ɜːr r ɛ n t   t ɛ m p ɜːr æ t ɜːr ɛ   ɪ s     d ɛ g r iː s   c ɛ l s ɪ ʌ s ,   b ɛ l oʊ   θ ɛ   θ r ɛ ʃ ɒ l d   ɒ f   h ʌ m æ n   s ɜːr v ɪ v æ l .","{""mean_pitch_hz"": 522.18, ""pitch_range_hz"": 994.76, ""mean_energy"": 0.0626, ""energy_range"": 0.1499, ""tempo_bpm"": 147.66, ""spectral_centroid"": 2354.41, ""spectral_rolloff"": 4028.62, ""duration_seconds"": 4.82}","{""pace"": ""normal"", ""volume"": ""normal"", ""pitch_variation"": ""low"", ""is_question"": false, ""has_pilot_address"": false, ""is_protocol"": false, ""is_acknowledgment"": false}","Anderson's current temperature is 17 degrees Celsius, below the threshold of human survival."
BT-7274.Voicepack/bt_clips/345_Well_done.wav,"{""primary_emotion"": ""positive"", ""primary_score"": 0.9, ""confidence"": 0.11, ""secondary_emotion"": null, ""all_scores"": {""positive"": 0.9}}",345,well done,9,w ɛ l l   d ɒ n ɛ .,"{""mean_pitch_hz"": 701.72, ""pitch_range_hz"": 1082.73, ""mean_energy"": 0.0889, ""energy_range"": 0.1416, ""tempo_bpm"": 166.71, ""spectral_centroid"": 1781.18, ""spectral_rolloff"": 3288.84, ""duration_seconds"": 0.52}","{""pace"": ""normal"", ""volume"": ""loud"", ""pitch_variation"": ""normal"", ""is_question"": false, ""has_pilot_address"": false, ""is_protocol"": false, ""is_acknowledgment"": false}",Well done.
BT-7274.Voicepack/bt_clips/346_If_you_bring_it_to_me.wav,"{""primary_emotion"": ""neutral"", ""primary_score"": 0.0, ""confidence"": 0.0, ""secondary_emotion"": null, ""all_scores"": {}}",346,if you bring it to me i can analyze his helmet for important data,50,"ɪ f   y aʊ   b r ɪ ŋ   ɪ t   t ɒ   m ɛ ,   ɪ   c æ n   æ n æ l y z ɛ   h ɪ s   h ɛ l m ɛ t   f ɔːr   ɪ m p ɔːr t æ n t   d æ t æ .","{""mean_pitch_hz"": 525.74, ""pitch_range_hz"": 538.75, ""mean_energy"": 0.0568, ""energy_range"": 0.1371, ""tempo_bpm"": 117.45, ""spectral_centroid"": 2146.95, ""spectral_rolloff"": 3969.9, ""duration_seconds"": 3.1}","{""pace"": ""normal"", ""volume"": ""normal"", ""pitch_variation"": ""low"", ""is_question"": false, ""has_pilot_address"": false, ""is_protocol"": false, ""is_acknowledgment"": false}","If you bring it to me, I can analyze his helmet for important data."
BT-7274.Voicepack/bt_clips/347_Pilot.wav,"{""primary_emotion"": ""neutral"", ""primary_score"": 0.0, ""confidence"": 0.0, ""secondary_emotion"": null, ""all_scores"": {}}",347,pilot,6,p ɪ l ɒ t .,"{""mean_pitch_hz"": 787.65, ""pitch_range_hz"": 698.99, ""mean_energy"": 0.1086, ""energy_range"": 0.2276, ""tempo_bpm"": 136.0, ""spectral_centroid"": 1777.94, ""spectral_rolloff"": 3031.21, ""duration_seconds"": 0.3}","{""pace"": ""normal"", ""volume"": ""normal"", ""pitch_variation"": ""low"", ""is_question"": false, ""has_pilot_address"": true, ""is_protocol"": false, ""is_acknowledgment"": false}",Pilot.
BT-7274.Voicepack/bt_clips/348_Bring_me_his_helmet.wav,"{""primary_emotion"": ""neutral"", ""primary_score"": 0.0, ""confidence"": 0.0, ""secondary_emotion"": null, ""all_scores"": {}}",348,bring me his helmet,16,b r ɪ ŋ   m ɛ   h ɪ s   h ɛ l m ɛ t .,"{""mean_pitch_hz"": 385.67, ""pitch_range_hz"": 1106.49, ""mean_energy"": 0.0766, ""energy_range"": 0.1575, ""tempo_bpm"": 120.19, ""spectral_centroid"": 1843.93, ""spectral_rolloff"": 3348.98, ""duration_seconds"": 0.88}","{""pace"": ""normal"", ""volume"": ""normal"", ""pitch_variation"": ""low"", ""is_question"": false, ""has_pilot_address"": false, ""is_protocol"": false, ""is_acknowledgment"": false}",Bring me his helmet.
BT-7274.Voicepack/bt_clips/349_I_will_analyze_it.wav,"{""primary_emotion"": ""determined"", ""primary_score"": 0.8, ""confidence"": 0.1, ""secondary_emotion"": null, ""all_scores"": {""determined"": 0.8}}",349,i will analyze it,15,ɪ   w ɪ l l   æ n æ l y z ɛ   ɪ t .,"{""mean_pitch_hz"": 767.76, ""pitch_range_hz"": 1864.42, ""mean_energy"": 0.0384, ""energy_range"": 0.1019, ""tempo_bpm"": 105.47, ""spectral_centroid"": 2542.54, ""spectral_rolloff"": 4500.24, ""duration_seconds"": 1.26}","{""pace"": ""normal"", ""volume"": ""normal"", ""pitch_variation"": ""low"", ""is_question"": false, ""has_pilot_address"": false, ""is_protocol"": false, ""is_acknowledgment"": false}",I will analyze it.
BT-7274.Voicepack/bt_clips/350_Pilot.wav,"{""primary_emotion"": ""neutral"", ""primary_score"": 0.0, ""confidence"": 0.0, ""secondary_emotion"": null, ""all_scores"": {}}",350,pilot,6,p ɪ l ɒ t .,"{""mean_pitch_hz"": 697.06, ""pitch_range_hz"": 1151.34, ""mean_energy"": 0.1185, ""energy_range"": 0.2043, ""tempo_bpm"": 139.67, ""spectral_centroid"": 1651.49, ""spectral_rolloff"": 2643.61, ""duration_seconds"": 0.3}","{""pace"": ""normal"", ""volume"": ""normal"", ""pitch_variation"": ""low"", ""is_question"": false, ""has_pilot_address"": true, ""is_protocol"": false, ""is_acknowledgment"": false}",Pilot.
BT-7274.Voicepack/bt_clips/351_There_may_be_important_data_within.wav,"{""primary_emotion"": ""neutral"", ""primary_score"": 0.0, ""confidence"": 0.0, ""secondary_emotion"": null, ""all_scores"": {}}",351,there may be important data within major andersons helmet,43,θ ɜːr ɛ   m eɪ   b ɛ   ɪ m p ɔːr t æ n t   d æ t æ   w ɪ θ ɪ n   m æ j ɔːr   æ n d ɜːr s ɒ n s   h ɛ l m ɛ t .,"{""mean_pitch_hz"": 336.73, ""pitch_range_hz"": 360.98, ""mean_energy"": 0.0815, ""energy_range"": 0.1807, ""tempo_bpm"": 132.51, ""spectral_centroid"": 1852.62, ""spectral_rolloff"": 3270.74, ""duration_seconds"": 2.6}","{""pace"": ""normal"", ""volume"": ""normal"", ""pitch_variation"": ""low"", ""is_question"": false, ""has_pilot_address"": false, ""is_protocol"": false, ""is_acknowledgment"": false}",There may be important data within Major Anderson's helmet.
BT-7274.Voicepack/bt_clips/352_You_should_retrieve_it_for_analysis.wav,"{""primary_emotion"": ""neutral"", ""primary_score"": 0.0, ""confidence"": 0.0, ""secondary_emotion"": null, ""all_scores"": {}}",352,you should retrieve it for analysis,26,y aʊ   ʃ aʊ l d   r ɛ t r iː v ɛ   ɪ t   f ɔːr   æ n æ l y s ɪ s .,"{""mean_pitch_hz"": 542.06, ""pitch_range_hz"": 1560.16, ""mean_energy"": 0.0666, ""energy_range"": 0.1506, ""tempo_bpm"": 147.66, ""spectral_centroid"": 2346.7, ""spectral_rolloff"": 4331.2, ""duration_seconds"": 1.4}","{""pace"": ""normal"", ""volume"": ""normal"", ""pitch_variation"": ""low"", ""is_question"": false, ""has_pilot_address"": false, ""is_protocol"": false, ""is_acknowledgment"": false}",You should retrieve it for analysis.
BT-7274.Voicepack/bt_clips/353_I_will_analyze_Major_Andersons_helmet.wav,"{""primary_emotion"": ""determined"", ""primary_score"": 1.6, ""confidence"": 0.2, ""secondary_emotion"": ""urgent"", ""all_scores"": {""determined"": 1.6, ""urgent"": 1.0}}",353,i will analyze major andersons helmet for mission critical data,52,ɪ   w ɪ l l   æ n æ l y z ɛ   m æ j ɔːr   æ n d ɜːr s ɒ n s   h ɛ l m ɛ t   f ɔːr   m ɪ s s ɪ ɒ n   c r ɪ t ɪ c æ l   d æ t æ .,"{""mean_pitch_hz"": 441.67, ""pitch_range_hz"": 1236.02, ""mean_energy"": 0.0742, ""energy_range"": 0.2035, ""tempo_bpm"": 114.84, ""spectral_centroid"": 1939.12, ""spectral_rolloff"": 3276.1, ""duration_seconds"": 3.02}","{""pace"": ""normal"", ""volume"": ""normal"", ""pitch_variation"": ""low"", ""is_question"": false, ""has_pilot_address"": false, ""is_protocol"": false, ""is_acknowledgment"": false}",I will analyze Major Anderson's helmet for mission critical data.
BT-7274.Voicepack/bt_clips/354_I_recommend_you_retrieve_it.wav,"{""primary_emotion"": ""neutral"", ""primary_score"": 0.0, ""confidence"": 0.0, ""secondary_emotion"": null, ""all_scores"": {}}",354,i recommend you retrieve it,22,ɪ   r ɛ c ɒ m m ɛ n d   y aʊ   r ɛ t r iː v ɛ   ɪ t .,"{""mean_pitch_hz"": 222.16, ""pitch_range_hz"": 356.64, ""mean_energy"": 0.0595, ""energy_range"": 0.1074, ""tempo_bpm"": 156.61, ""spectral_centroid"": 1793.49, ""spectral_rolloff"": 3002.79, ""duration_seconds"": 1.36}","{""pace"": ""normal"", ""volume"": ""normal"", ""pitch_variation"": ""low"", ""is_question"": false, ""has_pilot_address"": false, ""is_protocol"": false, ""is_acknowledgment"": false}",I recommend you retrieve it.
BT-7274.Voicepack/bt_clips/355_Pilot.wav,"{""primary_emotion"": ""neutral"", ""primary_score"": 0.0, ""confidence"": 0.0, ""secondary_emotion"": null, ""all_scores"": {}}",355,pilot,6,p ɪ l ɒ t .,"{""mean_pitch_hz"": 1075.83, ""pitch_range_hz"": 732.12, ""mean_energy"": 0.0879, ""energy_range"": 0.1455, ""tempo_bpm"": 139.67, ""spectral_centroid"": 1780.4, ""spectral_rolloff"": 2982.78, ""duration_seconds"": 0.28}","{""pace"": ""normal"", ""volume"": ""normal"", ""pitch_variation"": ""low"", ""is_question"": false, ""has_pilot_address"": true, ""is_protocol"": false, ""is_acknowledgment"": false}",Pilot.
BT-7274.Voicepack/bt_clips/356_If_you_hand_me_Andersons_helmet.wav,"{""primary_emotion"": ""determined"", ""primary_score"": 0.8, ""confidence"": 0.1, ""secondary_emotion"": null, ""all_scores"": {""determined"": 0.8}}",356,if you hand me andersons helmet i will analyze it,40,"ɪ f   y aʊ   h æ n d   m ɛ   æ n d ɜːr s ɒ n s   h ɛ l m ɛ t ,   ɪ   w ɪ l l   æ n æ l y z ɛ   ɪ t .","{""mean_pitch_hz"": 473.08, ""pitch_range_hz"": 1466.01, ""mean_energy"": 0.0541, ""energy_range"": 0.1307, ""tempo_bpm"": 126.05, ""spectral_centroid"": 2315.57, ""spectral_rolloff"": 3992.52, ""duration_seconds"": 2.64}","{""pace"": ""normal"", ""volume"": ""normal"", ""pitch_variation"": ""low"", ""is_question"": false, ""has_pilot_address"": false, ""is_protocol"": false, ""is_acknowledgment"": false}","If you hand me Anderson's helmet, I will analyze it."
BT-7274.Voicepack/bt_clips/357_With_the_death_of_Anderson_command.wav,"{""primary_emotion"": ""commanding"", ""primary_score"": 0.9, ""confidence"": 0.11, ""secondary_emotion"": null, ""all_scores"": {""commanding"": 0.9}}",357,with the death of anderson command of special operation 217 now transfers to you,57,"w ɪ θ   θ ɛ   d iː θ   ɒ f   æ n d ɜːr s ɒ n ,   c ɒ m m æ n d   ɒ f   s p ɛ c ɪ æ l   ɒ p ɜːr æ t ɪ ɒ n     n oʊ   t r æ n s f ɜːr s   t ɒ   y aʊ .","{""mean_pitch_hz"": 501.16, ""pitch_range_hz"": 1301.98, ""mean_energy"": 0.0478, ""energy_range"": 0.1486, ""tempo_bpm"": 109.96, ""spectral_centroid"": 2406.61, ""spectral_rolloff"": 4390.46, ""duration_seconds"": 6.06}","{""pace"": ""fast"", ""volume"": ""loud"", ""pitch_variation"": ""normal"", ""is_question"": false, ""has_pilot_address"": false, ""is_protocol"": false, ""is_acknowledgment"": false}","With the death of Anderson, command of Special Operation 217 now transfers to you."
BT-7274.Voicepack/bt_clips/358_Pilot.wav,"{""primary_emotion"": ""neutral"", ""primary_score"": 0.0, ""confidence"": 0.0, ""secondary_emotion"": null, ""all_scores"": {}}",358,pilot,6,p ɪ l ɒ t .,"{""mean_pitch_hz"": 998.69, ""pitch_range_hz"": 781.79, ""mean_energy"": 0.104, ""energy_range"": 0.1718, ""tempo_bpm"": 136.0, ""spectral_centroid"": 1799.44, ""spectral_rolloff"": 3168.83, ""duration_seconds"": 0.28}","{""pace"": ""normal"", ""volume"": ""normal"", ""pitch_variation"": ""low"", ""is_question"": false, ""has_pilot_address"": true, ""is_protocol"": false, ""is_acknowledgment"": false}",Pilot.
BT-7274.Voicepack/bt_clips/359_I_can_decode_Major_Andersons_logs.wav,"{""primary_emotion"": ""neutral"", ""primary_score"": 0.0, ""confidence"": 0.0, ""secondary_emotion"": null, ""all_scores"": {}}",359,i can decode major andersons logs,27,ɪ   c æ n   d ɛ c ɒ d ɛ   m æ j ɔːr   æ n d ɜːr s ɒ n s   l ɒ g s .,"{""mean_pitch_hz"": 446.34, ""pitch_range_hz"": 1063.38, ""mean_energy"": 0.0655, ""energy_range"": 0.1432, ""tempo_bpm"": 129.2, ""spectral_centroid"": 1962.28, ""spectral_rolloff"": 3470.29, ""duration_seconds"": 1.96}","{""pace"": ""normal"", ""volume"": ""normal"", ""pitch_variation"": ""low"", ""is_question"": false, ""has_pilot_address"": false, ""is_protocol"": false, ""is_acknowledgment"": false}",I can decode Major Anderson's logs.
BT-7274.Voicepack/bt_clips/360_They_might_be_of_some_use.wav,"{""primary_emotion"": ""neutral"", ""primary_score"": 0.0, ""confidence"": 0.0, ""secondary_emotion"": null, ""all_scores"": {}}",360,they might be of some use,17,θ eɪ   m aɪ t   b ɛ   ɒ f   s ɒ m ɛ   ʌ s ɛ .,"{""mean_pitch_hz"": 387.82, ""pitch_range_hz"": 859.29, ""mean_energy"": 0.0546, ""energy_range"": 0.095, ""tempo_bpm"": 166.71, ""spectral_centroid"": 2342.41, ""spectral_rolloff"": 4269.12, ""duration_seconds"": 1.12}","{""pace"": ""normal"", ""volume"": ""normal"", ""pitch_variation"": ""low"", ""is_question"": false, ""has_pilot_address"": false, ""is_protocol"": false, ""is_acknowledgment"": false}",They might be of some use.
BT-7274.Voicepack/bt_clips/361_Decrypting.wav,"{""primary_emotion"": ""neutral"", ""primary_score"": 0.0, ""confidence"": 0.0, ""secondary_emotion"": null, ""all_scores"": {}}",361,decrypting,10,d ɛ c r y p t ɪ ŋ .,"{""mean_pitch_hz"": 682.04, ""pitch_range_hz"": 828.04, ""mean_energy"": 0.0478, ""energy_range"": 0.0928, ""tempo_bpm"": 143.55, ""spectral_centroid"": 1939.41, ""spectral_rolloff"": 3736.25, ""duration_seconds"": 0.52}","{""pace"": ""normal"", ""volume"": ""normal"", ""pitch_variation"": ""low"", ""is_question"": false, ""has_pilot_address"": false, ""is_protocol"": false, ""is_acknowledgment"": false}",Decrypting.
BT-7274.Voicepack/bt_clips/362_Pilot.wav,"{""primary_emotion"": ""neutral"", ""primary_score"": 0.0, ""confidence"": 0.0, ""secondary_emotion"": null, ""all_scores"": {}}",362,pilot,6,p ɪ l ɒ t .,"{""mean_pitch_hz"": 791.57, ""pitch_range_hz"": 453.38, ""mean_energy"": 0.1002, ""energy_range"": 0.1673, ""tempo_bpm"": 139.67, ""spectral_centroid"": 1697.34, ""spectral_rolloff"": 2573.22, ""duration_seconds"": 0.3}","{""pace"": ""normal"", ""volume"": ""normal"", ""pitch_variation"": ""low"", ""is_question"": false, ""has_pilot_address"": true, ""is_protocol"": false, ""is_acknowledgment"": false}",Pilot.
BT-7274.Voicepack/bt_clips/363_Pilot.wav,"{""primary_emotion"": ""neutral"", ""primary_score"": 0.0, ""confidence"": 0.0, ""secondary_emotion"": null, ""all_scores"": {}}",363,pilot,6,p ɪ l ɒ t .,"{""mean_pitch_hz"": 889.09, ""pitch_range_hz"": 1225.14, ""mean_energy"": 0.014, ""energy_range"": 0.0977, ""tempo_bpm"": 143.55, ""spectral_centroid"": 3218.72, ""spectral_rolloff"": 6358.96, ""duration_seconds"": 0.48}","{""pace"": ""normal"", ""volume"": ""normal"", ""pitch_variation"": ""low"", ""is_question"": false, ""has_pilot_address"": true, ""is_protocol"": false, ""is_acknowledgment"": false}",Pilot.
BT-7274.Voicepack/bt_clips/364_I_will_attempt_to_decrypt_Major.wav,"{""primary_emotion"": ""determined"", ""primary_score"": 0.8, ""confidence"": 0.1, ""secondary_emotion"": null, ""all_scores"": {""determined"": 0.8}}",364,i will attempt to decrypt major andersons logs,38,ɪ   w ɪ l l   æ t t ɛ m p t   t ɒ   d ɛ c r y p t   m æ j ɔːr   æ n d ɜːr s ɒ n s   l ɒ g s .,"{""mean_pitch_hz"": 470.58, ""pitch_range_hz"": 756.61, ""mean_energy"": 0.065, ""energy_range"": 0.191, ""tempo_bpm"": 143.55, ""spectral_centroid"": 2223.7, ""spectral_rolloff"": 3974.04, ""duration_seconds"": 2.26}","{""pace"": ""normal"", ""volume"": ""normal"", ""pitch_variation"": ""low"", ""is_question"": false, ""has_pilot_address"": false, ""is_protocol"": false, ""is_acknowledgment"": false}",I will attempt to decrypt Major Anderson's logs.
BT-7274.Voicepack/bt_clips/365_They_might_be_of_some_use.wav,"{""primary_emotion"": ""neutral"", ""primary_score"": 0.0, ""confidence"": 0.0, ""secondary_emotion"": null, ""all_scores"": {}}",365,they might be of some use,17,θ eɪ   m aɪ t   b ɛ   ɒ f   s ɒ m ɛ   ʌ s ɛ .,"{""mean_pitch_hz"": 258.4, ""pitch_range_hz"": 262.34, ""mean_energy"": 0.0527, ""energy_range"": 0.0969, ""tempo_bpm"": 166.71, ""spectral_centroid"": 2328.2, ""spectral_rolloff"": 4104.58, ""duration_seconds"": 1.14}","{""pace"": ""normal"", ""volume"": ""normal"", ""pitch_variation"": ""low"", ""is_question"": false, ""has_pilot_address"": false, ""is_protocol"": false, ""is_acknowledgment"": false}",They might be of some use.
BT-7274.Voicepack/bt_clips/366_My_intention_was_not_humor.wav,"{""primary_emotion"": ""neutral"", ""primary_score"": 0.0, ""confidence"": 0.0, ""secondary_emotion"": null, ""all_scores"": {}}",366,my intention was not humor,22,m y   ɪ n t ɛ n t ɪ ɒ n   w æ s   n ɒ t   h ʌ m ɔːr .,"{""mean_pitch_hz"": 470.47, ""pitch_range_hz"": 1229.75, ""mean_energy"": 0.0679, ""energy_range"": 0.0907, ""tempo_bpm"": 136.0, ""spectral_centroid"": 1826.01, ""spectral_rolloff"": 3137.46, ""duration_seconds"": 1.36}","{""pace"": ""normal"", ""volume"": ""normal"", ""pitch_variation"": ""low"", ""is_question"": false, ""has_pilot_address"": false, ""is_protocol"": false, ""is_acknowledgment"": false}",My intention was not humor.
BT-7274.Voicepack/bt_clips/367_There_are_distortions_throughout_this_fa.wav,"{""primary_emotion"": ""neutral"", ""primary_score"": 0.0, ""confidence"": 0.0, ""secondary_emotion"": null, ""all_scores"": {}}",367,there are distortions throughout this facility and they appear to be causing a rift in time,63,"θ ɜːr ɛ   ɑːr ɛ   d ɪ s t ɔːr t ɪ ɒ n s   θ r oʊ aʊ t   θ ɪ s   f æ c ɪ l ɪ t y ,   æ n d   θ eɪ   æ p p iː r   t ɒ   b ɛ   c ɔː s ɪ ŋ   æ   r ɪ f t   ɪ n   t ɪ m ɛ .","{""mean_pitch_hz"": 487.34, ""pitch_range_hz"": 913.51, ""mean_energy"": 0.0629, ""energy_range"": 0.1464, ""tempo_bpm"": 143.55, ""spectral_centroid"": 2162.3, ""spectral_rolloff"": 3775.6, ""duration_seconds"": 4.42}","{""pace"": ""normal"", ""volume"": ""normal"", ""pitch_variation"": ""low"", ""is_question"": false, ""has_pilot_address"": false, ""is_protocol"": false, ""is_acknowledgment"": false}","There are distortions throughout this facility, and they appear to be causing a rift in time."
BT-7274.Voicepack/bt_clips/368_I_advise_caution_until_we_have.wav,"{""primary_emotion"": ""cautious"", ""primary_score"": 0.8, ""confidence"": 0.1, ""secondary_emotion"": null, ""all_scores"": {""cautious"": 0.8}}",368,i advise caution until we have further information,39,ɪ   æ d v ɪ s ɛ   c ɔː t ɪ ɒ n   ʌ n t ɪ l   w ɛ   h æ v ɛ   f ɜːr θ ɜːr   ɪ n f ɔːr m æ t ɪ ɒ n .,"{""mean_pitch_hz"": 744.02, ""pitch_range_hz"": 665.24, ""mean_energy"": 0.064, ""energy_range"": 0.1606, ""tempo_bpm"": 109.96, ""spectral_centroid"": 2245.88, ""spectral_rolloff"": 3901.94, ""duration_seconds"": 2.48}","{""pace"": ""slow"", ""volume"": ""soft"", ""pitch_variation"": ""normal"", ""is_question"": false, ""has_pilot_address"": false, ""is_protocol"": false, ""is_acknowledgment"": false}",I advise caution until we have further information.
BT-7274.Voicepack/bt_clips/369_I_wish_you_luck.wav,"{""primary_emotion"": ""neutral"", ""primary_score"": 0.0, ""confidence"": 0.0, ""secondary_emotion"": null, ""all_scores"": {}}",369,i wish you luck,10,ɪ   w ɪ ʃ   y aʊ   l ʌ k .,"{""mean_pitch_hz"": 1104.28, ""pitch_range_hz"": 2661.29, ""mean_energy"": 0.0658, ""energy_range"": 0.1005, ""tempo_bpm"": 136.0, ""spectral_centroid"": 1923.72, ""spectral_rolloff"": 3284.91, ""duration_seconds"": 0.8}","{""pace"": ""normal"", ""volume"": ""normal"", ""pitch_variation"": ""low"", ""is_question"": false, ""has_pilot_address"": false, ""is_protocol"": false, ""is_acknowledgment"": false}",I wish you luck.
BT-7274.Voicepack/bt_clips/370_Unknown.wav,"{""primary_emotion"": ""neutral"", ""primary_score"": 0.0, ""confidence"": 0.0, ""secondary_emotion"": null, ""all_scores"": {}}",370,unknown,6,ʌ n n oʊ n .,"{""mean_pitch_hz"": 654.46, ""pitch_range_hz"": 1123.94, ""mean_energy"": 0.1002, ""energy_range"": 0.0939, ""tempo_bpm"": 136.0, ""spectral_centroid"": 1322.15, ""spectral_rolloff"": 1912.54, ""duration_seconds"": 0.38}","{""pace"": ""normal"", ""volume"": ""normal"", ""pitch_variation"": ""low"", ""is_question"": false, ""has_pilot_address"": false, ""is_protocol"": false, ""is_acknowledgment"": false}",Unknown.
BT-7274.Voicepack/bt_clips/371_Militia_SRS_has_documented_several_cases.wav,"{""primary_emotion"": ""neutral"", ""primary_score"": 0.0, ""confidence"": 0.0, ""secondary_emotion"": null, ""all_scores"": {}}",371,militia srs has documented several cases on other planets,47,m ɪ l ɪ t ɪ æ   s r s   h æ s   d ɒ c ʌ m ɛ n t ɛ d   s ɛ v ɜːr æ l   c æ s ɛ s   ɒ n   ɒ θ ɜːr   p l æ n ɛ t s .,"{""mean_pitch_hz"": 423.97, ""pitch_range_hz"": 1179.08, ""mean_energy"": 0.0665, ""energy_range"": 0.1557, ""tempo_bpm"": 132.51, ""spectral_centroid"": 2347.77, ""spectral_rolloff"": 4121.63, ""duration_seconds"": 3.52}","{""pace"": ""normal"", ""volume"": ""normal"", ""pitch_variation"": ""low"", ""is_question"": false, ""has_pilot_address"": false, ""is_protocol"": false, ""is_acknowledgment"": false}",Militia SRS has documented several cases on other planets.
BT-7274.Voicepack/bt_clips/372_A_common_feature_of_such_rifts.wav,"{""primary_emotion"": ""neutral"", ""primary_score"": 0.0, ""confidence"": 0.0, ""secondary_emotion"": null, ""all_scores"": {}}",372,a common feature of such rifts is a massive energy surge,42,æ   c ɒ m m ɒ n   f iː t ɜːr ɛ   ɒ f   s ʌ tʃ   r ɪ f t s   ɪ s   æ   m æ s s ɪ v ɛ   ɛ n ɜːr g y   s ɜːr g ɛ .,"{""mean_pitch_hz"": 466.04, ""pitch_range_hz"": 913.97, ""mean_energy"": 0.0613, ""energy_range"": 0.2065, ""tempo_bpm"": 136.0, ""spectral_centroid"": 2585.46, ""spectral_rolloff"": 4546.06, ""duration_seconds"": 3.02}","{""pace"": ""normal"", ""volume"": ""normal"", ""pitch_variation"": ""low"", ""is_question"": false, ""has_pilot_address"": false, ""is_protocol"": false, ""is_acknowledgment"": false}",A common feature of such rifts is a massive energy surge.
BT-7274.Voicepack/bt_clips/373_Be_careful_Pilot.wav,"{""primary_emotion"": ""cautious"", ""primary_score"": 0.8, ""confidence"": 0.1, ""secondary_emotion"": ""concerned"", ""all_scores"": {""cautious"": 0.8, ""concerned"": 0.7}}",373,be careful pilot,15,"b ɛ   c ɑːr ɛ f ʌ l ,   p ɪ l ɒ t .","{""mean_pitch_hz"": 1077.08, ""pitch_range_hz"": 379.49, ""mean_energy"": 0.0643, ""energy_range"": 0.1589, ""tempo_bpm"": 156.61, ""spectral_centroid"": 1811.61, ""spectral_rolloff"": 3104.37, ""duration_seconds"": 0.9}","{""pace"": ""slow"", ""volume"": ""soft"", ""pitch_variation"": ""normal"", ""is_question"": false, ""has_pilot_address"": true, ""is_protocol"": false, ""is_acknowledgment"": false}","Be careful, Pilot."
BT-7274.Voicepack/bt_clips/374_The_time_disturbances_in_the_area.wav,"{""primary_emotion"": ""neutral"", ""primary_score"": 0.0, ""confidence"": 0.0, ""secondary_emotion"": null, ""all_scores"": {}}",374,the time disturbances in the area are a plausible cause of your ailment,50,θ ɛ   t ɪ m ɛ   d ɪ s t ɜːr b æ n c ɛ s   ɪ n   θ ɛ   ɑːr iː   ɑːr ɛ   æ   p l ɔː s ɪ b l ɛ   c ɔː s ɛ   ɒ f   y aʊ r   eɪ l m ɛ n t .,"{""mean_pitch_hz"": 275.5, ""pitch_range_hz"": 238.82, ""mean_energy"": 0.0733, ""energy_range"": 0.2594, ""tempo_bpm"": 152.0, ""spectral_centroid"": 2100.07, ""spectral_rolloff"": 3750.88, ""duration_seconds"": 3.84}","{""pace"": ""normal"", ""volume"": ""normal"", ""pitch_variation"": ""low"", ""is_question"": false, ""has_pilot_address"": false, ""is_protocol"": false, ""is_acknowledgment"": false}",The time disturbances in the area are a plausible cause of your ailment.
BT-7274.Voicepack/bt_clips/375_Medical_routine_J-12_suggests_slow_and.wav,"{""primary_emotion"": ""neutral"", ""primary_score"": 0.0, ""confidence"": 0.0, ""secondary_emotion"": null, ""all_scores"": {}}",375,medical routine j12 suggests slow and deep breaths,37,m ɛ d ɪ c æ l   r aʊ t ɪ n ɛ   j   s ʌ g g ɛ s t s   s l oʊ   æ n d   d iː p   b r iː θ s .,"{""mean_pitch_hz"": 594.78, ""pitch_range_hz"": 1902.14, ""mean_energy"": 0.0665, ""energy_range"": 0.1222, ""tempo_bpm"": 114.84, ""spectral_centroid"": 2193.3, ""spectral_rolloff"": 3653.81, ""duration_seconds"": 3.14}","{""pace"": ""normal"", ""volume"": ""normal"", ""pitch_variation"": ""low"", ""is_question"": false, ""has_pilot_address"": false, ""is_protocol"": false, ""is_acknowledgment"": false}",Medical routine J-12 suggests slow and deep breaths.
BT-7274.Voicepack/bt_clips/376_Strange.wav,"{""primary_emotion"": ""neutral"", ""primary_score"": 0.0, ""confidence"": 0.0, ""secondary_emotion"": null, ""all_scores"": {}}",376,strange,7,s t r æ ŋ ɛ .,"{""mean_pitch_hz"": 482.57, ""pitch_range_hz"": 1362.71, ""mean_energy"": 0.0783, ""energy_range"": 0.1805, ""tempo_bpm"": 136.0, ""spectral_centroid"": 2508.45, ""spectral_rolloff"": 4960.57, ""duration_seconds"": 0.44}","{""pace"": ""normal"", ""volume"": ""normal"", ""pitch_variation"": ""low"", ""is_question"": false, ""has_pilot_address"": false, ""is_protocol"": false, ""is_acknowledgment"": false}",Strange.
BT-7274.Voicepack/bt_clips/377_I_am_picking_up_traces_of.wav,"{""primary_emotion"": ""neutral"", ""primary_score"": 0.0, ""confidence"": 0.0, ""secondary_emotion"": null, ""all_scores"": {}}",377,i am picking up traces of my own data signature within this area,43,ɪ   æ m   p ɪ k ɪ ŋ   ʌ p   t r æ c ɛ s   ɒ f   m y   oʊ n   d æ t æ   s aɪn æ t ɜːr ɛ   w ɪ θ ɪ n   θ ɪ s   ɑːr iː .,"{""mean_pitch_hz"": 288.29, ""pitch_range_hz"": 1114.05, ""mean_energy"": 0.081, ""energy_range"": 0.2293, ""tempo_bpm"": 136.0, ""spectral_centroid"": 1958.65, ""spectral_rolloff"": 3518.82, ""duration_seconds"": 3.36}","{""pace"": ""normal"", ""volume"": ""normal"", ""pitch_variation"": ""low"", ""is_question"": false, ""has_pilot_address"": false, ""is_protocol"": false, ""is_acknowledgment"": false}",I am picking up traces of my own data signature within this area.
BT-7274.Voicepack/bt_clips/378_The_distortions_must_be_affecting_my.wav,"{""primary_emotion"": ""determined"", ""primary_score"": 0.8, ""confidence"": 0.1, ""secondary_emotion"": null, ""all_scores"": {""determined"": 0.8}}",378,the distortions must be affecting my scans,34,θ ɛ   d ɪ s t ɔːr t ɪ ɒ n s   m ʌ s t   b ɛ   æ f f ɛ c t ɪ ŋ   m y   s c æ n s .,"{""mean_pitch_hz"": 181.13, ""pitch_range_hz"": 313.0, ""mean_energy"": 0.0565, ""energy_range"": 0.1087, ""tempo_bpm"": 136.0, ""spectral_centroid"": 2625.5, ""spectral_rolloff"": 4670.25, ""duration_seconds"": 2.34}","{""pace"": ""normal"", ""volume"": ""normal"", ""pitch_variation"": ""low"", ""is_question"": false, ""has_pilot_address"": false, ""is_protocol"": false, ""is_acknowledgment"": false}",The distortions must be affecting my scans.
BT-7274.Voicepack/bt_clips/379_There_is_a_data_terminal_nearby.wav,"{""primary_emotion"": ""neutral"", ""primary_score"": 0.0, ""confidence"": 0.0, ""secondary_emotion"": null, ""all_scores"": {}}",379,there is a data terminal nearby,23,θ ɜːr ɛ   ɪ s   æ   d æ t æ   t ɜːr m ɪ n æ l   n iː r b y .,"{""mean_pitch_hz"": 309.99, ""pitch_range_hz"": 930.86, ""mean_energy"": 0.0949, ""energy_range"": 0.2002, ""tempo_bpm"": 139.67, ""spectral_centroid"": 1659.58, ""spectral_rolloff"": 2875.96, ""duration_seconds"": 1.36}","{""pace"": ""normal"", ""volume"": ""normal"", ""pitch_variation"": ""low"", ""is_question"": false, ""has_pilot_address"": false, ""is_protocol"": false, ""is_acknowledgment"": false}",There is a data terminal nearby.
BT-7274.Voicepack/bt_clips/380_Recommend_you_download_any_intel_that.wav,"{""primary_emotion"": ""neutral"", ""primary_score"": 0.0, ""confidence"": 0.0, ""secondary_emotion"": null, ""all_scores"": {}}",380,recommend you download any intel that can be passed on to srs,47,r ɛ c ɒ m m ɛ n d   y aʊ   d oʊ n l oʊ d   æ n y   ɪ n t ɛ l   θ æ t   c æ n   b ɛ   p æ s s ɛ d   ɒ n   t ɒ   s r s .,"{""mean_pitch_hz"": 476.57, ""pitch_range_hz"": 1240.52, ""mean_energy"": 0.078, ""energy_range"": 0.1804, ""tempo_bpm"": 107.67, ""spectral_centroid"": 1924.11, ""spectral_rolloff"": 3227.56, ""duration_seconds"": 3.6}","{""pace"": ""normal"", ""volume"": ""normal"", ""pitch_variation"": ""low"", ""is_question"": false, ""has_pilot_address"": false, ""is_protocol"": false, ""is_acknowledgment"": false}",Recommend you download any intel that can be passed on to SRS.
BT-7274.Voicepack/bt_clips/381_Uphold_the_mission.wav,"{""primary_emotion"": ""determined"", ""primary_score"": 0.8, ""confidence"": 0.1, ""secondary_emotion"": null, ""all_scores"": {""determined"": 0.8}}",381,uphold the mission,15,ʌ f ɒ l d   θ ɛ   m ɪ s s ɪ ɒ n .,"{""mean_pitch_hz"": 585.82, ""pitch_range_hz"": 946.49, ""mean_energy"": 0.1044, ""energy_range"": 0.2112, ""tempo_bpm"": 152.0, ""spectral_centroid"": 1569.24, ""spectral_rolloff"": 2566.09, ""duration_seconds"": 0.82}","{""pace"": ""normal"", ""volume"": ""normal"", ""pitch_variation"": ""low"", ""is_question"": false, ""has_pilot_address"": false, ""is_protocol"": false, ""is_acknowledgment"": false}",Uphold the mission.
BT-7274.Voicepack/bt_clips/382_Pilot.wav,"{""primary_emotion"": ""neutral"", ""primary_score"": 0.0, ""confidence"": 0.0, ""secondary_emotion"": null, ""all_scores"": {}}",382,pilot,6,p ɪ l ɒ t .,"{""mean_pitch_hz"": 602.2, ""pitch_range_hz"": 1081.83, ""mean_energy"": 0.1305, ""energy_range"": 0.1896, ""tempo_bpm"": 139.67, ""spectral_centroid"": 1560.74, ""spectral_rolloff"": 2467.89, ""duration_seconds"": 0.26}","{""pace"": ""normal"", ""volume"": ""normal"", ""pitch_variation"": ""low"", ""is_question"": false, ""has_pilot_address"": true, ""is_protocol"": false, ""is_acknowledgment"": false}",Pilot.
BT-7274.Voicepack/bt_clips/383_There_is_a_data_terminal_nearby.wav,"{""primary_emotion"": ""neutral"", ""primary_score"": 0.0, ""confidence"": 0.0, ""secondary_emotion"": null, ""all_scores"": {}}",383,there is a data terminal nearby,23,θ ɜːr ɛ   ɪ s   æ   d æ t æ   t ɜːr m ɪ n æ l   n iː r b y .,"{""mean_pitch_hz"": 659.53, ""pitch_range_hz"": 683.56, ""mean_energy"": 0.0815, ""energy_range"": 0.1999, ""tempo_bpm"": 156.61, ""spectral_centroid"": 1771.04, ""spectral_rolloff"": 2951.32, ""duration_seconds"": 1.38}","{""pace"": ""normal"", ""volume"": ""normal"", ""pitch_variation"": ""low"", ""is_question"": false, ""has_pilot_address"": false, ""is_protocol"": false, ""is_acknowledgment"": false}",There is a data terminal nearby.
BT-7274.Voicepack/bt_clips/384_Recommend_you_run_a_bypass_on.wav,"{""primary_emotion"": ""neutral"", ""primary_score"": 0.0, ""confidence"": 0.0, ""secondary_emotion"": null, ""all_scores"": {}}",384,recommend you run a bypass on it to gather intel,37,r ɛ c ɒ m m ɛ n d   y aʊ   r ʌ n   æ   b y p æ s s   ɒ n   ɪ t   t ɒ   g æ θ ɜːr   ɪ n t ɛ l .,"{""mean_pitch_hz"": 449.56, ""pitch_range_hz"": 1000.5, ""mean_energy"": 0.0772, ""energy_range"": 0.1511, ""tempo_bpm"": 126.05, ""spectral_centroid"": 1662.96, ""spectral_rolloff"": 2714.54, ""duration_seconds"": 2.4}","{""pace"": ""normal"", ""volume"": ""normal"", ""pitch_variation"": ""low"", ""is_question"": false, ""has_pilot_address"": false, ""is_protocol"": false, ""is_acknowledgment"": false}",Recommend you run a bypass on it to gather intel.
BT-7274.Voicepack/bt_clips/385_Pilot.wav,"{""primary_emotion"": ""neutral"", ""primary_score"": 0.0, ""confidence"": 0.0, ""secondary_emotion"": null, ""all_scores"": {}}",385,pilot,6,p ɪ l ɒ t .,"{""mean_pitch_hz"": 931.31, ""pitch_range_hz"": 1049.95, ""mean_energy"": 0.057, ""energy_range"": 0.1667, ""tempo_bpm"": 136.0, ""spectral_centroid"": 1033.21, ""spectral_rolloff"": 1668.58, ""duration_seconds"": 0.52}","{""pace"": ""normal"", ""volume"": ""normal"", ""pitch_variation"": ""low"", ""is_question"": false, ""has_pilot_address"": true, ""is_protocol"": false, ""is_acknowledgment"": false}",Pilot.
BT-7274.Voicepack/bt_clips/386_A_fragment_of_Andersons_damaged_log.wav,"{""primary_emotion"": ""neutral"", ""primary_score"": 0.0, ""confidence"": 0.0, ""secondary_emotion"": null, ""all_scores"": {}}",386,a fragment of andersons damaged log may be relevant here,45,æ   f r æ g m ɛ n t   ɒ f   æ n d ɜːr s ɒ n s   d æ m æ g ɛ d   l ɒ g   m eɪ   b ɛ   r ɛ l ɛ v æ n t   h ɜːr ɛ .,"{""mean_pitch_hz"": 483.44, ""pitch_range_hz"": 1122.52, ""mean_energy"": 0.0737, ""energy_range"": 0.2845, ""tempo_bpm"": 123.05, ""spectral_centroid"": 2145.04, ""spectral_rolloff"": 3732.16, ""duration_seconds"": 3.46}","{""pace"": ""normal"", ""volume"": ""normal"", ""pitch_variation"": ""low"", ""is_question"": false, ""has_pilot_address"": false, ""is_protocol"": false, ""is_acknowledgment"": false}",A fragment of Anderson's damaged log may be relevant here.
BT-7274.Voicepack/bt_clips/387_Activating_log_playback.wav,"{""primary_emotion"": ""neutral"", ""primary_score"": 0.0, ""confidence"": 0.0, ""secondary_emotion"": null, ""all_scores"": {}}",387,activating log playback,19,æ c t ɪ v æ t ɪ ŋ   l ɒ g   p l eɪ b æ k .,"{""mean_pitch_hz"": 467.78, ""pitch_range_hz"": 1172.74, ""mean_energy"": 0.0795, ""energy_range"": 0.1271, ""tempo_bpm"": 117.45, ""spectral_centroid"": 1616.25, ""spectral_rolloff"": 2563.31, ""duration_seconds"": 1.16}","{""pace"": ""normal"", ""volume"": ""normal"", ""pitch_variation"": ""low"", ""is_question"": false, ""has_pilot_address"": false, ""is_protocol"": false, ""is_acknowledgment"": false}",Activating log playback.
BT-7274.Voicepack/bt_clips/388_Pilot.wav,"{""primary_emotion"": ""neutral"", ""primary_score"": 0.0, ""confidence"": 0.0, ""secondary_emotion"": null, ""all_scores"": {}}",388,pilot,6,p ɪ l ɒ t .,"{""mean_pitch_hz"": 1138.71, ""pitch_range_hz"": 443.73, ""mean_energy"": 0.0837, ""energy_range"": 0.1678, ""tempo_bpm"": 136.0, ""spectral_centroid"": 1856.78, ""spectral_rolloff"": 3325.53, ""duration_seconds"": 0.36}","{""pace"": ""normal"", ""volume"": ""normal"", ""pitch_variation"": ""low"", ""is_question"": false, ""has_pilot_address"": true, ""is_protocol"": false, ""is_acknowledgment"": false}",Pilot.
BT-7274.Voicepack/bt_clips/389_I_detect_another_data_terminal_nearby.wav,"{""primary_emotion"": ""neutral"", ""primary_score"": 0.0, ""confidence"": 0.0, ""secondary_emotion"": null, ""all_scores"": {}}",389,i detect another data terminal nearby,29,ɪ   d ɛ t ɛ c t   æ n ɒ θ ɜːr   d æ t æ   t ɜːr m ɪ n æ l   n iː r b y .,"{""mean_pitch_hz"": 368.6, ""pitch_range_hz"": 1060.32, ""mean_energy"": 0.0791, ""energy_range"": 0.1855, ""tempo_bpm"": 139.67, ""spectral_centroid"": 1486.5, ""spectral_rolloff"": 2437.67, ""duration_seconds"": 1.8}","{""pace"": ""normal"", ""volume"": ""normal"", ""pitch_variation"": ""low"", ""is_question"": false, ""has_pilot_address"": false, ""is_protocol"": false, ""is_acknowledgment"": false}",I detect another data terminal nearby.
BT-7274.Voicepack/bt_clips/390_Pilot.wav,"{""primary_emotion"": ""neutral"", ""primary_score"": 0.0, ""confidence"": 0.0, ""secondary_emotion"": null, ""all_scores"": {}}",390,pilot,6,p ɪ l ɒ t .,"{""mean_pitch_hz"": 990.1, ""pitch_range_hz"": 642.56, ""mean_energy"": 0.1115, ""energy_range"": 0.2036, ""tempo_bpm"": 136.0, ""spectral_centroid"": 1466.22, ""spectral_rolloff"": 2145.04, ""duration_seconds"": 0.3}","{""pace"": ""normal"", ""volume"": ""normal"", ""pitch_variation"": ""low"", ""is_question"": false, ""has_pilot_address"": true, ""is_protocol"": false, ""is_acknowledgment"": false}",Pilot.
BT-7274.Voicepack/bt_clips/391_It_appears_Anderson_made_it_at.wav,"{""primary_emotion"": ""neutral"", ""primary_score"": 0.0, ""confidence"": 0.0, ""secondary_emotion"": null, ""all_scores"": {}}",391,it appears anderson made it at least this far,33,ɪ t   æ p p iː r s   æ n d ɜːr s ɒ n   m æ d ɛ   ɪ t   æ t   l iː s t   θ ɪ s   f ɑːr .,"{""mean_pitch_hz"": 363.46, ""pitch_range_hz"": 1305.24, ""mean_energy"": 0.075, ""energy_range"": 0.1753, ""tempo_bpm"": 139.67, ""spectral_centroid"": 2100.23, ""spectral_rolloff"": 3570.18, ""duration_seconds"": 2.42}","{""pace"": ""normal"", ""volume"": ""normal"", ""pitch_variation"": ""low"", ""is_question"": false, ""has_pilot_address"": false, ""is_protocol"": false, ""is_acknowledgment"": false}",It appears Anderson made it at least this far.
BT-7274.Voicepack/bt_clips/392_His_log_might_contain_useful_intel.wav,"{""primary_emotion"": ""neutral"", ""primary_score"": 0.0, ""confidence"": 0.0, ""secondary_emotion"": null, ""all_scores"": {}}",392,his log might contain useful intel,27,h ɪ s   l ɒ g   m aɪ t   c ɒ n t eɪ n   ʌ s ɛ f ʌ l   ɪ n t ɛ l .,"{""mean_pitch_hz"": 254.35, ""pitch_range_hz"": 989.79, ""mean_energy"": 0.0691, ""energy_range"": 0.1406, ""tempo_bpm"": 120.19, ""spectral_centroid"": 1857.15, ""spectral_rolloff"": 3252.76, ""duration_seconds"": 2.0}","{""pace"": ""normal"", ""volume"": ""normal"", ""pitch_variation"": ""low"", ""is_question"": false, ""has_pilot_address"": false, ""is_protocol"": false, ""is_acknowledgment"": false}",His log might contain useful intel.
BT-7274.Voicepack/bt_clips/393_Activating_playback.wav,"{""primary_emotion"": ""neutral"", ""primary_score"": 0.0, ""confidence"": 0.0, ""secondary_emotion"": null, ""all_scores"": {}}",393,activating playback,16,æ c t ɪ v æ t ɪ ŋ   p l eɪ b æ k .,"{""mean_pitch_hz"": 630.68, ""pitch_range_hz"": 1654.3, ""mean_energy"": 0.079, ""energy_range"": 0.1085, ""tempo_bpm"": 105.47, ""spectral_centroid"": 1602.46, ""spectral_rolloff"": 2525.45, ""duration_seconds"": 0.82}","{""pace"": ""normal"", ""volume"": ""normal"", ""pitch_variation"": ""low"", ""is_question"": false, ""has_pilot_address"": false, ""is_protocol"": false, ""is_acknowledgment"": false}",Activating playback.
BT-7274.Voicepack/bt_clips/394_Residual_energy_within_this_facility_mat.wav,"{""primary_emotion"": ""neutral"", ""primary_score"": 0.0, ""confidence"": 0.0, ""secondary_emotion"": null, ""all_scores"": {}}",394,residual energy within this facility matches that of the arc,45,r ɛ s ɪ d ʌ æ l   ɛ n ɜːr g y   w ɪ θ ɪ n   θ ɪ s   f æ c ɪ l ɪ t y   m æ t tʃ ɛ s   θ æ t   ɒ f   θ ɛ   ɑːr c .,"{""mean_pitch_hz"": 394.08, ""pitch_range_hz"": 56.56, ""mean_energy"": 0.0733, ""energy_range"": 0.2206, ""tempo_bpm"": 136.0, ""spectral_centroid"": 2038.09, ""spectral_rolloff"": 3551.88, ""duration_seconds"": 3.18}","{""pace"": ""normal"", ""volume"": ""normal"", ""pitch_variation"": ""low"", ""is_question"": false, ""has_pilot_address"": false, ""is_protocol"": false, ""is_acknowledgment"": false}",Residual energy within this facility matches that of the arc.
BT-7274.Voicepack/bt_clips/395_It_is_plausible_that_it_destabilized.wav,"{""primary_emotion"": ""neutral"", ""primary_score"": 0.0, ""confidence"": 0.0, ""secondary_emotion"": null, ""all_scores"": {}}",395,it is plausible that it destabilized causing the energy blast detected by srs,61,"ɪ t   ɪ s   p l ɔː s ɪ b l ɛ   θ æ t   ɪ t   d ɛ s t æ b ɪ l ɪ z ɛ d ,   c ɔː s ɪ ŋ   θ ɛ   ɛ n ɜːr g y   b l æ s t   d ɛ t ɛ c t ɛ d   b y   s r s .","{""mean_pitch_hz"": 470.42, ""pitch_range_hz"": 738.99, ""mean_energy"": 0.0602, ""energy_range"": 0.158, ""tempo_bpm"": 123.05, ""spectral_centroid"": 2194.15, ""spectral_rolloff"": 3820.96, ""duration_seconds"": 4.22}","{""pace"": ""normal"", ""volume"": ""normal"", ""pitch_variation"": ""low"", ""is_question"": false, ""has_pilot_address"": false, ""is_protocol"": false, ""is_acknowledgment"": false}","It is plausible that it destabilized, causing the energy blast detected by SRS."
BT-7274.Voicepack/bt_clips/396_I_recommend_you_check_the_main.wav,"{""primary_emotion"": ""neutral"", ""primary_score"": 0.0, ""confidence"": 0.0, ""secondary_emotion"": null, ""all_scores"": {}}",396,i recommend you check the main lobby of reception,37,ɪ   r ɛ c ɒ m m ɛ n d   y aʊ   tʃ ɛ k   θ ɛ   m eɪ n   l ɒ b b y   ɒ f   r ɛ c ɛ p t ɪ ɒ n .,"{""mean_pitch_hz"": 433.18, ""pitch_range_hz"": 2093.71, ""mean_energy"": 0.0616, ""energy_range"": 0.1473, ""tempo_bpm"": 126.05, ""spectral_centroid"": 1984.36, ""spectral_rolloff"": 3590.98, ""duration_seconds"": 2.32}","{""pace"": ""normal"", ""volume"": ""normal"", ""pitch_variation"": ""low"", ""is_question"": false, ""has_pilot_address"": false, ""is_protocol"": false, ""is_acknowledgment"": false}",I recommend you check the main lobby of reception.
BT-7274.Voicepack/bt_clips/397_I_would_accompany_you_but_unfortunately.wav,"{""primary_emotion"": ""determined"", ""primary_score"": 0.8, ""confidence"": 0.1, ""secondary_emotion"": null, ""all_scores"": {""determined"": 0.8}}",397,i would accompany you but unfortunately my chassis will not fit through the door,59,"ɪ   w aʊ l d   æ c c ɒ m p æ n y   y aʊ ,   b ʌ t   ʌ n f ɔːr t ʌ n æ t ɛ l y   m y   tʃ æ s s ɪ s   w ɪ l l   n ɒ t   f ɪ t   θ r oʊ   θ ɛ   d uː r .","{""mean_pitch_hz"": 436.66, ""pitch_range_hz"": 1192.31, ""mean_energy"": 0.0561, ""energy_range"": 0.1817, ""tempo_bpm"": 112.35, ""spectral_centroid"": 2123.85, ""spectral_rolloff"": 3772.36, ""duration_seconds"": 4.44}","{""pace"": ""normal"", ""volume"": ""normal"", ""pitch_variation"": ""low"", ""is_question"": false, ""has_pilot_address"": false, ""is_protocol"": false, ""is_acknowledgment"": false}","I would accompany you, but unfortunately my chassis will not fit through the door."
BT-7274.Voicepack/bt_clips/398_I_detect_sarcasm.wav,"{""primary_emotion"": ""neutral"", ""primary_score"": 0.0, ""confidence"": 0.0, ""secondary_emotion"": null, ""all_scores"": {}}",398,i detect sarcasm,14,ɪ   d ɛ t ɛ c t   s ɑːr c æ s m .,"{""mean_pitch_hz"": 967.17, ""pitch_range_hz"": 1228.91, ""mean_energy"": 0.0306, ""energy_range"": 0.0714, ""tempo_bpm"": 136.0, ""spectral_centroid"": 2592.02, ""spectral_rolloff"": 4529.15, ""duration_seconds"": 1.0}","{""pace"": ""normal"", ""volume"": ""normal"", ""pitch_variation"": ""low"", ""is_question"": false, ""has_pilot_address"": false, ""is_protocol"": false, ""is_acknowledgment"": false}",I detect sarcasm.
BT-7274.Voicepack/bt_clips/399_I_detect_sarcasm.wav,"{""primary_emotion"": ""neutral"", ""primary_score"": 0.0, ""confidence"": 0.0, ""secondary_emotion"": null, ""all_scores"": {}}",399,i detect sarcasm,14,ɪ   d ɛ t ɛ c t   s ɑːr c æ s m .,"{""mean_pitch_hz"": 750.47, ""pitch_range_hz"": 1007.42, ""mean_energy"": 0.0456, ""energy_range"": 0.0983, ""tempo_bpm"": 156.61, ""spectral_centroid"": 2020.19, ""spectral_rolloff"": 3258.54, ""duration_seconds"": 0.56}","{""pace"": ""normal"", ""volume"": ""normal"", ""pitch_variation"": ""low"", ""is_question"": false, ""has_pilot_address"": false, ""is_protocol"": false, ""is_acknowledgment"": false}",I detect sarcasm.
BT-7274.Voicepack/bt_clips/400_On_the_contrary.wav,"{""primary_emotion"": ""neutral"", ""primary_score"": 0.0, ""confidence"": 0.0, ""secondary_emotion"": null, ""all_scores"": {}}",400,on the contrary,12,ɒ n   θ ɛ   c ɒ n t r ɑːr y .,"{""mean_pitch_hz"": 473.16, ""pitch_range_hz"": 956.05, ""mean_energy"": 0.0798, ""energy_range"": 0.2365, ""tempo_bpm"": 129.2, ""spectral_centroid"": 1944.17, ""spectral_rolloff"": 3702.98, ""duration_seconds"": 1.02}","{""pace"": ""normal"", ""volume"": ""normal"", ""pitch_variation"": ""low"", ""is_question"": false, ""has_pilot_address"": false, ""is_protocol"": false, ""is_acknowledgment"": false}",On the contrary.
BT-7274.Voicepack/bt_clips/401_You_are_proving_yourself_to_be.wav,"{""primary_emotion"": ""neutral"", ""primary_score"": 0.0, ""confidence"": 0.0, ""secondary_emotion"": null, ""all_scores"": {}}",401,you are proving yourself to be much more than a class 3 rifleman,45,y aʊ   ɑːr ɛ   p r ɒ v ɪ ŋ   y aʊ r s ɛ l f   t ɒ   b ɛ   m ʌ tʃ   m ɔːr ɛ   θ æ n   æ   c l æ s s     r ɪ f l ɛ m æ n .,"{""mean_pitch_hz"": 285.28, ""pitch_range_hz"": 918.56, ""mean_energy"": 0.071, ""energy_range"": 0.2138, ""tempo_bpm"": 132.51, ""spectral_centroid"": 2015.14, ""spectral_rolloff"": 3568.62, ""duration_seconds"": 3.3}","{""pace"": ""normal"", ""volume"": ""normal"", ""pitch_variation"": ""low"", ""is_question"": false, ""has_pilot_address"": false, ""is_protocol"": false, ""is_acknowledgment"": false}",You are proving yourself to be much more than a class 3 rifleman.
BT-7274.Voicepack/bt_clips/402_I_suspect_Major_Anderson_will_be.wav,"{""primary_emotion"": ""determined"", ""primary_score"": 0.8, ""confidence"": 0.1, ""secondary_emotion"": null, ""all_scores"": {""determined"": 0.8}}",402,i suspect major anderson will be impressed,35,ɪ   s ʌ s p ɛ c t   m æ j ɔːr   æ n d ɜːr s ɒ n   w ɪ l l   b ɛ   ɪ m p r ɛ s s ɛ d .,"{""mean_pitch_hz"": 415.68, ""pitch_range_hz"": 1924.14, ""mean_energy"": 0.068, ""energy_range"": 0.16, ""tempo_bpm"": 109.96, ""spectral_centroid"": 2213.28, ""spectral_rolloff"": 3936.67, ""duration_seconds"": 2.24}","{""pace"": ""normal"", ""volume"": ""normal"", ""pitch_variation"": ""low"", ""is_question"": false, ""has_pilot_address"": false, ""is_protocol"": false, ""is_acknowledgment"": false}",I suspect Major Anderson will be impressed.
BT-7274.Voicepack/bt_clips/403_Uphold_the_mission.wav,"{""primary_emotion"": ""determined"", ""primary_score"": 0.8, ""confidence"": 0.1, ""secondary_emotion"": null, ""all_scores"": {""determined"": 0.8}}",403,uphold the mission,15,ʌ f ɒ l d   θ ɛ   m ɪ s s ɪ ɒ n .,"{""mean_pitch_hz"": 399.4, ""pitch_range_hz"": 768.93, ""mean_energy"": 0.1034, ""energy_range"": 0.1755, ""tempo_bpm"": 161.5, ""spectral_centroid"": 1591.63, ""spectral_rolloff"": 2680.23, ""duration_seconds"": 0.76}","{""pace"": ""normal"", ""volume"": ""normal"", ""pitch_variation"": ""low"", ""is_question"": false, ""has_pilot_address"": false, ""is_protocol"": false, ""is_acknowledgment"": false}",Uphold the mission.
BT-7274.Voicepack/bt_clips/404_I_am_detecting_a_faint_biosignature.wav,"{""primary_emotion"": ""neutral"", ""primary_score"": 0.0, ""confidence"": 0.0, ""secondary_emotion"": null, ""all_scores"": {}}",404,i am detecting a faint biosignature on the upper level of the reception lobby,57,ɪ   æ m   d ɛ t ɛ c t ɪ ŋ   æ   f eɪ n t   b ɪ ɒ s aɪn æ t ɜːr ɛ   ɒ n   θ ɛ   ʌ p p ɜːr   l ɛ v ɛ l   ɒ f   θ ɛ   r ɛ c ɛ p t ɪ ɒ n   l ɒ b b y .,"{""mean_pitch_hz"": 563.34, ""pitch_range_hz"": 1423.71, ""mean_energy"": 0.0739, ""energy_range"": 0.1797, ""tempo_bpm"": 126.05, ""spectral_centroid"": 1901.18, ""spectral_rolloff"": 3246.3, ""duration_seconds"": 3.64}","{""pace"": ""normal"", ""volume"": ""normal"", ""pitch_variation"": ""low"", ""is_question"": false, ""has_pilot_address"": false, ""is_protocol"": false, ""is_acknowledgment"": false}",I am detecting a faint biosignature on the upper level of the reception lobby.
BT-7274.Voicepack/bt_clips/405_Recommend_you_investigate.wav,"{""primary_emotion"": ""neutral"", ""primary_score"": 0.0, ""confidence"": 0.0, ""secondary_emotion"": null, ""all_scores"": {}}",405,recommend you investigate,23,r ɛ c ɒ m m ɛ n d   y aʊ   ɪ n v ɛ s t ɪ g æ t ɛ .,"{""mean_pitch_hz"": 630.34, ""pitch_range_hz"": 1209.09, ""mean_energy"": 0.0858, ""energy_range"": 0.1463, ""tempo_bpm"": 132.51, ""spectral_centroid"": 1907.7, ""spectral_rolloff"": 3213.83, ""duration_seconds"": 1.06}","{""pace"": ""normal"", ""volume"": ""normal"", ""pitch_variation"": ""low"", ""is_question"": false, ""has_pilot_address"": false, ""is_protocol"": false, ""is_acknowledgment"": false}",Recommend you investigate.
BT-7274.Voicepack/bt_clips/406_Major_Andersons_exact_location_is_unknow.wav,"{""primary_emotion"": ""neutral"", ""primary_score"": 0.0, ""confidence"": 0.0, ""secondary_emotion"": null, ""all_scores"": {}}",406,major andersons exact location is unknown,33,m æ j ɔːr   æ n d ɜːr s ɒ n s   ɛ x æ c t   l ɒ c æ t ɪ ɒ n   ɪ s   ʌ n n oʊ n .,"{""mean_pitch_hz"": 829.58, ""pitch_range_hz"": 1476.02, ""mean_energy"": 0.0851, ""energy_range"": 0.1674, ""tempo_bpm"": 136.0, ""spectral_centroid"": 2125.82, ""spectral_rolloff"": 3635.97, ""duration_seconds"": 2.22}","{""pace"": ""normal"", ""volume"": ""normal"", ""pitch_variation"": ""low"", ""is_question"": false, ""has_pilot_address"": false, ""is_protocol"": false, ""is_acknowledgment"": false}",Major Anderson's exact location is unknown.
BT-7274.Voicepack/bt_clips/407_It_is_possible_he_proceeded_through.wav,"{""primary_emotion"": ""commanding"", ""primary_score"": 0.9, ""confidence"": 0.11, ""secondary_emotion"": null, ""all_scores"": {""commanding"": 0.9}}",407,it is possible he proceeded through the entrance of the reception lobby,54,ɪ t   ɪ s   p ɒ s s ɪ b l ɛ   h ɛ   p r ɒ c iː d ɛ d   θ r oʊ   θ ɛ   ɛ n t r æ n c ɛ   ɒ f   θ ɛ   r ɛ c ɛ p t ɪ ɒ n   l ɒ b b y .,"{""mean_pitch_hz"": 567.09, ""pitch_range_hz"": 1261.16, ""mean_energy"": 0.0522, ""energy_range"": 0.1226, ""tempo_bpm"": 109.96, ""spectral_centroid"": 2283.76, ""spectral_rolloff"": 4094.08, ""duration_seconds"": 3.24}","{""pace"": ""fast"", ""volume"": ""loud"", ""pitch_variation"": ""normal"", ""is_question"": false, ""has_pilot_address"": false, ""is_protocol"": false, ""is_acknowledgment"": false}",It is possible he proceeded through the entrance of the reception lobby.
BT-7274.Voicepack/bt_clips/408_The_following_is_Andersons_mission_brief.wav,"{""primary_emotion"": ""commanding"", ""primary_score"": 0.9, ""confidence"": 0.11, ""secondary_emotion"": ""determined"", ""all_scores"": {""commanding"": 0.9, ""determined"": 0.8}}",408,the following is andersons mission briefing from commander sarah briggs of the militia srs,69,θ ɛ   f ɒ l l oʊ ɪ ŋ   ɪ s   æ n d ɜːr s ɒ n s   m ɪ s s ɪ ɒ n   b r iː f ɪ ŋ   f r ɒ m   c ɒ m m æ n d ɜːr   s ɑːr æ h   b r ɪ g g s   ɒ f   θ ɛ   m ɪ l ɪ t ɪ æ   s r s .,"{""mean_pitch_hz"": 322.68, ""pitch_range_hz"": 998.48, ""mean_energy"": 0.0843, ""energy_range"": 0.2299, ""tempo_bpm"": 117.45, ""spectral_centroid"": 2123.2, ""spectral_rolloff"": 3764.84, ""duration_seconds"": 4.24}","{""pace"": ""fast"", ""volume"": ""loud"", ""pitch_variation"": ""normal"", ""is_question"": false, ""has_pilot_address"": false, ""is_protocol"": false, ""is_acknowledgment"": false}",The following is Anderson's mission briefing from Commander Sarah Briggs of the Militia SRS.
BT-7274.Voicepack/bt_clips/409_Congratulations_on_your_field_promotion_.wav,"{""primary_emotion"": ""positive"", ""primary_score"": 0.9, ""confidence"": 0.11, ""secondary_emotion"": null, ""all_scores"": {""positive"": 0.9}}",409,congratulations on your field promotion pilot cooper,43,"c ɒ ŋ r æ t ʌ l æ t ɪ ɒ n s   ɒ n   y aʊ r   f iː l d   p r ɒ m ɒ t ɪ ɒ n ,   p ɪ l ɒ t   c uː p ɜːr .","{""mean_pitch_hz"": 370.35, ""pitch_range_hz"": 985.09, ""mean_energy"": 0.0772, ""energy_range"": 0.1879, ""tempo_bpm"": 132.51, ""spectral_centroid"": 1968.1, ""spectral_rolloff"": 3616.86, ""duration_seconds"": 2.44}","{""pace"": ""normal"", ""volume"": ""loud"", ""pitch_variation"": ""normal"", ""is_question"": false, ""has_pilot_address"": true, ""is_protocol"": false, ""is_acknowledgment"": false}","Congratulations on your field promotion, Pilot Cooper."
BT-7274.Voicepack/bt_clips/410_Pilot.wav,"{""primary_emotion"": ""neutral"", ""primary_score"": 0.0, ""confidence"": 0.0, ""secondary_emotion"": null, ""all_scores"": {}}",410,pilot,6,p ɪ l ɒ t .,"{""mean_pitch_hz"": 761.97, ""pitch_range_hz"": 1180.24, ""mean_energy"": 0.1132, ""energy_range"": 0.1909, ""tempo_bpm"": 139.67, ""spectral_centroid"": 1583.15, ""spectral_rolloff"": 2444.85, ""duration_seconds"": 0.3}","{""pace"": ""normal"", ""volume"": ""normal"", ""pitch_variation"": ""low"", ""is_question"": false, ""has_pilot_address"": true, ""is_protocol"": false, ""is_acknowledgment"": false}",Pilot.
BT-7274.Voicepack/bt_clips/411_The_data_Major_Anderson_collected_appear.wav,"{""primary_emotion"": ""neutral"", ""primary_score"": 0.0, ""confidence"": 0.0, ""secondary_emotion"": null, ""all_scores"": {}}",411,the data major anderson collected appears to be incomplete,47,θ ɛ   d æ t æ   m æ j ɔːr   æ n d ɜːr s ɒ n   c ɒ l l ɛ c t ɛ d   æ p p iː r s   t ɒ   b ɛ   ɪ n c ɒ m p l ɛ t ɛ .,"{""mean_pitch_hz"": 343.83, ""pitch_range_hz"": 1008.45, ""mean_energy"": 0.0766, ""energy_range"": 0.2194, ""tempo_bpm"": 109.96, ""spectral_centroid"": 1831.52, ""spectral_rolloff"": 3117.05, ""duration_seconds"": 2.7}","{""pace"": ""normal"", ""volume"": ""normal"", ""pitch_variation"": ""low"", ""is_question"": false, ""has_pilot_address"": false, ""is_protocol"": false, ""is_acknowledgment"": false}",The data Major Anderson collected appears to be incomplete.
BT-7274.Voicepack/bt_clips/412_We_are_duty_bound_to_uphold.wav,"{""primary_emotion"": ""neutral"", ""primary_score"": 0.0, ""confidence"": 0.0, ""secondary_emotion"": null, ""all_scores"": {}}",412,we are duty bound to uphold and fulfill special operation 217,45,w ɛ   ɑːr ɛ   d ʌ t y   b aʊ n d   t ɒ   ʌ f ɒ l d   æ n d   f ʌ l f ɪ l l   s p ɛ c ɪ æ l   ɒ p ɜːr æ t ɪ ɒ n   .,"{""mean_pitch_hz"": 437.51, ""pitch_range_hz"": 1130.4, ""mean_energy"": 0.0708, ""energy_range"": 0.1928, ""tempo_bpm"": 105.47, ""spectral_centroid"": 2001.33, ""spectral_rolloff"": 3425.8, ""duration_seconds"": 3.82}","{""pace"": ""normal"", ""volume"": ""normal"", ""pitch_variation"": ""low"", ""is_question"": false, ""has_pilot_address"": false, ""is_protocol"": false, ""is_acknowledgment"": false}",We are duty bound to uphold and fulfill Special Operation 217.
BT-7274.Voicepack/bt_clips/413_Recommend_we_locate_Andersons_wrist-moun.wav,"{""primary_emotion"": ""commanding"", ""primary_score"": 0.9, ""confidence"": 0.11, ""secondary_emotion"": null, ""all_scores"": {""commanding"": 0.9}}",413,recommend we locate andersons wristmounted device before proceeding,55,r ɛ c ɒ m m ɛ n d   w ɛ   l ɒ c æ t ɛ   æ n d ɜːr s ɒ n s   r ɪ s t m aʊ n t ɛ d   d ɛ v ɪ c ɛ   b ɛ f ɔːr ɛ   p r ɒ c iː d ɪ ŋ .,"{""mean_pitch_hz"": 399.35, ""pitch_range_hz"": 1883.77, ""mean_energy"": 0.0716, ""energy_range"": 0.1944, ""tempo_bpm"": 114.84, ""spectral_centroid"": 2005.94, ""spectral_rolloff"": 3378.53, ""duration_seconds"": 3.2}","{""pace"": ""fast"", ""volume"": ""loud"", ""pitch_variation"": ""normal"", ""is_question"": false, ""has_pilot_address"": false, ""is_protocol"": false, ""is_acknowledgment"": false}",Recommend we locate Anderson's wrist-mounted device before proceeding.
BT-7274.Voicepack/bt_clips/414_It_must_be_on_the_other.wav,"{""primary_emotion"": ""determined"", ""primary_score"": 0.8, ""confidence"": 0.1, ""secondary_emotion"": null, ""all_scores"": {""determined"": 0.8}}",414,it must be on the other half of his corpse,29,ɪ t   m ʌ s t   b ɛ   ɒ n   θ ɛ   ɒ θ ɜːr   h æ l f   ɒ f   h ɪ s   c ɔːr s ɛ .,"{""mean_pitch_hz"": 1042.21, ""pitch_range_hz"": 648.62, ""mean_energy"": 0.0673, ""energy_range"": 0.1931, ""tempo_bpm"": 123.05, ""spectral_centroid"": 1958.25, ""spectral_rolloff"": 3401.2, ""duration_seconds"": 1.9}","{""pace"": ""normal"", ""volume"": ""normal"", ""pitch_variation"": ""low"", ""is_question"": false, ""has_pilot_address"": false, ""is_protocol"": false, ""is_acknowledgment"": false}",It must be on the other half of his corpse.
BT-7274.Voicepack/bt_clips/415_I_detect_a_breach_in_the.wav,"{""primary_emotion"": ""neutral"", ""primary_score"": 0.0, ""confidence"": 0.0, ""secondary_emotion"": null, ""all_scores"": {}}",415,i detect a breach in the security services building,38,ɪ   d ɛ t ɛ c t   æ   b r iː tʃ   ɪ n   θ ɛ   s ɛ c ɜːr ɪ t y   s ɜːr v ɪ c ɛ s   b ʌ ɪ l d ɪ ŋ .,"{""mean_pitch_hz"": 493.9, ""pitch_range_hz"": 1488.72, ""mean_energy"": 0.0715, ""energy_range"": 0.238, ""tempo_bpm"": 129.2, ""spectral_centroid"": 2717.64, ""spectral_rolloff"": 4729.7, ""duration_seconds"": 2.72}","{""pace"": ""normal"", ""volume"": ""normal"", ""pitch_variation"": ""low"", ""is_question"": false, ""has_pilot_address"": false, ""is_protocol"": false, ""is_acknowledgment"": false}",I detect a breach in the Security Services Building.
BT-7274.Voicepack/bt_clips/416_I_will_provide_access.wav,"{""primary_emotion"": ""determined"", ""primary_score"": 0.8, ""confidence"": 0.1, ""secondary_emotion"": null, ""all_scores"": {""determined"": 0.8}}",416,i will provide access,19,ɪ   w ɪ l l   p r ɒ v ɪ d ɛ   æ c c ɛ s s .,"{""mean_pitch_hz"": 925.72, ""pitch_range_hz"": 1467.41, ""mean_energy"": 0.0757, ""energy_range"": 0.1377, ""tempo_bpm"": 120.19, ""spectral_centroid"": 2075.92, ""spectral_rolloff"": 3308.45, ""duration_seconds"": 1.2}","{""pace"": ""normal"", ""volume"": ""normal"", ""pitch_variation"": ""low"", ""is_question"": false, ""has_pilot_address"": false, ""is_protocol"": false, ""is_acknowledgment"": false}",I will provide access.
BT-7274.Voicepack/bt_clips/417_The_breach_in_the_Security_Services.wav,"{""primary_emotion"": ""neutral"", ""primary_score"": 0.0, ""confidence"": 0.0, ""secondary_emotion"": null, ""all_scores"": {}}",417,the breach in the security services building is now accessible,46,θ ɛ   b r iː tʃ   ɪ n   θ ɛ   s ɛ c ɜːr ɪ t y   s ɜːr v ɪ c ɛ s   b ʌ ɪ l d ɪ ŋ   ɪ s   n oʊ   æ c c ɛ s s ɪ b l ɛ .,"{""mean_pitch_hz"": 440.03, ""pitch_range_hz"": 1182.45, ""mean_energy"": 0.0771, ""energy_range"": 0.1935, ""tempo_bpm"": 101.33, ""spectral_centroid"": 2237.85, ""spectral_rolloff"": 3841.05, ""duration_seconds"": 2.76}","{""pace"": ""normal"", ""volume"": ""normal"", ""pitch_variation"": ""low"", ""is_question"": false, ""has_pilot_address"": false, ""is_protocol"": false, ""is_acknowledgment"": false}",The breach in the Security Services Building is now accessible.
BT-7274.Voicepack/bt_clips/418_Recommend_you_start_your_search_for.wav,"{""primary_emotion"": ""neutral"", ""primary_score"": 0.0, ""confidence"": 0.0, ""secondary_emotion"": null, ""all_scores"": {}}",418,recommend you start your search for the device there,36,r ɛ c ɒ m m ɛ n d   y aʊ   s t ɑːr t   y aʊ r   s iː r tʃ   f ɔːr   θ ɛ   d ɛ v ɪ c ɛ   θ ɜːr ɛ .,"{""mean_pitch_hz"": 531.02, ""pitch_range_hz"": 1191.55, ""mean_energy"": 0.0801, ""energy_range"": 0.1611, ""tempo_bpm"": 132.51, ""spectral_centroid"": 2156.54, ""spectral_rolloff"": 3512.97, ""duration_seconds"": 2.2}","{""pace"": ""normal"", ""volume"": ""normal"", ""pitch_variation"": ""low"", ""is_question"": false, ""has_pilot_address"": false, ""is_protocol"": false, ""is_acknowledgment"": false}",Recommend you start your search for the device there.
BT-7274.Voicepack/bt_clips/419_I_will_continue_scanning_the_ringed.wav,"{""primary_emotion"": ""determined"", ""primary_score"": 0.8, ""confidence"": 0.1, ""secondary_emotion"": null, ""all_scores"": {""determined"": 0.8}}",419,i will continue scanning the ringed structure here,39,ɪ   w ɪ l l   c ɒ n t ɪ n ʌ ɛ   s c æ n n ɪ ŋ   θ ɛ   r ɪ ŋ ɛ d   s t r ʌ c t ɜːr ɛ   h ɜːr ɛ .,"{""mean_pitch_hz"": 451.04, ""pitch_range_hz"": 500.12, ""mean_energy"": 0.0784, ""energy_range"": 0.1996, ""tempo_bpm"": 136.0, ""spectral_centroid"": 1955.16, ""spectral_rolloff"": 3197.36, ""duration_seconds"": 2.36}","{""pace"": ""normal"", ""volume"": ""normal"", ""pitch_variation"": ""low"", ""is_question"": false, ""has_pilot_address"": false, ""is_protocol"": false, ""is_acknowledgment"": false}",I will continue scanning the ringed structure here.
BT-7274.Voicepack/bt_clips/420_I_will_remain_here_and_scan.wav,"{""primary_emotion"": ""determined"", ""primary_score"": 0.8, ""confidence"": 0.1, ""secondary_emotion"": null, ""all_scores"": {""determined"": 0.8}}",420,i will remain here and scan the ringed structure while you investigate the facility for intel and the missing device,87,ɪ   w ɪ l l   r ɛ m eɪ n   h ɜːr ɛ   æ n d   s c æ n   θ ɛ   r ɪ ŋ ɛ d   s t r ʌ c t ɜːr ɛ   w ɪ l ɛ   y aʊ   ɪ n v ɛ s t ɪ g æ t ɛ   θ ɛ   f æ c ɪ l ɪ t y   f ɔːr   ɪ n t ɛ l   æ n d   θ ɛ   m ɪ s s ɪ ŋ   d ɛ v ɪ c ɛ .,"{""mean_pitch_hz"": 470.02, ""pitch_range_hz"": 853.89, ""mean_energy"": 0.0705, ""energy_range"": 0.1677, ""tempo_bpm"": 132.51, ""spectral_centroid"": 1938.78, ""spectral_rolloff"": 3223.02, ""duration_seconds"": 5.88}","{""pace"": ""normal"", ""volume"": ""normal"", ""pitch_variation"": ""low"", ""is_question"": false, ""has_pilot_address"": false, ""is_protocol"": false, ""is_acknowledgment"": false}",I will remain here and scan the ringed structure while you investigate the facility for Intel and the missing device.
BT-7274.Voicepack/bt_clips/421_Advisory.wav,"{""primary_emotion"": ""neutral"", ""primary_score"": 0.0, ""confidence"": 0.0, ""secondary_emotion"": null, ""all_scores"": {}}",421,advisory,8,æ d v ɪ s ɔːr y .,"{""mean_pitch_hz"": 677.71, ""pitch_range_hz"": 840.76, ""mean_energy"": 0.1336, ""energy_range"": 0.2729, ""tempo_bpm"": 136.0, ""spectral_centroid"": 2455.58, ""spectral_rolloff"": 4505.68, ""duration_seconds"": 0.42}","{""pace"": ""normal"", ""volume"": ""normal"", ""pitch_variation"": ""low"", ""is_question"": false, ""has_pilot_address"": false, ""is_protocol"": false, ""is_acknowledgment"": false}",Advisory.
BT-7274.Voicepack/bt_clips/422_Use_the_zipline_to_access_the.wav,"{""primary_emotion"": ""neutral"", ""primary_score"": 0.0, ""confidence"": 0.0, ""secondary_emotion"": null, ""all_scores"": {}}",422,use the zipline to access the upper section of the security services building,59,ʌ s ɛ   θ ɛ   z ɪ p l ɪ n ɛ   t ɒ   æ c c ɛ s s   θ ɛ   ʌ p p ɜːr   s ɛ c t ɪ ɒ n   ɒ f   θ ɛ   s ɛ c ɜːr ɪ t y   s ɜːr v ɪ c ɛ s   b ʌ ɪ l d ɪ ŋ .,"{""mean_pitch_hz"": 464.39, ""pitch_range_hz"": 1188.89, ""mean_energy"": 0.0721, ""energy_range"": 0.1918, ""tempo_bpm"": 139.67, ""spectral_centroid"": 2467.65, ""spectral_rolloff"": 4368.91, ""duration_seconds"": 3.64}","{""pace"": ""normal"", ""volume"": ""normal"", ""pitch_variation"": ""low"", ""is_question"": false, ""has_pilot_address"": false, ""is_protocol"": false, ""is_acknowledgment"": false}",Use the zipline to access the upper section of the Security Services Building.
BT-7274.Voicepack/bt_clips/423_I_will_remain_here_until_you.wav,"{""primary_emotion"": ""determined"", ""primary_score"": 0.8, ""confidence"": 0.1, ""secondary_emotion"": null, ""all_scores"": {""determined"": 0.8}}",423,i will remain here until you return,26,ɪ   w ɪ l l   r ɛ m eɪ n   h ɜːr ɛ   ʌ n t ɪ l   y aʊ   r ɛ t ɜːr n .,"{""mean_pitch_hz"": 412.96, ""pitch_range_hz"": 1179.69, ""mean_energy"": 0.073, ""energy_range"": 0.1701, ""tempo_bpm"": 147.66, ""spectral_centroid"": 1500.68, ""spectral_rolloff"": 2431.39, ""duration_seconds"": 1.74}","{""pace"": ""normal"", ""volume"": ""normal"", ""pitch_variation"": ""low"", ""is_question"": false, ""has_pilot_address"": false, ""is_protocol"": false, ""is_acknowledgment"": false}",I will remain here until you return.
BT-7274.Voicepack/bt_clips/424_I_suspect_the_ringed_structure_is.wav,"{""primary_emotion"": ""questioning"", ""primary_score"": 0.6, ""confidence"": 0.07, ""secondary_emotion"": null, ""all_scores"": {""questioning"": 0.6}}",424,i suspect the ringed structure is somehow related to the devastation here,57,ɪ   s ʌ s p ɛ c t   θ ɛ   r ɪ ŋ ɛ d   s t r ʌ c t ɜːr ɛ   ɪ s   s ɒ m ɛ h oʊ   r ɛ l æ t ɛ d   t ɒ   θ ɛ   d ɛ v æ s t æ t ɪ ɒ n   h ɜːr ɛ .,"{""mean_pitch_hz"": 643.02, ""pitch_range_hz"": 2612.57, ""mean_energy"": 0.0694, ""energy_range"": 0.2344, ""tempo_bpm"": 147.66, ""spectral_centroid"": 2317.76, ""spectral_rolloff"": 3966.25, ""duration_seconds"": 4.28}","{""pace"": ""normal"", ""volume"": ""normal"", ""pitch_variation"": ""high"", ""is_question"": false, ""has_pilot_address"": false, ""is_protocol"": false, ""is_acknowledgment"": false}",I suspect the ringed structure is somehow related to the devastation here.
BT-7274.Voicepack/bt_clips/425_Further_analysis_is_required.wav,"{""primary_emotion"": ""neutral"", ""primary_score"": 0.0, ""confidence"": 0.0, ""secondary_emotion"": null, ""all_scores"": {}}",425,further analysis is required,22,f ɜːr θ ɜːr   æ n æ l y s ɪ s   ɪ s   r ɛ q ʌ ɪr ɛ d .,"{""mean_pitch_hz"": 546.13, ""pitch_range_hz"": 814.76, ""mean_energy"": 0.083, ""energy_range"": 0.1802, ""tempo_bpm"": 156.61, ""spectral_centroid"": 2152.98, ""spectral_rolloff"": 3631.54, ""duration_seconds"": 1.48}","{""pace"": ""normal"", ""volume"": ""normal"", ""pitch_variation"": ""low"", ""is_question"": false, ""has_pilot_address"": false, ""is_protocol"": false, ""is_acknowledgment"": false}",Further analysis is required.
BT-7274.Voicepack/bt_clips/426_Recommend_you_locate_Andersons_wrist-mou.wav,"{""primary_emotion"": ""neutral"", ""primary_score"": 0.0, ""confidence"": 0.0, ""secondary_emotion"": null, ""all_scores"": {}}",426,recommend you locate andersons wristmounted device in the meantime,53,r ɛ c ɒ m m ɛ n d   y aʊ   l ɒ c æ t ɛ   æ n d ɜːr s ɒ n s   r ɪ s t m aʊ n t ɛ d   d ɛ v ɪ c ɛ   ɪ n   θ ɛ   m iː n t ɪ m ɛ .,"{""mean_pitch_hz"": 436.99, ""pitch_range_hz"": 1977.54, ""mean_energy"": 0.0726, ""energy_range"": 0.1524, ""tempo_bpm"": 120.19, ""spectral_centroid"": 1977.68, ""spectral_rolloff"": 3447.2, ""duration_seconds"": 3.04}","{""pace"": ""normal"", ""volume"": ""normal"", ""pitch_variation"": ""low"", ""is_question"": false, ""has_pilot_address"": false, ""is_protocol"": false, ""is_acknowledgment"": false}",Recommend you locate Anderson's wrist-mounted device in the meantime.
BT-7274.Voicepack/bt_clips/427_Well_done_Pilot.wav,"{""primary_emotion"": ""positive"", ""primary_score"": 0.9, ""confidence"": 0.11, ""secondary_emotion"": null, ""all_scores"": {""positive"": 0.9}}",427,well done pilot,15,"w ɛ l l   d ɒ n ɛ ,   p ɪ l ɒ t .","{""mean_pitch_hz"": 618.81, ""pitch_range_hz"": 1123.69, ""mean_energy"": 0.0936, ""energy_range"": 0.1439, ""tempo_bpm"": 152.0, ""spectral_centroid"": 1406.4, ""spectral_rolloff"": 2187.56, ""duration_seconds"": 0.7}","{""pace"": ""normal"", ""volume"": ""loud"", ""pitch_variation"": ""normal"", ""is_question"": false, ""has_pilot_address"": true, ""is_protocol"": false, ""is_acknowledgment"": false}","Well done, Pilot."
BT-7274.Voicepack/bt_clips/428_Scan_complete.wav,"{""primary_emotion"": ""neutral"", ""primary_score"": 0.0, ""confidence"": 0.0, ""secondary_emotion"": null, ""all_scores"": {}}",428,scan complete,13,s c æ n   c ɒ m p l ɛ t ɛ .,"{""mean_pitch_hz"": 219.58, ""pitch_range_hz"": 301.3, ""mean_energy"": 0.0615, ""energy_range"": 0.1034, ""tempo_bpm"": 166.71, ""spectral_centroid"": 2356.89, ""spectral_rolloff"": 4257.7, ""duration_seconds"": 0.76}","{""pace"": ""normal"", ""volume"": ""normal"", ""pitch_variation"": ""low"", ""is_question"": false, ""has_pilot_address"": false, ""is_protocol"": false, ""is_acknowledgment"": false}",Scan complete.
BT-7274.Voicepack/bt_clips/429_This_version_of_the_fold_weapon.wav,"{""primary_emotion"": ""neutral"", ""primary_score"": 0.0, ""confidence"": 0.0, ""secondary_emotion"": null, ""all_scores"": {}}",429,this version of the fold weapon was only a smallscale test,45,θ ɪ s   v ɜːr s ɪ ɒ n   ɒ f   θ ɛ   f ɒ l d   w iː p ɒ n   w æ s   ɒ n l y   æ   s m æ l l s c æ l ɛ   t ɛ s t .,"{""mean_pitch_hz"": 278.51, ""pitch_range_hz"": 268.23, ""mean_energy"": 0.0847, ""energy_range"": 0.2265, ""tempo_bpm"": 139.67, ""spectral_centroid"": 2340.16, ""spectral_rolloff"": 4008.79, ""duration_seconds"": 3.04}","{""pace"": ""normal"", ""volume"": ""normal"", ""pitch_variation"": ""low"", ""is_question"": false, ""has_pilot_address"": false, ""is_protocol"": false, ""is_acknowledgment"": false}",This version of the fold weapon was only a small-scale test.
BT-7274.Voicepack/bt_clips/430_Finding_Andersons_wrist-mounted_device_s.wav,"{""primary_emotion"": ""neutral"", ""primary_score"": 0.0, ""confidence"": 0.0, ""secondary_emotion"": null, ""all_scores"": {}}",430,finding andersons wristmounted device should be our top priority,47,f aɪnd ɪ ŋ   æ n d ɜːr s ɒ n s   r ɪ s t m aʊ n t ɛ d   d ɛ v ɪ c ɛ   ʃ aʊ l d   b ɛ   aʊ r   t ɒ p   p r ɪ ɔːr ɪ t y .,"{""mean_pitch_hz"": 517.16, ""pitch_range_hz"": 1187.12, ""mean_energy"": 0.0768, ""energy_range"": 0.1758, ""tempo_bpm"": 101.33, ""spectral_centroid"": 2071.71, ""spectral_rolloff"": 3540.85, ""duration_seconds"": 3.02}","{""pace"": ""normal"", ""volume"": ""normal"", ""pitch_variation"": ""low"", ""is_question"": false, ""has_pilot_address"": false, ""is_protocol"": false, ""is_acknowledgment"": false}",Finding Anderson's wrist-mounted device should be our top priority.
BT-7274.Voicepack/bt_clips/431_I_suggest_you_navigate_to_the.wav,"{""primary_emotion"": ""neutral"", ""primary_score"": 0.0, ""confidence"": 0.0, ""secondary_emotion"": null, ""all_scores"": {}}",431,i suggest you navigate to the breach in security services to continue the search,59,ɪ   s ʌ g g ɛ s t   y aʊ   n æ v ɪ g æ t ɛ   t ɒ   θ ɛ   b r iː tʃ   ɪ n   s ɛ c ɜːr ɪ t y   s ɜːr v ɪ c ɛ s   t ɒ   c ɒ n t ɪ n ʌ ɛ   θ ɛ   s iː r tʃ .,"{""mean_pitch_hz"": 461.6, ""pitch_range_hz"": 1231.05, ""mean_energy"": 0.0641, ""energy_range"": 0.1873, ""tempo_bpm"": 109.96, ""spectral_centroid"": 2413.39, ""spectral_rolloff"": 4172.03, ""duration_seconds"": 3.82}","{""pace"": ""normal"", ""volume"": ""normal"", ""pitch_variation"": ""low"", ""is_question"": false, ""has_pilot_address"": false, ""is_protocol"": false, ""is_acknowledgment"": false}",I suggest you navigate to the breach in Security Services to continue the search.
BT-7274.Voicepack/bt_clips/432_As_Anderson_discovered_the_IMC_intend.wav,"{""primary_emotion"": ""neutral"", ""primary_score"": 0.0, ""confidence"": 0.0, ""secondary_emotion"": null, ""all_scores"": {}}",432,as anderson discovered the imc intend to destroy the militia planet of harmony using the fullscale version of this weapon,93,"æ s   æ n d ɜːr s ɒ n   d ɪ s c ɒ v ɜːr ɛ d ,   θ ɛ   ɪ m c   ɪ n t ɛ n d   t ɒ   d ɛ s t r ɔɪ   θ ɛ   m ɪ l ɪ t ɪ æ   p l æ n ɛ t   ɒ f   h ɑːr m ɒ n y   ʌ s ɪ ŋ   θ ɛ   f ʌ l l s c æ l ɛ   v ɜːr s ɪ ɒ n   ɒ f   θ ɪ s   w iː p ɒ n .","{""mean_pitch_hz"": 260.97, ""pitch_range_hz"": 1122.74, ""mean_energy"": 0.082, ""energy_range"": 0.2783, ""tempo_bpm"": 107.67, ""spectral_centroid"": 2196.5, ""spectral_rolloff"": 3895.06, ""duration_seconds"": 7.34}","{""pace"": ""normal"", ""volume"": ""normal"", ""pitch_variation"": ""low"", ""is_question"": false, ""has_pilot_address"": false, ""is_protocol"": false, ""is_acknowledgment"": false}","As Anderson discovered, the IMC intend to destroy the Militia Planet of Harmony using the full-scale version of this weapon."
BT-7274.Voicepack/bt_clips/433_Pilot_Cooper.wav,"{""primary_emotion"": ""neutral"", ""primary_score"": 0.0, ""confidence"": 0.0, ""secondary_emotion"": null, ""all_scores"": {}}",433,pilot cooper,10,p ɪ l ɒ t   c uː p ɜːr .,"{""mean_pitch_hz"": 695.54, ""pitch_range_hz"": 1158.61, ""mean_energy"": 0.1083, ""energy_range"": 0.2216, ""tempo_bpm"": 120.19, ""spectral_centroid"": 1476.39, ""spectral_rolloff"": 2497.42, ""duration_seconds"": 0.58}","{""pace"": ""normal"", ""volume"": ""normal"", ""pitch_variation"": ""low"", ""is_question"": false, ""has_pilot_address"": true, ""is_protocol"": false, ""is_acknowledgment"": false}",Pilot Cooper.
BT-7274.Voicepack/bt_clips/434_Our_journey_is_far_from_over.wav,"{""primary_emotion"": ""neutral"", ""primary_score"": 0.0, ""confidence"": 0.0, ""secondary_emotion"": null, ""all_scores"": {}}",434,our journey is far from over,19,aʊ r   j aʊ r n eɪ   ɪ s   f ɑːr   f r ɒ m   ɒ v ɜːr .,"{""mean_pitch_hz"": 380.35, ""pitch_range_hz"": 1001.9, ""mean_energy"": 0.0845, ""energy_range"": 0.1763, ""tempo_bpm"": 129.2, ""spectral_centroid"": 1930.03, ""spectral_rolloff"": 3192.23, ""duration_seconds"": 1.78}","{""pace"": ""normal"", ""volume"": ""normal"", ""pitch_variation"": ""low"", ""is_question"": false, ""has_pilot_address"": false, ""is_protocol"": false, ""is_acknowledgment"": false}",Our journey is far from over.
BT-7274.Voicepack/bt_clips/435_We_must_get_this_data_to.wav,"{""primary_emotion"": ""determined"", ""primary_score"": 0.8, ""confidence"": 0.1, ""secondary_emotion"": null, ""all_scores"": {""determined"": 0.8}}",435,we must get this data to the fleet,25,w ɛ   m ʌ s t   g ɛ t   θ ɪ s   d æ t æ   t ɒ   θ ɛ   f l iː t .,"{""mean_pitch_hz"": 743.58, ""pitch_range_hz"": 952.05, ""mean_energy"": 0.0925, ""energy_range"": 0.258, ""tempo_bpm"": 117.45, ""spectral_centroid"": 2195.28, ""spectral_rolloff"": 3906.9, ""duration_seconds"": 1.72}","{""pace"": ""normal"", ""volume"": ""normal"", ""pitch_variation"": ""low"", ""is_question"": false, ""has_pilot_address"": false, ""is_protocol"": false, ""is_acknowledgment"": false}",We must get this data to the fleet.
BT-7274.Voicepack/bt_clips/436_I_am_still_working_on_it.wav,"{""primary_emotion"": ""neutral"", ""primary_score"": 0.0, ""confidence"": 0.0, ""secondary_emotion"": null, ""all_scores"": {}}",436,i am still working on it pilot,24,"ɪ   æ m   s t ɪ l l   w ɔːr k ɪ ŋ   ɒ n   ɪ t ,   p ɪ l ɒ t .","{""mean_pitch_hz"": 515.44, ""pitch_range_hz"": 1196.81, ""mean_energy"": 0.0722, ""energy_range"": 0.2029, ""tempo_bpm"": 112.35, ""spectral_centroid"": 1721.01, ""spectral_rolloff"": 2597.12, ""duration_seconds"": 1.36}","{""pace"": ""normal"", ""volume"": ""normal"", ""pitch_variation"": ""low"", ""is_question"": false, ""has_pilot_address"": true, ""is_protocol"": false, ""is_acknowledgment"": false}","I am still working on it, Pilot."
BT-7274.Voicepack/bt_clips/437_Noted.wav,"{""primary_emotion"": ""neutral"", ""primary_score"": 0.0, ""confidence"": 0.0, ""secondary_emotion"": null, ""all_scores"": {}}",437,noted,6,n ɒ t ɛ d .,"{""mean_pitch_hz"": 757.33, ""pitch_range_hz"": 1081.19, ""mean_energy"": 0.0847, ""energy_range"": 0.1543, ""tempo_bpm"": 136.0, ""spectral_centroid"": 2257.18, ""spectral_rolloff"": 4942.79, ""duration_seconds"": 0.4}","{""pace"": ""normal"", ""volume"": ""normal"", ""pitch_variation"": ""low"", ""is_question"": false, ""has_pilot_address"": false, ""is_protocol"": false, ""is_acknowledgment"": false}",Noted.
BT-7274.Voicepack/bt_clips/438_It_appears_that_whatever_actions_you.wav,"{""primary_emotion"": ""questioning"", ""primary_score"": 0.6, ""confidence"": 0.07, ""secondary_emotion"": null, ""all_scores"": {""questioning"": 0.6}}",438,it appears that whatever actions you took in the past have caused the remaining automated security systems to be quite hostile towards us in the present,112,ɪ t   æ p p iː r s   θ æ t   w æ t ɛ v ɜːr   æ c t ɪ ɒ n s   y aʊ   t uː k   ɪ n   θ ɛ   p æ s t   h æ v ɛ   c ɔː s ɛ d   θ ɛ   r ɛ m eɪ n ɪ ŋ   ɔː t ɒ m æ t ɛ d   s ɛ c ɜːr ɪ t y   s y s t ɛ m s   t ɒ   b ɛ   q ʌ ɪ t ɛ   h ɒ s t ɪ l ɛ   t oʊ ɑːr d s   ʌ s   ɪ n   θ ɛ   p r ɛ s ɛ n t .,"{""mean_pitch_hz"": 370.76, ""pitch_range_hz"": 879.19, ""mean_energy"": 0.0832, ""energy_range"": 0.2687, ""tempo_bpm"": 136.0, ""spectral_centroid"": 2091.19, ""spectral_rolloff"": 3564.79, ""duration_seconds"": 7.76}","{""pace"": ""normal"", ""volume"": ""normal"", ""pitch_variation"": ""high"", ""is_question"": false, ""has_pilot_address"": false, ""is_protocol"": false, ""is_acknowledgment"": false}",It appears that whatever actions you took in the past have caused the remaining automated security systems to be quite hostile towards us in the present.
BT-7274.Voicepack/bt_clips/439_Tactical_Analysis.wav,"{""primary_emotion"": ""neutral"", ""primary_score"": 0.0, ""confidence"": 0.0, ""secondary_emotion"": null, ""all_scores"": {}}",439,tactical analysis,17,t æ c t ɪ c æ l   æ n æ l y s ɪ s .,"{""mean_pitch_hz"": 338.25, ""pitch_range_hz"": 224.53, ""mean_energy"": 0.1134, ""energy_range"": 0.243, ""tempo_bpm"": 112.35, ""spectral_centroid"": 2038.13, ""spectral_rolloff"": 3341.61, ""duration_seconds"": 0.88}","{""pace"": ""normal"", ""volume"": ""normal"", ""pitch_variation"": ""low"", ""is_question"": false, ""has_pilot_address"": false, ""is_protocol"": false, ""is_acknowledgment"": false}",Tactical Analysis.
BT-7274.Voicepack/bt_clips/440_We_will_be_more_effective_in.wav,"{""primary_emotion"": ""determined"", ""primary_score"": 0.8, ""confidence"": 0.1, ""secondary_emotion"": null, ""all_scores"": {""determined"": 0.8}}",440,we will be more effective in this situation as a combined unit,50,w ɛ   w ɪ l l   b ɛ   m ɔːr ɛ   ɛ f f ɛ c t ɪ v ɛ   ɪ n   θ ɪ s   s ɪ t ʌ æ t ɪ ɒ n   æ s   æ   c ɒ m b ɪ n ɛ d   ʌ n ɪ t .,"{""mean_pitch_hz"": 358.77, ""pitch_range_hz"": 879.16, ""mean_energy"": 0.0794, ""energy_range"": 0.2607, ""tempo_bpm"": 114.84, ""spectral_centroid"": 2173.51, ""spectral_rolloff"": 3797.78, ""duration_seconds"": 3.84}","{""pace"": ""normal"", ""volume"": ""normal"", ""pitch_variation"": ""low"", ""is_question"": false, ""has_pilot_address"": false, ""is_protocol"": false, ""is_acknowledgment"": false}",We will be more effective in this situation as a combined unit.
BT-7274.Voicepack/bt_clips/441_Overwhelming_hostile_forces.wav,"{""primary_emotion"": ""neutral"", ""primary_score"": 0.0, ""confidence"": 0.0, ""secondary_emotion"": null, ""all_scores"": {}}",441,overwhelming hostile forces,22,ɒ v ɜːr w ɛ l m ɪ ŋ   h ɒ s t ɪ l ɛ   f ɔːr c ɛ s .,"{""mean_pitch_hz"": 775.98, ""pitch_range_hz"": 751.07, ""mean_energy"": 0.1047, ""energy_range"": 0.1954, ""tempo_bpm"": 136.0, ""spectral_centroid"": 2171.66, ""spectral_rolloff"": 3626.33, ""duration_seconds"": 1.42}","{""pace"": ""normal"", ""volume"": ""normal"", ""pitch_variation"": ""low"", ""is_question"": false, ""has_pilot_address"": false, ""is_protocol"": false, ""is_acknowledgment"": false}",Overwhelming hostile forces.
BT-7274.Voicepack/bt_clips/442_Recommend_you_embark.wav,"{""primary_emotion"": ""neutral"", ""primary_score"": 0.0, ""confidence"": 0.0, ""secondary_emotion"": null, ""all_scores"": {}}",442,recommend you embark,17,r ɛ c ɒ m m ɛ n d   y aʊ   ɛ m b ɑːr k .,"{""mean_pitch_hz"": 413.38, ""pitch_range_hz"": 1003.82, ""mean_energy"": 0.1013, ""energy_range"": 0.1527, ""tempo_bpm"": 139.67, ""spectral_centroid"": 1386.61, ""spectral_rolloff"": 2198.72, ""duration_seconds"": 0.96}","{""pace"": ""normal"", ""volume"": ""normal"", ""pitch_variation"": ""low"", ""is_question"": false, ""has_pilot_address"": false, ""is_protocol"": false, ""is_acknowledgment"": false}",Recommend you embark.
BT-7274.Voicepack/bt_clips/443_Pilot.wav,"{""primary_emotion"": ""neutral"", ""primary_score"": 0.0, ""confidence"": 0.0, ""secondary_emotion"": null, ""all_scores"": {}}",443,pilot,6,p ɪ l ɒ t .,"{""mean_pitch_hz"": 888.78, ""pitch_range_hz"": 641.95, ""mean_energy"": 0.1185, ""energy_range"": 0.2424, ""tempo_bpm"": 139.67, ""spectral_centroid"": 1604.26, ""spectral_rolloff"": 2679.59, ""duration_seconds"": 0.28}","{""pace"": ""normal"", ""volume"": ""normal"", ""pitch_variation"": ""low"", ""is_question"": false, ""has_pilot_address"": true, ""is_protocol"": false, ""is_acknowledgment"": false}",Pilot.
BT-7274.Voicepack/bt_clips/444_If_you_embark_your_wrist-mounted_device.wav,"{""primary_emotion"": ""neutral"", ""primary_score"": 0.0, ""confidence"": 0.0, ""secondary_emotion"": null, ""all_scores"": {}}",444,if you embark your wristmounted device may work to transport both of us to the past,60,"ɪ f   y aʊ   ɛ m b ɑːr k ,   y aʊ r   r ɪ s t m aʊ n t ɛ d   d ɛ v ɪ c ɛ   m eɪ   w ɔːr k   t ɒ   t r æ n s p ɔːr t   b ɒ θ   ɒ f   ʌ s   t ɒ   θ ɛ   p æ s t .","{""mean_pitch_hz"": 379.08, ""pitch_range_hz"": 687.86, ""mean_energy"": 0.065, ""energy_range"": 0.1844, ""tempo_bpm"": 136.0, ""spectral_centroid"": 2111.89, ""spectral_rolloff"": 3583.2, ""duration_seconds"": 4.4}","{""pace"": ""normal"", ""volume"": ""normal"", ""pitch_variation"": ""low"", ""is_question"": false, ""has_pilot_address"": false, ""is_protocol"": false, ""is_acknowledgment"": false}","If you embark, your wrist-mounted device may work to transport both of us to the past."
BT-7274.Voicepack/bt_clips/445_Pilot.wav,"{""primary_emotion"": ""neutral"", ""primary_score"": 0.0, ""confidence"": 0.0, ""secondary_emotion"": null, ""all_scores"": {}}",445,pilot,6,p ɪ l ɒ t .,"{""mean_pitch_hz"": 1124.85, ""pitch_range_hz"": 13.66, ""mean_energy"": 0.1271, ""energy_range"": 0.2415, ""tempo_bpm"": 136.0, ""spectral_centroid"": 1364.88, ""spectral_rolloff"": 2116.28, ""duration_seconds"": 0.28}","{""pace"": ""normal"", ""volume"": ""normal"", ""pitch_variation"": ""low"", ""is_question"": false, ""has_pilot_address"": true, ""is_protocol"": false, ""is_acknowledgment"": false}",Pilot.
BT-7274.Voicepack/bt_clips/446_I_have_located_the_controls_to.wav,"{""primary_emotion"": ""neutral"", ""primary_score"": 0.0, ""confidence"": 0.0, ""secondary_emotion"": null, ""all_scores"": {}}",446,i have located the controls to extend the bridge to the rings,47,ɪ   h æ v ɛ   l ɒ c æ t ɛ d   θ ɛ   c ɒ n t r ɒ l s   t ɒ   ɛ x t ɛ n d   θ ɛ   b r ɪ d g ɛ   t ɒ   θ ɛ   r ɪ ŋ s .,"{""mean_pitch_hz"": 348.03, ""pitch_range_hz"": 255.08, ""mean_energy"": 0.0749, ""energy_range"": 0.1832, ""tempo_bpm"": 152.0, ""spectral_centroid"": 1877.25, ""spectral_rolloff"": 3114.43, ""duration_seconds"": 2.82}","{""pace"": ""normal"", ""volume"": ""normal"", ""pitch_variation"": ""low"", ""is_question"": false, ""has_pilot_address"": false, ""is_protocol"": false, ""is_acknowledgment"": false}",I have located the controls to extend the bridge to the rings.
BT-7274.Voicepack/bt_clips/447_I_have_marked_it_on_your.wav,"{""primary_emotion"": ""neutral"", ""primary_score"": 0.0, ""confidence"": 0.0, ""secondary_emotion"": null, ""all_scores"": {}}",447,i have marked it on your hud,21,ɪ   h æ v ɛ   m ɑːr k ɛ d   ɪ t   ɒ n   y aʊ r   h ʌ d .,"{""mean_pitch_hz"": 993.92, ""pitch_range_hz"": 1048.45, ""mean_energy"": 0.0773, ""energy_range"": 0.1982, ""tempo_bpm"": 129.2, ""spectral_centroid"": 1440.7, ""spectral_rolloff"": 2204.62, ""duration_seconds"": 1.18}","{""pace"": ""normal"", ""volume"": ""normal"", ""pitch_variation"": ""low"", ""is_question"": false, ""has_pilot_address"": false, ""is_protocol"": false, ""is_acknowledgment"": false}",I have marked it on your HUD.
BT-7274.Voicepack/bt_clips/448_Uphold_the_mission.wav,"{""primary_emotion"": ""determined"", ""primary_score"": 0.8, ""confidence"": 0.1, ""secondary_emotion"": null, ""all_scores"": {""determined"": 0.8}}",448,uphold the mission,15,ʌ f ɒ l d   θ ɛ   m ɪ s s ɪ ɒ n .,"{""mean_pitch_hz"": 263.8, ""pitch_range_hz"": 265.56, ""mean_energy"": 0.0939, ""energy_range"": 0.2029, ""tempo_bpm"": 152.0, ""spectral_centroid"": 1556.99, ""spectral_rolloff"": 2564.35, ""duration_seconds"": 0.78}","{""pace"": ""normal"", ""volume"": ""normal"", ""pitch_variation"": ""low"", ""is_question"": false, ""has_pilot_address"": false, ""is_protocol"": false, ""is_acknowledgment"": false}",Uphold the mission.
BT-7274.Voicepack/bt_clips/449_I_have_marked_the_bridge_controls.wav,"{""primary_emotion"": ""neutral"", ""primary_score"": 0.0, ""confidence"": 0.0, ""secondary_emotion"": null, ""all_scores"": {}}",449,i have marked the bridge controls on your hud,35,ɪ   h æ v ɛ   m ɑːr k ɛ d   θ ɛ   b r ɪ d g ɛ   c ɒ n t r ɒ l s   ɒ n   y aʊ r   h ʌ d .,"{""mean_pitch_hz"": 742.3, ""pitch_range_hz"": 1211.17, ""mean_energy"": 0.0754, ""energy_range"": 0.157, ""tempo_bpm"": 172.27, ""spectral_centroid"": 1680.75, ""spectral_rolloff"": 2830.42, ""duration_seconds"": 1.98}","{""pace"": ""normal"", ""volume"": ""normal"", ""pitch_variation"": ""low"", ""is_question"": false, ""has_pilot_address"": false, ""is_protocol"": false, ""is_acknowledgment"": false}",I have marked the bridge controls on your HUD.
BT-7274.Voicepack/bt_clips/450_You_will_need_to_extend_the.wav,"{""primary_emotion"": ""determined"", ""primary_score"": 0.8, ""confidence"": 0.1, ""secondary_emotion"": null, ""all_scores"": {""determined"": 0.8}}",450,you will need to extend the bridge before the fold weapon test pad explodes,57,y aʊ   w ɪ l l   n iː d   t ɒ   ɛ x t ɛ n d   θ ɛ   b r ɪ d g ɛ   b ɛ f ɔːr ɛ   θ ɛ   f ɒ l d   w iː p ɒ n   t ɛ s t   p æ d   ɛ x p l ɒ d ɛ s .,"{""mean_pitch_hz"": 328.7, ""pitch_range_hz"": 859.11, ""mean_energy"": 0.0715, ""energy_range"": 0.1894, ""tempo_bpm"": 152.0, ""spectral_centroid"": 2023.39, ""spectral_rolloff"": 3398.96, ""duration_seconds"": 3.8}","{""pace"": ""normal"", ""volume"": ""normal"", ""pitch_variation"": ""low"", ""is_question"": false, ""has_pilot_address"": false, ""is_protocol"": false, ""is_acknowledgment"": false}",You will need to extend the bridge before the fold weapon test pad explodes.
BT-7274.Voicepack/bt_clips/451_The_effects_of_close_proximity_to.wav,"{""primary_emotion"": ""neutral"", ""primary_score"": 0.0, ""confidence"": 0.0, ""secondary_emotion"": null, ""all_scores"": {}}",451,the effects of close proximity to the arc are unknown,39,θ ɛ   ɛ f f ɛ c t s   ɒ f   c l ɒ s ɛ   p r ɒ x ɪ m ɪ t y   t ɒ   θ ɛ   ɑːr c   ɑːr ɛ   ʌ n n oʊ n .,"{""mean_pitch_hz"": 373.72, ""pitch_range_hz"": 869.67, ""mean_energy"": 0.0862, ""energy_range"": 0.2229, ""tempo_bpm"": 132.51, ""spectral_centroid"": 2163.11, ""spectral_rolloff"": 3864.06, ""duration_seconds"": 2.72}","{""pace"": ""normal"", ""volume"": ""normal"", ""pitch_variation"": ""low"", ""is_question"": false, ""has_pilot_address"": false, ""is_protocol"": false, ""is_acknowledgment"": false}",The effects of close proximity to the arc are unknown.
BT-7274.Voicepack/bt_clips/452_Use_caution_when_scanning.wav,"{""primary_emotion"": ""cautious"", ""primary_score"": 0.8, ""confidence"": 0.1, ""secondary_emotion"": ""questioning"", ""all_scores"": {""cautious"": 0.8, ""questioning"": 0.6}}",452,use caution when scanning,20,ʌ s ɛ   c ɔː t ɪ ɒ n   w ɛ n   s c æ n n ɪ ŋ .,"{""mean_pitch_hz"": 438.4, ""pitch_range_hz"": 1673.43, ""mean_energy"": 0.0554, ""energy_range"": 0.1881, ""tempo_bpm"": 132.51, ""spectral_centroid"": 2168.25, ""spectral_rolloff"": 4079.26, ""duration_seconds"": 1.84}","{""pace"": ""slow"", ""volume"": ""soft"", ""pitch_variation"": ""normal"", ""is_question"": false, ""has_pilot_address"": false, ""is_protocol"": false, ""is_acknowledgment"": false}",Use caution when scanning.
BT-7274.Voicepack/bt_clips/453_There_is_some_data_that_suggests.wav,"{""primary_emotion"": ""determined"", ""primary_score"": 0.8, ""confidence"": 0.1, ""secondary_emotion"": ""concerned"", ""all_scores"": {""determined"": 0.8, ""concerned"": 0.7}}",453,there is some data that suggests your wristmounted device will protect you,57,θ ɜːr ɛ   ɪ s   s ɒ m ɛ   d æ t æ   θ æ t   s ʌ g g ɛ s t s   y aʊ r   r ɪ s t m aʊ n t ɛ d   d ɛ v ɪ c ɛ   w ɪ l l   p r ɒ t ɛ c t   y aʊ .,"{""mean_pitch_hz"": 356.66, ""pitch_range_hz"": 224.65, ""mean_energy"": 0.0636, ""energy_range"": 0.1929, ""tempo_bpm"": 143.55, ""spectral_centroid"": 2175.32, ""spectral_rolloff"": 3694.0, ""duration_seconds"": 3.68}","{""pace"": ""normal"", ""volume"": ""normal"", ""pitch_variation"": ""low"", ""is_question"": false, ""has_pilot_address"": false, ""is_protocol"": false, ""is_acknowledgment"": false}",There is some data that suggests your wrist-mounted device will protect you.
BT-7274.Voicepack/bt_clips/454_Uphold_the_mission.wav,"{""primary_emotion"": ""determined"", ""primary_score"": 0.8, ""confidence"": 0.1, ""secondary_emotion"": null, ""all_scores"": {""determined"": 0.8}}",454,uphold the mission,15,ʌ f ɒ l d   θ ɛ   m ɪ s s ɪ ɒ n .,"{""mean_pitch_hz"": 564.79, ""pitch_range_hz"": 1130.7, ""mean_energy"": 0.0906, ""energy_range"": 0.1777, ""tempo_bpm"": 198.77, ""spectral_centroid"": 1655.94, ""spectral_rolloff"": 2610.27, ""duration_seconds"": 0.78}","{""pace"": ""normal"", ""volume"": ""normal"", ""pitch_variation"": ""low"", ""is_question"": false, ""has_pilot_address"": false, ""is_protocol"": false, ""is_acknowledgment"": false}",Uphold the mission.
BT-7274.Voicepack/bt_clips/455_You_will_need_to_get_as.wav,"{""primary_emotion"": ""determined"", ""primary_score"": 0.8, ""confidence"": 0.1, ""secondary_emotion"": null, ""all_scores"": {""determined"": 0.8}}",455,you will need to get as close as possible to the center of the rings in the past,57,y aʊ   w ɪ l l   n iː d   t ɒ   g ɛ t   æ s   c l ɒ s ɛ   æ s   p ɒ s s ɪ b l ɛ   t ɒ   θ ɛ   c ɛ n t ɜːr   ɒ f   θ ɛ   r ɪ ŋ s   ɪ n   θ ɛ   p æ s t .,"{""mean_pitch_hz"": 315.63, ""pitch_range_hz"": 623.55, ""mean_energy"": 0.0757, ""energy_range"": 0.19, ""tempo_bpm"": 147.66, ""spectral_centroid"": 2109.62, ""spectral_rolloff"": 3661.36, ""duration_seconds"": 3.5}","{""pace"": ""normal"", ""volume"": ""normal"", ""pitch_variation"": ""low"", ""is_question"": false, ""has_pilot_address"": false, ""is_protocol"": false, ""is_acknowledgment"": false}",You will need to get as close as possible to the center of the rings in the past.
BT-7274.Voicepack/bt_clips/456_Use_the_bridge_to_access_and.wav,"{""primary_emotion"": ""neutral"", ""primary_score"": 0.0, ""confidence"": 0.0, ""secondary_emotion"": null, ""all_scores"": {}}",456,use the bridge to access and scan the arc,31,ʌ s ɛ   θ ɛ   b r ɪ d g ɛ   t ɒ   æ c c ɛ s s   æ n d   s c æ n   θ ɛ   ɑːr c .,"{""mean_pitch_hz"": 408.64, ""pitch_range_hz"": 1242.33, ""mean_energy"": 0.0743, ""energy_range"": 0.1609, ""tempo_bpm"": 123.05, ""spectral_centroid"": 2231.45, ""spectral_rolloff"": 3743.31, ""duration_seconds"": 2.38}","{""pace"": ""normal"", ""volume"": ""normal"", ""pitch_variation"": ""low"", ""is_question"": false, ""has_pilot_address"": false, ""is_protocol"": false, ""is_acknowledgment"": false}",Use the bridge to access and scan the arc.
BT-7274.Voicepack/bt_clips/457_Pilot.wav,"{""primary_emotion"": ""neutral"", ""primary_score"": 0.0, ""confidence"": 0.0, ""secondary_emotion"": null, ""all_scores"": {}}",457,pilot,6,p ɪ l ɒ t .,"{""mean_pitch_hz"": 819.11, ""pitch_range_hz"": 960.59, ""mean_energy"": 0.1177, ""energy_range"": 0.175, ""tempo_bpm"": 136.0, ""spectral_centroid"": 1489.93, ""spectral_rolloff"": 2141.26, ""duration_seconds"": 0.28}","{""pace"": ""normal"", ""volume"": ""normal"", ""pitch_variation"": ""low"", ""is_question"": false, ""has_pilot_address"": true, ""is_protocol"": false, ""is_acknowledgment"": false}",Pilot.
BT-7274.Voicepack/bt_clips/458_We_must_uphold_the_mission.wav,"{""primary_emotion"": ""determined"", ""primary_score"": 1.6, ""confidence"": 0.2, ""secondary_emotion"": null, ""all_scores"": {""determined"": 1.6}}",458,we must uphold the mission,21,w ɛ   m ʌ s t   ʌ f ɒ l d   θ ɛ   m ɪ s s ɪ ɒ n .,"{""mean_pitch_hz"": 1081.39, ""pitch_range_hz"": 92.72, ""mean_energy"": 0.0859, ""energy_range"": 0.1972, ""tempo_bpm"": 129.2, ""spectral_centroid"": 1848.38, ""spectral_rolloff"": 3096.95, ""duration_seconds"": 1.36}","{""pace"": ""normal"", ""volume"": ""normal"", ""pitch_variation"": ""low"", ""is_question"": false, ""has_pilot_address"": false, ""is_protocol"": false, ""is_acknowledgment"": false}",We must uphold the mission.
BT-7274.Voicepack/bt_clips/459_I_advise_you_get_as_close.wav,"{""primary_emotion"": ""neutral"", ""primary_score"": 0.0, ""confidence"": 0.0, ""secondary_emotion"": null, ""all_scores"": {}}",459,i advise you get as close as possible to the center of the rings,47,ɪ   æ d v ɪ s ɛ   y aʊ   g ɛ t   æ s   c l ɒ s ɛ   æ s   p ɒ s s ɪ b l ɛ   t ɒ   θ ɛ   c ɛ n t ɜːr   ɒ f   θ ɛ   r ɪ ŋ s .,"{""mean_pitch_hz"": 716.61, ""pitch_range_hz"": 1226.34, ""mean_energy"": 0.0777, ""energy_range"": 0.1583, ""tempo_bpm"": 120.19, ""spectral_centroid"": 2177.75, ""spectral_rolloff"": 3881.6, ""duration_seconds"": 3.06}","{""pace"": ""normal"", ""volume"": ""normal"", ""pitch_variation"": ""low"", ""is_question"": false, ""has_pilot_address"": false, ""is_protocol"": false, ""is_acknowledgment"": false}",I advise you get as close as possible to the center of the rings.
BT-7274.Voicepack/bt_clips/460_To_uphold_the_mission_you_will.wav,"{""primary_emotion"": ""determined"", ""primary_score"": 1.6, ""confidence"": 0.2, ""secondary_emotion"": null, ""all_scores"": {""determined"": 1.6}}",460,to uphold the mission you will need to get as close as possible to the center of the active rings in the past,80,"t ɒ   ʌ f ɒ l d   θ ɛ   m ɪ s s ɪ ɒ n ,   y aʊ   w ɪ l l   n iː d   t ɒ   g ɛ t   æ s   c l ɒ s ɛ   æ s   p ɒ s s ɪ b l ɛ   t ɒ   θ ɛ   c ɛ n t ɜːr   ɒ f   θ ɛ   æ c t ɪ v ɛ   r ɪ ŋ s   ɪ n   θ ɛ   p æ s t .","{""mean_pitch_hz"": 480.39, ""pitch_range_hz"": 1304.74, ""mean_energy"": 0.0774, ""energy_range"": 0.1903, ""tempo_bpm"": 117.45, ""spectral_centroid"": 1991.9, ""spectral_rolloff"": 3460.28, ""duration_seconds"": 5.32}","{""pace"": ""normal"", ""volume"": ""normal"", ""pitch_variation"": ""low"", ""is_question"": false, ""has_pilot_address"": false, ""is_protocol"": false, ""is_acknowledgment"": false}","To uphold the mission, you will need to get as close as possible to the center of the active rings in the past."
BT-7274.Voicepack/bt_clips/461_Pilot_I_recommend_you_scan_the.wav,"{""primary_emotion"": ""commanding"", ""primary_score"": 0.9, ""confidence"": 0.11, ""secondary_emotion"": ""determined"", ""all_scores"": {""commanding"": 0.9, ""determined"": 0.8}}",461,pilot i recommend you scan the center of the rings in order to uphold the mission,59,"p ɪ l ɒ t ,   ɪ   r ɛ c ɒ m m ɛ n d   y aʊ   s c æ n   θ ɛ   c ɛ n t ɜːr   ɒ f   θ ɛ   r ɪ ŋ s   ɪ n   ɔːr d ɜːr   t ɒ   ʌ f ɒ l d   θ ɛ   m ɪ s s ɪ ɒ n .","{""mean_pitch_hz"": 493.69, ""pitch_range_hz"": 936.8, ""mean_energy"": 0.0823, ""energy_range"": 0.2704, ""tempo_bpm"": 105.47, ""spectral_centroid"": 1938.94, ""spectral_rolloff"": 3361.84, ""duration_seconds"": 4.6}","{""pace"": ""fast"", ""volume"": ""loud"", ""pitch_variation"": ""normal"", ""is_question"": false, ""has_pilot_address"": true, ""is_protocol"": false, ""is_acknowledgment"": false}","Pilot, I recommend you scan the center of the rings in order to uphold the mission."
BT-7274.Voicepack/bt_clips/462_Use_the_service_bridge_in_the.wav,"{""primary_emotion"": ""neutral"", ""primary_score"": 0.0, ""confidence"": 0.0, ""secondary_emotion"": null, ""all_scores"": {}}",462,use the service bridge in the past to access the arc,38,ʌ s ɛ   θ ɛ   s ɜːr v ɪ c ɛ   b r ɪ d g ɛ   ɪ n   θ ɛ   p æ s t   t ɒ   æ c c ɛ s s   θ ɛ   ɑːr c .,"{""mean_pitch_hz"": 486.95, ""pitch_range_hz"": 1263.42, ""mean_energy"": 0.0806, ""energy_range"": 0.2418, ""tempo_bpm"": 152.0, ""spectral_centroid"": 2206.5, ""spectral_rolloff"": 3714.52, ""duration_seconds"": 2.72}","{""pace"": ""normal"", ""volume"": ""normal"", ""pitch_variation"": ""low"", ""is_question"": false, ""has_pilot_address"": false, ""is_protocol"": false, ""is_acknowledgment"": false}",Use the service bridge in the past to access the arc.
BT-7274.Voicepack/bt_clips/463_Pilot.wav,"{""primary_emotion"": ""neutral"", ""primary_score"": 0.0, ""confidence"": 0.0, ""secondary_emotion"": null, ""all_scores"": {}}",463,pilot,6,p ɪ l ɒ t .,"{""mean_pitch_hz"": 1033.22, ""pitch_range_hz"": 1004.08, ""mean_energy"": 0.0824, ""energy_range"": 0.1594, ""tempo_bpm"": 136.0, ""spectral_centroid"": 1703.89, ""spectral_rolloff"": 2787.11, ""duration_seconds"": 0.34}","{""pace"": ""normal"", ""volume"": ""normal"", ""pitch_variation"": ""low"", ""is_question"": false, ""has_pilot_address"": true, ""is_protocol"": false, ""is_acknowledgment"": false}",Pilot.
BT-7274.Voicepack/bt_clips/464_After_you_complete_the_scan.wav,"{""primary_emotion"": ""neutral"", ""primary_score"": 0.0, ""confidence"": 0.0, ""secondary_emotion"": null, ""all_scores"": {}}",464,after you complete the scan,21,æ f t ɜːr   y aʊ   c ɒ m p l ɛ t ɛ   θ ɛ   s c æ n .,"{""mean_pitch_hz"": 412.24, ""pitch_range_hz"": 1079.3, ""mean_energy"": 0.0861, ""energy_range"": 0.2072, ""tempo_bpm"": 143.55, ""spectral_centroid"": 2198.45, ""spectral_rolloff"": 4011.05, ""duration_seconds"": 1.4}","{""pace"": ""normal"", ""volume"": ""normal"", ""pitch_variation"": ""low"", ""is_question"": false, ""has_pilot_address"": false, ""is_protocol"": false, ""is_acknowledgment"": false}",After you complete the scan.
BT-7274.Voicepack/bt_clips/465_Pilot_Cooper.wav,"{""primary_emotion"": ""neutral"", ""primary_score"": 0.0, ""confidence"": 0.0, ""secondary_emotion"": null, ""all_scores"": {}}",465,pilot cooper,10,p ɪ l ɒ t   c uː p ɜːr .,"{""mean_pitch_hz"": 523.5, ""pitch_range_hz"": 1262.36, ""mean_energy"": 0.1128, ""energy_range"": 0.2232, ""tempo_bpm"": 178.21, ""spectral_centroid"": 1595.74, ""spectral_rolloff"": 2852.35, ""duration_seconds"": 0.62}","{""pace"": ""normal"", ""volume"": ""normal"", ""pitch_variation"": ""low"", ""is_question"": false, ""has_pilot_address"": true, ""is_protocol"": false, ""is_acknowledgment"": false}",Pilot Cooper.
BT-7274.Voicepack/bt_clips/466_Scan_the_arc_and_record_its.wav,"{""primary_emotion"": ""neutral"", ""primary_score"": 0.0, ""confidence"": 0.0, ""secondary_emotion"": null, ""all_scores"": {}}",466,scan the arc and record its energy signature for the militia,42,s c æ n   θ ɛ   ɑːr c   æ n d   r ɛ c ɔːr d   ɪ t s   ɛ n ɜːr g y   s aɪn æ t ɜːr ɛ   f ɔːr   θ ɛ   m ɪ l ɪ t ɪ æ .,"{""mean_pitch_hz"": 166.59, ""pitch_range_hz"": 54.88, ""mean_energy"": 0.0777, ""energy_range"": 0.2919, ""tempo_bpm"": 136.0, ""spectral_centroid"": 2124.52, ""spectral_rolloff"": 3582.26, ""duration_seconds"": 3.22}","{""pace"": ""normal"", ""volume"": ""normal"", ""pitch_variation"": ""low"", ""is_question"": false, ""has_pilot_address"": false, ""is_protocol"": false, ""is_acknowledgment"": false}",Scan the arc and record its energy signature for the militia.
BT-7274.Voicepack/bt_clips/467_We_are_currently_in_the_past.wav,"{""primary_emotion"": ""neutral"", ""primary_score"": 0.0, ""confidence"": 0.0, ""secondary_emotion"": null, ""all_scores"": {}}",467,we are currently in the past,21,w ɛ   ɑːr ɛ   c ɜːr r ɛ n t l y   ɪ n   θ ɛ   p æ s t .,"{""mean_pitch_hz"": 371.76, ""pitch_range_hz"": 1245.53, ""mean_energy"": 0.1094, ""energy_range"": 0.2778, ""tempo_bpm"": 103.36, ""spectral_centroid"": 1563.81, ""spectral_rolloff"": 2464.74, ""duration_seconds"": 1.38}","{""pace"": ""normal"", ""volume"": ""normal"", ""pitch_variation"": ""low"", ""is_question"": false, ""has_pilot_address"": false, ""is_protocol"": false, ""is_acknowledgment"": false}",We are currently in the past.
BT-7274.Voicepack/bt_clips/468_If_we_can_deliver_the_scan.wav,"{""primary_emotion"": ""determined"", ""primary_score"": 0.8, ""confidence"": 0.1, ""secondary_emotion"": null, ""all_scores"": {""determined"": 0.8}}",468,if we can deliver the scan data to the fleet they will be able to track the arc in the present,66,"ɪ f   w ɛ   c æ n   d ɛ l ɪ v ɜːr   θ ɛ   s c æ n   d æ t æ   t ɒ   θ ɛ   f l iː t ,   θ eɪ   w ɪ l l   b ɛ   æ b l ɛ   t ɒ   t r æ k   θ ɛ   ɑːr c   ɪ n   θ ɛ   p r ɛ s ɛ n t .","{""mean_pitch_hz"": 252.43, ""pitch_range_hz"": 1172.94, ""mean_energy"": 0.0665, ""energy_range"": 0.2466, ""tempo_bpm"": 147.66, ""spectral_centroid"": 2242.37, ""spectral_rolloff"": 4126.77, ""duration_seconds"": 5.48}","{""pace"": ""normal"", ""volume"": ""normal"", ""pitch_variation"": ""low"", ""is_question"": false, ""has_pilot_address"": false, ""is_protocol"": false, ""is_acknowledgment"": false}","If we can deliver the scan data to the fleet, they will be able to track the arc in the present."
BT-7274.Voicepack/bt_clips/469_You_must_get_to_the_center.wav,"{""primary_emotion"": ""determined"", ""primary_score"": 0.8, ""confidence"": 0.1, ""secondary_emotion"": null, ""all_scores"": {""determined"": 0.8}}",469,you must get to the center of those rings across the bridge,43,y aʊ   m ʌ s t   g ɛ t   t ɒ   θ ɛ   c ɛ n t ɜːr   ɒ f   θ ɒ s ɛ   r ɪ ŋ s   æ c r ɒ s s   θ ɛ   b r ɪ d g ɛ .,"{""mean_pitch_hz"": 742.8, ""pitch_range_hz"": 1182.45, ""mean_energy"": 0.0676, ""energy_range"": 0.195, ""tempo_bpm"": 129.2, ""spectral_centroid"": 2292.65, ""spectral_rolloff"": 3894.47, ""duration_seconds"": 3.12}","{""pace"": ""normal"", ""volume"": ""normal"", ""pitch_variation"": ""low"", ""is_question"": false, ""has_pilot_address"": false, ""is_protocol"": false, ""is_acknowledgment"": false}",You must get to the center of those rings across the bridge.
BT-7274.Voicepack/bt_clips/470_No.wav,"{""primary_emotion"": ""neutral"", ""primary_score"": 0.0, ""confidence"": 0.0, ""secondary_emotion"": null, ""all_scores"": {}}",470,no,3,n ɒ .,"{""mean_pitch_hz"": 659.98, ""pitch_range_hz"": 1066.04, ""mean_energy"": 0.1135, ""energy_range"": 0.1536, ""tempo_bpm"": 136.0, ""spectral_centroid"": 1385.56, ""spectral_rolloff"": 2111.08, ""duration_seconds"": 0.3}","{""pace"": ""normal"", ""volume"": ""normal"", ""pitch_variation"": ""low"", ""is_question"": false, ""has_pilot_address"": false, ""is_protocol"": false, ""is_acknowledgment"": false}",No.
BT-7274.Voicepack/bt_clips/471_But_a_true_militia_pilot_takes.wav,"{""primary_emotion"": ""neutral"", ""primary_score"": 0.0, ""confidence"": 0.0, ""secondary_emotion"": null, ""all_scores"": {}}",471,but a true militia pilot takes risks for the welfare of others,47,b ʌ t   æ   t r ʌ ɛ   m ɪ l ɪ t ɪ æ   p ɪ l ɒ t   t æ k ɛ s   r ɪ s k s   f ɔːr   θ ɛ   w ɛ l f ɑːr ɛ   ɒ f   ɒ θ ɜːr s .,"{""mean_pitch_hz"": 258.88, ""pitch_range_hz"": 473.89, ""mean_energy"": 0.0858, ""energy_range"": 0.2505, ""tempo_bpm"": 90.67, ""spectral_centroid"": 2013.19, ""spectral_rolloff"": 3469.18, ""duration_seconds"": 3.42}","{""pace"": ""normal"", ""volume"": ""normal"", ""pitch_variation"": ""low"", ""is_question"": false, ""has_pilot_address"": true, ""is_protocol"": false, ""is_acknowledgment"": false}",But a true militia pilot takes risks for the welfare of others.
BT-7274.Voicepack/bt_clips/472_As_did_Major_Anderson_and_Captain.wav,"{""primary_emotion"": ""neutral"", ""primary_score"": 0.0, ""confidence"": 0.0, ""secondary_emotion"": null, ""all_scores"": {}}",472,as did major anderson and captain lestamosa before you,42,æ s   d ɪ d   m æ j ɔːr   æ n d ɜːr s ɒ n   æ n d   c æ p t eɪ n   l ɛ s t æ m ɒ s æ   b ɛ f ɔːr ɛ   y aʊ .,"{""mean_pitch_hz"": 381.12, ""pitch_range_hz"": 1180.74, ""mean_energy"": 0.0759, ""energy_range"": 0.1764, ""tempo_bpm"": 123.05, ""spectral_centroid"": 2064.7, ""spectral_rolloff"": 3846.87, ""duration_seconds"": 3.56}","{""pace"": ""normal"", ""volume"": ""normal"", ""pitch_variation"": ""low"", ""is_question"": false, ""has_pilot_address"": false, ""is_protocol"": false, ""is_acknowledgment"": false}",As did Major Anderson and Captain Lestamosa before you.
BT-7274.Voicepack/bt_clips/473_Pilot.wav,"{""primary_emotion"": ""neutral"", ""primary_score"": 0.0, ""confidence"": 0.0, ""secondary_emotion"": null, ""all_scores"": {}}",473,pilot,6,p ɪ l ɒ t .,"{""mean_pitch_hz"": 796.04, ""pitch_range_hz"": 1125.37, ""mean_energy"": 0.1277, ""energy_range"": 0.1427, ""tempo_bpm"": 139.67, ""spectral_centroid"": 1361.12, ""spectral_rolloff"": 2172.27, ""duration_seconds"": 0.28}","{""pace"": ""normal"", ""volume"": ""normal"", ""pitch_variation"": ""low"", ""is_question"": false, ""has_pilot_address"": true, ""is_protocol"": false, ""is_acknowledgment"": false}",Pilot.
BT-7274.Voicepack/bt_clips/474_The_rings_at_my_location_contain.wav,"{""primary_emotion"": ""neutral"", ""primary_score"": 0.0, ""confidence"": 0.0, ""secondary_emotion"": null, ""all_scores"": {}}",474,the rings at my location contain a large amount of residual energy,50,θ ɛ   r ɪ ŋ s   æ t   m y   l ɒ c æ t ɪ ɒ n   c ɒ n t eɪ n   æ   l ɑːr g ɛ   æ m aʊ n t   ɒ f   r ɛ s ɪ d ʌ æ l   ɛ n ɜːr g y .,"{""mean_pitch_hz"": 451.22, ""pitch_range_hz"": 854.6, ""mean_energy"": 0.0914, ""energy_range"": 0.2677, ""tempo_bpm"": 112.35, ""spectral_centroid"": 1558.43, ""spectral_rolloff"": 2728.74, ""duration_seconds"": 3.38}","{""pace"": ""normal"", ""volume"": ""normal"", ""pitch_variation"": ""low"", ""is_question"": false, ""has_pilot_address"": false, ""is_protocol"": false, ""is_acknowledgment"": false}",The rings at my location contain a large amount of residual energy.
BT-7274.Voicepack/bt_clips/475_This_was_the_arcs_final_destination.wav,"{""primary_emotion"": ""neutral"", ""primary_score"": 0.0, ""confidence"": 0.0, ""secondary_emotion"": null, ""all_scores"": {}}",475,this was the arcs final destination,28,θ ɪ s   w æ s   θ ɛ   ɑːr c s   f ɪ n æ l   d ɛ s t ɪ n æ t ɪ ɒ n .,"{""mean_pitch_hz"": 606.07, ""pitch_range_hz"": 1696.29, ""mean_energy"": 0.0969, ""energy_range"": 0.2082, ""tempo_bpm"": 126.05, ""spectral_centroid"": 2257.71, ""spectral_rolloff"": 3939.54, ""duration_seconds"": 1.68}","{""pace"": ""normal"", ""volume"": ""normal"", ""pitch_variation"": ""low"", ""is_question"": false, ""has_pilot_address"": false, ""is_protocol"": false, ""is_acknowledgment"": false}",This was the arc's final destination.
BT-7274.Voicepack/bt_clips/476_If_we_can_obtain_the_arcs.wav,"{""primary_emotion"": ""determined"", ""primary_score"": 0.8, ""confidence"": 0.1, ""secondary_emotion"": null, ""all_scores"": {""determined"": 0.8}}",476,if we can obtain the arcs energy signature the militia fleet will be able to track its current location in the present day,89,"ɪ f   w ɛ   c æ n   ɒ b t eɪ n   θ ɛ   ɑːr c s   ɛ n ɜːr g y   s aɪn æ t ɜːr ɛ ,   θ ɛ   m ɪ l ɪ t ɪ æ   f l iː t   w ɪ l l   b ɛ   æ b l ɛ   t ɒ   t r æ k   ɪ t s   c ɜːr r ɛ n t   l ɒ c æ t ɪ ɒ n   ɪ n   θ ɛ   p r ɛ s ɛ n t   d eɪ .","{""mean_pitch_hz"": 411.0, ""pitch_range_hz"": 872.77, ""mean_energy"": 0.0728, ""energy_range"": 0.294, ""tempo_bpm"": 126.05, ""spectral_centroid"": 1887.32, ""spectral_rolloff"": 3267.61, ""duration_seconds"": 6.16}","{""pace"": ""normal"", ""volume"": ""normal"", ""pitch_variation"": ""low"", ""is_question"": false, ""has_pilot_address"": false, ""is_protocol"": false, ""is_acknowledgment"": false}","If we can obtain the arc's energy signature, the militia fleet will be able to track its current location in the present day."
BT-7274.Voicepack/bt_clips/477_Andersons_plan_indicated_a_recon_mission.wav,"{""primary_emotion"": ""determined"", ""primary_score"": 0.8, ""confidence"": 0.1, ""secondary_emotion"": null, ""all_scores"": {""determined"": 0.8}}",477,andersons plan indicated a recon mission within close proximity to the center of the active rings,75,æ n d ɜːr s ɒ n s   p l æ n   aɪnd ɪ c æ t ɛ d   æ   r ɛ c ɒ n   m ɪ s s ɪ ɒ n   w ɪ θ ɪ n   c l ɒ s ɛ   p r ɒ x ɪ m ɪ t y   t ɒ   θ ɛ   c ɛ n t ɜːr   ɒ f   θ ɛ   æ c t ɪ v ɛ   r ɪ ŋ s .,"{""mean_pitch_hz"": 252.71, ""pitch_range_hz"": 936.07, ""mean_energy"": 0.0717, ""energy_range"": 0.2162, ""tempo_bpm"": 129.2, ""spectral_centroid"": 1923.92, ""spectral_rolloff"": 3383.95, ""duration_seconds"": 5.24}","{""pace"": ""normal"", ""volume"": ""normal"", ""pitch_variation"": ""low"", ""is_question"": false, ""has_pilot_address"": false, ""is_protocol"": false, ""is_acknowledgment"": false}",Anderson's plan indicated a recon mission within close proximity to the center of the active rings.
BT-7274.Voicepack/bt_clips/478_Pilot.wav,"{""primary_emotion"": ""neutral"", ""primary_score"": 0.0, ""confidence"": 0.0, ""secondary_emotion"": null, ""all_scores"": {}}",478,pilot,6,p ɪ l ɒ t .,"{""mean_pitch_hz"": 769.67, ""pitch_range_hz"": 1252.46, ""mean_energy"": 0.119, ""energy_range"": 0.2358, ""tempo_bpm"": 136.0, ""spectral_centroid"": 1436.66, ""spectral_rolloff"": 2240.28, ""duration_seconds"": 0.3}","{""pace"": ""normal"", ""volume"": ""normal"", ""pitch_variation"": ""low"", ""is_question"": false, ""has_pilot_address"": true, ""is_protocol"": false, ""is_acknowledgment"": false}",Pilot.
BT-7274.Voicepack/bt_clips/479_I_recommend_you_meet_me_at.wav,"{""primary_emotion"": ""commanding"", ""primary_score"": 0.9, ""confidence"": 0.11, ""secondary_emotion"": null, ""all_scores"": {""commanding"": 0.9}}",479,i recommend you meet me at the rings in order to scan the arcs energy signature,53,ɪ   r ɛ c ɒ m m ɛ n d   y aʊ   m iː t   m ɛ   æ t   θ ɛ   r ɪ ŋ s   ɪ n   ɔːr d ɜːr   t ɒ   s c æ n   θ ɛ   ɑːr c s   ɛ n ɜːr g y   s aɪn æ t ɜːr ɛ .,"{""mean_pitch_hz"": 381.31, ""pitch_range_hz"": 1145.25, ""mean_energy"": 0.0737, ""energy_range"": 0.232, ""tempo_bpm"": 139.67, ""spectral_centroid"": 1970.01, ""spectral_rolloff"": 3275.66, ""duration_seconds"": 3.82}","{""pace"": ""fast"", ""volume"": ""loud"", ""pitch_variation"": ""normal"", ""is_question"": false, ""has_pilot_address"": false, ""is_protocol"": false, ""is_acknowledgment"": false}",I recommend you meet me at the rings in order to scan the arc's energy signature.
BT-7274.Voicepack/bt_clips/480_That_was_Major_Andersons_final_recording.wav,"{""primary_emotion"": ""neutral"", ""primary_score"": 0.0, ""confidence"": 0.0, ""secondary_emotion"": null, ""all_scores"": {}}",480,that was major andersons final recording,31,θ æ t   w æ s   m æ j ɔːr   æ n d ɜːr s ɒ n s   f ɪ n æ l   r ɛ c ɔːr d ɪ ŋ .,"{""mean_pitch_hz"": 477.03, ""pitch_range_hz"": 1237.18, ""mean_energy"": 0.0783, ""energy_range"": 0.1674, ""tempo_bpm"": 126.05, ""spectral_centroid"": 1866.03, ""spectral_rolloff"": 3078.41, ""duration_seconds"": 2.08}","{""pace"": ""normal"", ""volume"": ""normal"", ""pitch_variation"": ""low"", ""is_question"": false, ""has_pilot_address"": false, ""is_protocol"": false, ""is_acknowledgment"": false}",That was Major Anderson's final recording.
BT-7274.Voicepack/bt_clips/481_Cooper.wav,"{""primary_emotion"": ""neutral"", ""primary_score"": 0.0, ""confidence"": 0.0, ""secondary_emotion"": null, ""all_scores"": {}}",481,cooper,5,c uː p ɜːr .,"{""mean_pitch_hz"": 250.21, ""pitch_range_hz"": 118.21, ""mean_energy"": 0.1213, ""energy_range"": 0.2314, ""tempo_bpm"": 136.0, ""spectral_centroid"": 1379.2, ""spectral_rolloff"": 2559.64, ""duration_seconds"": 0.26}","{""pace"": ""normal"", ""volume"": ""normal"", ""pitch_variation"": ""low"", ""is_question"": false, ""has_pilot_address"": false, ""is_protocol"": false, ""is_acknowledgment"": false}",Cooper.
BT-7274.Voicepack/bt_clips/482_Based_on_your_recon_of_this.wav,"{""primary_emotion"": ""neutral"", ""primary_score"": 0.0, ""confidence"": 0.0, ""secondary_emotion"": null, ""all_scores"": {}}",482,based on your recon of this facility i may have a plan,42,"b æ s ɛ d   ɒ n   y aʊ r   r ɛ c ɒ n   ɒ f   θ ɪ s   f æ c ɪ l ɪ t y ,   ɪ   m eɪ   h æ v ɛ   æ   p l æ n .","{""mean_pitch_hz"": 334.0, ""pitch_range_hz"": 919.8, ""mean_energy"": 0.084, ""energy_range"": 0.2545, ""tempo_bpm"": 105.47, ""spectral_centroid"": 1854.71, ""spectral_rolloff"": 3171.88, ""duration_seconds"": 2.96}","{""pace"": ""normal"", ""volume"": ""normal"", ""pitch_variation"": ""low"", ""is_question"": false, ""has_pilot_address"": false, ""is_protocol"": false, ""is_acknowledgment"": false}","Based on your recon of this facility, I may have a plan."
BT-7274.Voicepack/bt_clips/483_Meet_me_outside.wav,"{""primary_emotion"": ""neutral"", ""primary_score"": 0.0, ""confidence"": 0.0, ""secondary_emotion"": null, ""all_scores"": {}}",483,meet me outside,12,m iː t   m ɛ   aʊ t s ɪ d ɛ .,"{""mean_pitch_hz"": 469.34, ""pitch_range_hz"": 1111.05, ""mean_energy"": 0.0593, ""energy_range"": 0.2043, ""tempo_bpm"": 129.2, ""spectral_centroid"": 2140.91, ""spectral_rolloff"": 3868.48, ""duration_seconds"": 1.3}","{""pace"": ""normal"", ""volume"": ""normal"", ""pitch_variation"": ""low"", ""is_question"": false, ""has_pilot_address"": false, ""is_protocol"": false, ""is_acknowledgment"": false}",Meet me outside.
BT-7274.Voicepack/bt_clips/484_I_will_work_on_it.wav,"{""primary_emotion"": ""determined"", ""primary_score"": 0.8, ""confidence"": 0.1, ""secondary_emotion"": null, ""all_scores"": {""determined"": 0.8}}",484,i will work on it,13,ɪ   w ɪ l l   w ɔːr k   ɒ n   ɪ t .,"{""mean_pitch_hz"": 378.9, ""pitch_range_hz"": 5.16, ""mean_energy"": 0.0712, ""energy_range"": 0.2454, ""tempo_bpm"": 126.05, ""spectral_centroid"": 1872.37, ""spectral_rolloff"": 3518.42, ""duration_seconds"": 0.94}","{""pace"": ""normal"", ""volume"": ""normal"", ""pitch_variation"": ""low"", ""is_question"": false, ""has_pilot_address"": false, ""is_protocol"": false, ""is_acknowledgment"": false}",I will work on it.
BT-7274.Voicepack/bt_clips/485_Tactical_recommendation.wav,"{""primary_emotion"": ""neutral"", ""primary_score"": 0.0, ""confidence"": 0.0, ""secondary_emotion"": null, ""all_scores"": {}}",485,tactical recommendation,23,t æ c t ɪ c æ l   r ɛ c ɒ m m ɛ n d æ t ɪ ɒ n .,"{""mean_pitch_hz"": 520.22, ""pitch_range_hz"": 1615.06, ""mean_energy"": 0.1158, ""energy_range"": 0.2074, ""tempo_bpm"": 129.2, ""spectral_centroid"": 1651.72, ""spectral_rolloff"": 2701.8, ""duration_seconds"": 1.0}","{""pace"": ""normal"", ""volume"": ""normal"", ""pitch_variation"": ""low"", ""is_question"": false, ""has_pilot_address"": false, ""is_protocol"": false, ""is_acknowledgment"": false}",Tactical recommendation.
BT-7274.Voicepack/bt_clips/486_Pilot_should_embark_the_Titan_against.wav,"{""primary_emotion"": ""neutral"", ""primary_score"": 0.0, ""confidence"": 0.0, ""secondary_emotion"": null, ""all_scores"": {}}",486,pilot should embark the titan against overwhelming hostile forces,49,p ɪ l ɒ t   ʃ aʊ l d   ɛ m b ɑːr k   θ ɛ   t ɪ t æ n   æ g eɪ n s t   ɒ v ɜːr w ɛ l m ɪ ŋ   h ɒ s t ɪ l ɛ   f ɔːr c ɛ s .,"{""mean_pitch_hz"": 547.1, ""pitch_range_hz"": 983.62, ""mean_energy"": 0.0698, ""energy_range"": 0.1735, ""tempo_bpm"": 129.2, ""spectral_centroid"": 2074.54, ""spectral_rolloff"": 3531.38, ""duration_seconds"": 3.62}","{""pace"": ""normal"", ""volume"": ""normal"", ""pitch_variation"": ""low"", ""is_question"": false, ""has_pilot_address"": true, ""is_protocol"": false, ""is_acknowledgment"": false}",Pilot should embark the Titan against overwhelming hostile forces.
BT-7274.Voicepack/bt_clips/487_Hypothesis.wav,"{""primary_emotion"": ""neutral"", ""primary_score"": 0.0, ""confidence"": 0.0, ""secondary_emotion"": null, ""all_scores"": {}}",487,hypothesis,10,h y p ɒ θ ɛ s ɪ s .,"{""mean_pitch_hz"": 1042.43, ""pitch_range_hz"": 80.87, ""mean_energy"": 0.0778, ""energy_range"": 0.1831, ""tempo_bpm"": 136.0, ""spectral_centroid"": 3036.26, ""spectral_rolloff"": 5257.0, ""duration_seconds"": 0.6}","{""pace"": ""normal"", ""volume"": ""normal"", ""pitch_variation"": ""low"", ""is_question"": false, ""has_pilot_address"": false, ""is_protocol"": false, ""is_acknowledgment"": false}",Hypothesis.
BT-7274.Voicepack/bt_clips/488_The_time_traversal_device_may_work.wav,"{""primary_emotion"": ""neutral"", ""primary_score"": 0.0, ""confidence"": 0.0, ""secondary_emotion"": null, ""all_scores"": {}}",488,the time traversal device may work to transport my chassis to the past as well,58,θ ɛ   t ɪ m ɛ   t r æ v ɜːr s æ l   d ɛ v ɪ c ɛ   m eɪ   w ɔːr k   t ɒ   t r æ n s p ɔːr t   m y   tʃ æ s s ɪ s   t ɒ   θ ɛ   p æ s t   æ s   w ɛ l l .,"{""mean_pitch_hz"": 609.51, ""pitch_range_hz"": 919.56, ""mean_energy"": 0.0769, ""energy_range"": 0.2031, ""tempo_bpm"": 123.05, ""spectral_centroid"": 2079.13, ""spectral_rolloff"": 3494.92, ""duration_seconds"": 4.2}","{""pace"": ""normal"", ""volume"": ""normal"", ""pitch_variation"": ""low"", ""is_question"": false, ""has_pilot_address"": false, ""is_protocol"": false, ""is_acknowledgment"": false}",The time traversal device may work to transport my chassis to the past as well.
BT-7274.Voicepack/bt_clips/489_You_must_get_to_the_center.wav,"{""primary_emotion"": ""determined"", ""primary_score"": 0.8, ""confidence"": 0.1, ""secondary_emotion"": null, ""all_scores"": {""determined"": 0.8}}",489,you must get to the center of those rings,29,y aʊ   m ʌ s t   g ɛ t   t ɒ   θ ɛ   c ɛ n t ɜːr   ɒ f   θ ɒ s ɛ   r ɪ ŋ s .,"{""mean_pitch_hz"": 410.65, ""pitch_range_hz"": 845.21, ""mean_energy"": 0.0797, ""energy_range"": 0.1987, ""tempo_bpm"": 126.05, ""spectral_centroid"": 2202.94, ""spectral_rolloff"": 3814.27, ""duration_seconds"": 1.98}","{""pace"": ""normal"", ""volume"": ""normal"", ""pitch_variation"": ""low"", ""is_question"": false, ""has_pilot_address"": false, ""is_protocol"": false, ""is_acknowledgment"": false}",You must get to the center of those rings.
BT-7274.Voicepack/bt_clips/490_Cross_the_bridge.wav,"{""primary_emotion"": ""neutral"", ""primary_score"": 0.0, ""confidence"": 0.0, ""secondary_emotion"": null, ""all_scores"": {}}",490,cross the bridge,14,c r ɒ s s   θ ɛ   b r ɪ d g ɛ .,"{""mean_pitch_hz"": 904.48, ""pitch_range_hz"": 202.71, ""mean_energy"": 0.0721, ""energy_range"": 0.1877, ""tempo_bpm"": 139.67, ""spectral_centroid"": 2053.35, ""spectral_rolloff"": 3318.54, ""duration_seconds"": 0.82}","{""pace"": ""normal"", ""volume"": ""normal"", ""pitch_variation"": ""low"", ""is_question"": false, ""has_pilot_address"": false, ""is_protocol"": false, ""is_acknowledgment"": false}",Cross the bridge.
BT-7274.Voicepack/bt_clips/491_Pilot.wav,"{""primary_emotion"": ""neutral"", ""primary_score"": 0.0, ""confidence"": 0.0, ""secondary_emotion"": null, ""all_scores"": {}}",491,pilot,6,p ɪ l ɒ t .,"{""mean_pitch_hz"": 766.46, ""pitch_range_hz"": 1260.42, ""mean_energy"": 0.1196, ""energy_range"": 0.2207, ""tempo_bpm"": 139.67, ""spectral_centroid"": 1600.17, ""spectral_rolloff"": 2502.16, ""duration_seconds"": 0.28}","{""pace"": ""normal"", ""volume"": ""normal"", ""pitch_variation"": ""low"", ""is_question"": false, ""has_pilot_address"": true, ""is_protocol"": false, ""is_acknowledgment"": false}",Pilot.
BT-7274.Voicepack/bt_clips/492_Major_Anderson_is_here.wav,"{""primary_emotion"": ""neutral"", ""primary_score"": 0.0, ""confidence"": 0.0, ""secondary_emotion"": null, ""all_scores"": {}}",492,major anderson is here,17,m æ j ɔːr   æ n d ɜːr s ɒ n   ɪ s   h ɜːr ɛ .,"{""mean_pitch_hz"": 785.34, ""pitch_range_hz"": 1974.83, ""mean_energy"": 0.0862, ""energy_range"": 0.1647, ""tempo_bpm"": 136.0, ""spectral_centroid"": 2302.83, ""spectral_rolloff"": 3850.43, ""duration_seconds"": 1.18}","{""pace"": ""normal"", ""volume"": ""normal"", ""pitch_variation"": ""low"", ""is_question"": false, ""has_pilot_address"": false, ""is_protocol"": false, ""is_acknowledgment"": false}",Major Anderson is here.
BT-7274.Voicepack/bt_clips/493_Investigate_this_facility.wav,"{""primary_emotion"": ""neutral"", ""primary_score"": 0.0, ""confidence"": 0.0, ""secondary_emotion"": null, ""all_scores"": {}}",493,investigate this facility,23,ɪ n v ɛ s t ɪ g æ t ɛ   θ ɪ s   f æ c ɪ l ɪ t y .,"{""mean_pitch_hz"": 433.43, ""pitch_range_hz"": 1774.78, ""mean_energy"": 0.0688, ""energy_range"": 0.1645, ""tempo_bpm"": 120.19, ""spectral_centroid"": 2829.97, ""spectral_rolloff"": 5242.54, ""duration_seconds"": 1.1}","{""pace"": ""normal"", ""volume"": ""normal"", ""pitch_variation"": ""low"", ""is_question"": false, ""has_pilot_address"": false, ""is_protocol"": false, ""is_acknowledgment"": false}",Investigate this facility.
BT-7274.Voicepack/bt_clips/494_I_will_meet_you_on_the.wav,"{""primary_emotion"": ""determined"", ""primary_score"": 0.8, ""confidence"": 0.1, ""secondary_emotion"": null, ""all_scores"": {""determined"": 0.8}}",494,i will meet you on the other side,22,ɪ   w ɪ l l   m iː t   y aʊ   ɒ n   θ ɛ   ɒ θ ɜːr   s ɪ d ɛ .,"{""mean_pitch_hz"": 694.11, ""pitch_range_hz"": 1254.88, ""mean_energy"": 0.066, ""energy_range"": 0.1255, ""tempo_bpm"": 132.51, ""spectral_centroid"": 1784.32, ""spectral_rolloff"": 3128.0, ""duration_seconds"": 1.44}","{""pace"": ""normal"", ""volume"": ""normal"", ""pitch_variation"": ""low"", ""is_question"": false, ""has_pilot_address"": false, ""is_protocol"": false, ""is_acknowledgment"": false}",I will meet you on the other side.
BT-7274.Voicepack/bt_clips/495_Major_Anderson_is_here.wav,"{""primary_emotion"": ""neutral"", ""primary_score"": 0.0, ""confidence"": 0.0, ""secondary_emotion"": null, ""all_scores"": {}}",495,major anderson is here,17,m æ j ɔːr   æ n d ɜːr s ɒ n   ɪ s   h ɜːr ɛ .,"{""mean_pitch_hz"": 391.44, ""pitch_range_hz"": 10.04, ""mean_energy"": 0.0791, ""energy_range"": 0.1777, ""tempo_bpm"": 112.35, ""spectral_centroid"": 2243.25, ""spectral_rolloff"": 3692.65, ""duration_seconds"": 1.26}","{""pace"": ""normal"", ""volume"": ""normal"", ""pitch_variation"": ""low"", ""is_question"": false, ""has_pilot_address"": false, ""is_protocol"": false, ""is_acknowledgment"": false}",Major Anderson is here.
BT-7274.Voicepack/bt_clips/496_In_order_to_find_him_we.wav,"{""primary_emotion"": ""commanding"", ""primary_score"": 0.9, ""confidence"": 0.11, ""secondary_emotion"": null, ""all_scores"": {""commanding"": 0.9}}",496,in order to find him we should search this complex,34,"ɪ n   ɔːr d ɜːr   t ɒ   f aɪnd   h ɪ m ,   w ɛ   ʃ aʊ l d   s iː r tʃ   θ ɪ s   c ɒ m p l ɛ x .","{""mean_pitch_hz"": 466.13, ""pitch_range_hz"": 850.79, ""mean_energy"": 0.0666, ""energy_range"": 0.1958, ""tempo_bpm"": 152.0, ""spectral_centroid"": 2187.93, ""spectral_rolloff"": 3679.93, ""duration_seconds"": 2.44}","{""pace"": ""fast"", ""volume"": ""loud"", ""pitch_variation"": ""normal"", ""is_question"": false, ""has_pilot_address"": false, ""is_protocol"": false, ""is_acknowledgment"": false}","In order to find him, we should search this complex."
BT-7274.Voicepack/bt_clips/497_I_will_meet_you_on_the.wav,"{""primary_emotion"": ""determined"", ""primary_score"": 0.8, ""confidence"": 0.1, ""secondary_emotion"": null, ""all_scores"": {""determined"": 0.8}}",497,i will meet you on the other side,22,ɪ   w ɪ l l   m iː t   y aʊ   ɒ n   θ ɛ   ɒ θ ɜːr   s ɪ d ɛ .,"{""mean_pitch_hz"": 401.49, ""pitch_range_hz"": 896.84, ""mean_energy"": 0.0583, ""energy_range"": 0.1447, ""tempo_bpm"": 129.2, ""spectral_centroid"": 2389.25, ""spectral_rolloff"": 4252.17, ""duration_seconds"": 2.14}","{""pace"": ""normal"", ""volume"": ""normal"", ""pitch_variation"": ""low"", ""is_question"": false, ""has_pilot_address"": false, ""is_protocol"": false, ""is_acknowledgment"": false}",I will meet you on the other side.
BT-7274.Voicepack/bt_clips/498_We_should_investigate_this_facility.wav,"{""primary_emotion"": ""neutral"", ""primary_score"": 0.0, ""confidence"": 0.0, ""secondary_emotion"": null, ""all_scores"": {}}",498,we should investigate this facility,29,w ɛ   ʃ aʊ l d   ɪ n v ɛ s t ɪ g æ t ɛ   θ ɪ s   f æ c ɪ l ɪ t y .,"{""mean_pitch_hz"": 409.88, ""pitch_range_hz"": 2291.76, ""mean_energy"": 0.0757, ""energy_range"": 0.1757, ""tempo_bpm"": 152.0, ""spectral_centroid"": 2610.79, ""spectral_rolloff"": 4992.67, ""duration_seconds"": 1.56}","{""pace"": ""normal"", ""volume"": ""normal"", ""pitch_variation"": ""low"", ""is_question"": false, ""has_pilot_address"": false, ""is_protocol"": false, ""is_acknowledgment"": false}",We should investigate this facility.
BT-7274.Voicepack/bt_clips/499_I_will_meet_you_on_the.wav,"{""primary_emotion"": ""determined"", ""primary_score"": 0.8, ""confidence"": 0.1, ""secondary_emotion"": null, ""all_scores"": {""determined"": 0.8}}",499,i will meet you on the other side,22,ɪ   w ɪ l l   m iː t   y aʊ   ɒ n   θ ɛ   ɒ θ ɜːr   s ɪ d ɛ .,"{""mean_pitch_hz"": 506.95, ""pitch_range_hz"": 1358.31, ""mean_energy"": 0.0708, ""energy_range"": 0.0886, ""tempo_bpm"": 132.51, ""spectral_centroid"": 1830.26, ""spectral_rolloff"": 3374.49, ""duration_seconds"": 1.48}","{""pace"": ""normal"", ""volume"": ""normal"", ""pitch_variation"": ""low"", ""is_question"": false, ""has_pilot_address"": false, ""is_protocol"": false, ""is_acknowledgment"": false}",I will meet you on the other side.
BT-7274.Voicepack/bt_clips/500_You_too_pilot.wav,"{""primary_emotion"": ""neutral"", ""primary_score"": 0.0, ""confidence"": 0.0, ""secondary_emotion"": null, ""all_scores"": {}}",500,you too pilot,11,"y aʊ   t uː ,   p ɪ l ɒ t .","{""mean_pitch_hz"": 268.95, ""pitch_range_hz"": 547.37, ""mean_energy"": 0.0581, ""energy_range"": 0.0922, ""tempo_bpm"": 126.05, ""spectral_centroid"": 1776.04, ""spectral_rolloff"": 3047.5, ""duration_seconds"": 0.68}","{""pace"": ""normal"", ""volume"": ""normal"", ""pitch_variation"": ""low"", ""is_question"": false, ""has_pilot_address"": true, ""is_protocol"": false, ""is_acknowledgment"": false}","You too, pilot."
BT-7274.Voicepack/bt_clips/501_I_will_avoid_all_shortcuts.wav,"{""primary_emotion"": ""determined"", ""primary_score"": 0.8, ""confidence"": 0.1, ""secondary_emotion"": null, ""all_scores"": {""determined"": 0.8}}",501,i will avoid all shortcuts,20,ɪ   w ɪ l l   æ v ɔɪ d   æ l l   ʃ ɔːr t c ʌ t s .,"{""mean_pitch_hz"": 665.72, ""pitch_range_hz"": 875.46, ""mean_energy"": 0.0587, ""energy_range"": 0.1187, ""tempo_bpm"": 107.67, ""spectral_centroid"": 1841.19, ""spectral_rolloff"": 3045.72, ""duration_seconds"": 1.62}","{""pace"": ""normal"", ""volume"": ""normal"", ""pitch_variation"": ""low"", ""is_question"": false, ""has_pilot_address"": false, ""is_protocol"": false, ""is_acknowledgment"": false}",I will avoid all shortcuts.
BT-7274.Voicepack/bt_clips/502_Agreed.wav,"{""primary_emotion"": ""neutral"", ""primary_score"": 0.0, ""confidence"": 0.0, ""secondary_emotion"": null, ""all_scores"": {}}",502,agreed,6,æ g r iː d .,"{""mean_pitch_hz"": 517.52, ""pitch_range_hz"": 1795.93, ""mean_energy"": 0.0679, ""energy_range"": 0.0938, ""tempo_bpm"": 139.67, ""spectral_centroid"": 1878.02, ""spectral_rolloff"": 2906.98, ""duration_seconds"": 0.42}","{""pace"": ""normal"", ""volume"": ""normal"", ""pitch_variation"": ""low"", ""is_question"": false, ""has_pilot_address"": false, ""is_protocol"": false, ""is_acknowledgment"": false}",Agreed.
BT-7274.Voicepack/bt_clips/503_However_close_quarters_recon_is_the.wav,"{""primary_emotion"": ""questioning"", ""primary_score"": 0.6, ""confidence"": 0.07, ""secondary_emotion"": null, ""all_scores"": {""questioning"": 0.6}}",503,however close quarters recon is the sole domain of the pilot,45,"h oʊ ɛ v ɜːr ,   c l ɒ s ɛ   q ʌ ɑːr t ɜːr s   r ɛ c ɒ n   ɪ s   θ ɛ   s ɒ l ɛ   d ɒ m eɪ n   ɒ f   θ ɛ   p ɪ l ɒ t .","{""mean_pitch_hz"": 513.05, ""pitch_range_hz"": 1110.48, ""mean_energy"": 0.0734, ""energy_range"": 0.2053, ""tempo_bpm"": 109.96, ""spectral_centroid"": 2057.63, ""spectral_rolloff"": 3610.98, ""duration_seconds"": 3.56}","{""pace"": ""normal"", ""volume"": ""normal"", ""pitch_variation"": ""high"", ""is_question"": false, ""has_pilot_address"": true, ""is_protocol"": false, ""is_acknowledgment"": false}","However, close quarters recon is the sole domain of the pilot."
BT-7274.Voicepack/bt_clips/504_Proceed_with_caution.wav,"{""primary_emotion"": ""commanding"", ""primary_score"": 0.9, ""confidence"": 0.11, ""secondary_emotion"": ""cautious"", ""all_scores"": {""commanding"": 0.9, ""cautious"": 0.8}}",504,proceed with caution,16,p r ɒ c iː d   w ɪ θ   c ɔː t ɪ ɒ n .,"{""mean_pitch_hz"": 699.46, ""pitch_range_hz"": 1826.0, ""mean_energy"": 0.0777, ""energy_range"": 0.1451, ""tempo_bpm"": 172.27, ""spectral_centroid"": 2638.65, ""spectral_rolloff"": 4704.73, ""duration_seconds"": 0.9}","{""pace"": ""fast"", ""volume"": ""loud"", ""pitch_variation"": ""normal"", ""is_question"": false, ""has_pilot_address"": false, ""is_protocol"": false, ""is_acknowledgment"": false}",Proceed with caution.
BT-7274.Voicepack/bt_clips/505_Agreed.wav,"{""primary_emotion"": ""neutral"", ""primary_score"": 0.0, ""confidence"": 0.0, ""secondary_emotion"": null, ""all_scores"": {}}",505,agreed,6,æ g r iː d .,"{""mean_pitch_hz"": 436.33, ""pitch_range_hz"": 1295.41, ""mean_energy"": 0.053, ""energy_range"": 0.0964, ""tempo_bpm"": 139.67, ""spectral_centroid"": 1988.65, ""spectral_rolloff"": 3715.02, ""duration_seconds"": 0.46}","{""pace"": ""normal"", ""volume"": ""normal"", ""pitch_variation"": ""low"", ""is_question"": false, ""has_pilot_address"": false, ""is_protocol"": false, ""is_acknowledgment"": false}",Agreed.
BT-7274.Voicepack/bt_clips/506_Titans_were_not_built_for_stealth.wav,"{""primary_emotion"": ""neutral"", ""primary_score"": 0.0, ""confidence"": 0.0, ""secondary_emotion"": null, ""all_scores"": {}}",506,titans were not built for stealth,25,t ɪ t æ n s   w ɜːr ɛ   n ɒ t   b ʌ ɪ l t   f ɔːr   s t iː l θ .,"{""mean_pitch_hz"": 520.67, ""pitch_range_hz"": 973.32, ""mean_energy"": 0.0814, ""energy_range"": 0.2031, ""tempo_bpm"": 114.84, ""spectral_centroid"": 2517.95, ""spectral_rolloff"": 4381.85, ""duration_seconds"": 1.62}","{""pace"": ""normal"", ""volume"": ""normal"", ""pitch_variation"": ""low"", ""is_question"": false, ""has_pilot_address"": false, ""is_protocol"": false, ""is_acknowledgment"": false}",Titans were not built for stealth.
BT-7274.Voicepack/bt_clips/507_Interesting.wav,"{""primary_emotion"": ""neutral"", ""primary_score"": 0.0, ""confidence"": 0.0, ""secondary_emotion"": null, ""all_scores"": {}}",507,interesting,10,ɪ n t ɜːr ɛ s t ɪ ŋ .,"{""mean_pitch_hz"": 203.91, ""pitch_range_hz"": 24.01, ""mean_energy"": 0.1147, ""energy_range"": 0.2309, ""tempo_bpm"": 139.67, ""spectral_centroid"": 2683.56, ""spectral_rolloff"": 4958.02, ""duration_seconds"": 0.36}","{""pace"": ""normal"", ""volume"": ""normal"", ""pitch_variation"": ""low"", ""is_question"": false, ""has_pilot_address"": false, ""is_protocol"": false, ""is_acknowledgment"": false}",Interesting.
BT-7274.Voicepack/bt_clips/508_Im_detecting_traces_of_a_massive.wav,"{""primary_emotion"": ""neutral"", ""primary_score"": 0.0, ""confidence"": 0.0, ""secondary_emotion"": null, ""all_scores"": {}}",508,im detecting traces of a massive energy explosion throughout this facility,57,ɪ m   d ɛ t ɛ c t ɪ ŋ   t r æ c ɛ s   ɒ f   æ   m æ s s ɪ v ɛ   ɛ n ɜːr g y   ɛ x p l ɒ s ɪ ɒ n   θ r oʊ aʊ t   θ ɪ s   f æ c ɪ l ɪ t y .,"{""mean_pitch_hz"": 325.38, ""pitch_range_hz"": 1244.11, ""mean_energy"": 0.0673, ""energy_range"": 0.2018, ""tempo_bpm"": 114.84, ""spectral_centroid"": 2285.61, ""spectral_rolloff"": 4112.95, ""duration_seconds"": 4.44}","{""pace"": ""normal"", ""volume"": ""normal"", ""pitch_variation"": ""low"", ""is_question"": false, ""has_pilot_address"": false, ""is_protocol"": false, ""is_acknowledgment"": false}",I'm detecting traces of a massive energy explosion throughout this facility.
BT-7274.Voicepack/bt_clips/509_However_your_helmet_data_does_not.wav,"{""primary_emotion"": ""questioning"", ""primary_score"": 0.6, ""confidence"": 0.07, ""secondary_emotion"": null, ""all_scores"": {""questioning"": 0.6}}",509,however your helmet data does not detect the same in the other timeline,54,"h oʊ ɛ v ɜːr ,   y aʊ r   h ɛ l m ɛ t   d æ t æ   d ɒ ɛ s   n ɒ t   d ɛ t ɛ c t   θ ɛ   s æ m ɛ   ɪ n   θ ɛ   ɒ θ ɜːr   t ɪ m ɛ l ɪ n ɛ .","{""mean_pitch_hz"": 450.19, ""pitch_range_hz"": 1181.99, ""mean_energy"": 0.0758, ""energy_range"": 0.2542, ""tempo_bpm"": 109.96, ""spectral_centroid"": 1685.31, ""spectral_rolloff"": 2797.34, ""duration_seconds"": 3.66}","{""pace"": ""normal"", ""volume"": ""normal"", ""pitch_variation"": ""high"", ""is_question"": false, ""has_pilot_address"": false, ""is_protocol"": false, ""is_acknowledgment"": false}","However, your helmet data does not detect the same in the other timeline."
BT-7274.Voicepack/bt_clips/510_Something_has_shattered_the_nature_of.wav,"{""primary_emotion"": ""neutral"", ""primary_score"": 0.0, ""confidence"": 0.0, ""secondary_emotion"": null, ""all_scores"": {}}",510,something has shattered the nature of time at this facility,44,s ɒ m ɛ θ ɪ ŋ   h æ s   ʃ æ t t ɜːr ɛ d   θ ɛ   n æ t ɜːr ɛ   ɒ f   t ɪ m ɛ   æ t   θ ɪ s   f æ c ɪ l ɪ t y .,"{""mean_pitch_hz"": 544.92, ""pitch_range_hz"": 1863.78, ""mean_energy"": 0.0902, ""energy_range"": 0.2314, ""tempo_bpm"": 120.19, ""spectral_centroid"": 2057.18, ""spectral_rolloff"": 3471.56, ""duration_seconds"": 2.7}","{""pace"": ""normal"", ""volume"": ""normal"", ""pitch_variation"": ""low"", ""is_question"": false, ""has_pilot_address"": false, ""is_protocol"": false, ""is_acknowledgment"": false}",Something has shattered the nature of time at this facility.
BT-7274.Voicepack/bt_clips/511_None_of_these_remains_match_the.wav,"{""primary_emotion"": ""neutral"", ""primary_score"": 0.0, ""confidence"": 0.0, ""secondary_emotion"": null, ""all_scores"": {}}",511,none of these remains match the genetic profile of major anderson,50,n ɒ n ɛ   ɒ f   θ ɛ s ɛ   r ɛ m eɪ n s   m æ t tʃ   θ ɛ   g ɛ n ɛ t ɪ c   p r ɒ f ɪ l ɛ   ɒ f   m æ j ɔːr   æ n d ɜːr s ɒ n .,"{""mean_pitch_hz"": 233.72, ""pitch_range_hz"": 1370.92, ""mean_energy"": 0.0771, ""energy_range"": 0.2056, ""tempo_bpm"": 143.55, ""spectral_centroid"": 2073.38, ""spectral_rolloff"": 3604.66, ""duration_seconds"": 3.36}","{""pace"": ""normal"", ""volume"": ""normal"", ""pitch_variation"": ""low"", ""is_question"": false, ""has_pilot_address"": false, ""is_protocol"": false, ""is_acknowledgment"": false}",None of these remains match the genetic profile of Major Anderson.
BT-7274.Voicepack/bt_clips/512_He_may_still_be_alive.wav,"{""primary_emotion"": ""neutral"", ""primary_score"": 0.0, ""confidence"": 0.0, ""secondary_emotion"": null, ""all_scores"": {}}",512,he may still be alive,17,h ɛ   m eɪ   s t ɪ l l   b ɛ   æ l ɪ v ɛ .,"{""mean_pitch_hz"": 354.04, ""pitch_range_hz"": 288.51, ""mean_energy"": 0.0625, ""energy_range"": 0.1481, ""tempo_bpm"": 136.0, ""spectral_centroid"": 2175.48, ""spectral_rolloff"": 3797.27, ""duration_seconds"": 1.34}","{""pace"": ""normal"", ""volume"": ""normal"", ""pitch_variation"": ""low"", ""is_question"": false, ""has_pilot_address"": false, ""is_protocol"": false, ""is_acknowledgment"": false}",He may still be alive.
BT-7274.Voicepack/bt_clips/513_The_large_rings_within_the_main.wav,"{""primary_emotion"": ""neutral"", ""primary_score"": 0.0, ""confidence"": 0.0, ""secondary_emotion"": null, ""all_scores"": {}}",513,the large rings within the main campus are not an imc technology,46,θ ɛ   l ɑːr g ɛ   r ɪ ŋ s   w ɪ θ ɪ n   θ ɛ   m eɪ n   c æ m p ʌ s   ɑːr ɛ   n ɒ t   æ n   ɪ m c   t ɛ tʃ n ɒ l ɒ g y .,"{""mean_pitch_hz"": 580.14, ""pitch_range_hz"": 1042.2, ""mean_energy"": 0.0844, ""energy_range"": 0.1573, ""tempo_bpm"": 117.45, ""spectral_centroid"": 1801.59, ""spectral_rolloff"": 3007.28, ""duration_seconds"": 3.56}","{""pace"": ""normal"", ""volume"": ""normal"", ""pitch_variation"": ""low"", ""is_question"": false, ""has_pilot_address"": false, ""is_protocol"": false, ""is_acknowledgment"": false}",The large rings within the main campus are not an IMC technology.
BT-7274.Voicepack/bt_clips/514_Its_design_is_foreign_and_its.wav,"{""primary_emotion"": ""neutral"", ""primary_score"": 0.0, ""confidence"": 0.0, ""secondary_emotion"": null, ""all_scores"": {}}",514,its design is foreign and its function is unknown,36,"ɪ t s   d ɛ s aɪn   ɪ s   f ɔːr eɪ n ,   æ n d   ɪ t s   f ʌ n c t ɪ ɒ n   ɪ s   ʌ n n oʊ n .","{""mean_pitch_hz"": 417.53, ""pitch_range_hz"": 1004.05, ""mean_energy"": 0.0688, ""energy_range"": 0.1624, ""tempo_bpm"": 114.84, ""spectral_centroid"": 2199.24, ""spectral_rolloff"": 3687.03, ""duration_seconds"": 2.68}","{""pace"": ""normal"", ""volume"": ""normal"", ""pitch_variation"": ""low"", ""is_question"": false, ""has_pilot_address"": false, ""is_protocol"": false, ""is_acknowledgment"": false}","Its design is foreign, and its function is unknown."
BT-7274.Voicepack/bt_clips/515_Your_fear_is_justified_but_I.wav,"{""primary_emotion"": ""determined"", ""primary_score"": 0.8, ""confidence"": 0.1, ""secondary_emotion"": ""concerned"", ""all_scores"": {""determined"": 0.8, ""concerned"": 0.7}}",515,your fear is justified but i will do my best to protect you,45,"y aʊ r   f iː r   ɪ s   j ʌ s t ɪ f iː d ,   b ʌ t   ɪ   w ɪ l l   d ɒ   m y   b ɛ s t   t ɒ   p r ɒ t ɛ c t   y aʊ .","{""mean_pitch_hz"": 474.54, ""pitch_range_hz"": 765.56, ""mean_energy"": 0.057, ""energy_range"": 0.19, ""tempo_bpm"": 161.5, ""spectral_centroid"": 2105.39, ""spectral_rolloff"": 3561.38, ""duration_seconds"": 3.86}","{""pace"": ""normal"", ""volume"": ""normal"", ""pitch_variation"": ""low"", ""is_question"": false, ""has_pilot_address"": false, ""is_protocol"": false, ""is_acknowledgment"": false}","Your fear is justified, but I will do my best to protect you."
BT-7274.Voicepack/bt_clips/516_It_might.wav,"{""primary_emotion"": ""neutral"", ""primary_score"": 0.0, ""confidence"": 0.0, ""secondary_emotion"": null, ""all_scores"": {}}",516,it might,6,ɪ t   m aɪ t .,"{""mean_pitch_hz"": 672.27, ""pitch_range_hz"": 926.02, ""mean_energy"": 0.0733, ""energy_range"": 0.1211, ""tempo_bpm"": 172.27, ""spectral_centroid"": 1462.4, ""spectral_rolloff"": 2186.75, ""duration_seconds"": 0.44}","{""pace"": ""normal"", ""volume"": ""normal"", ""pitch_variation"": ""low"", ""is_question"": false, ""has_pilot_address"": false, ""is_protocol"": false, ""is_acknowledgment"": false}",It might.
BT-7274.Voicepack/bt_clips/517_Anderson_is_a_veteran_SRS_pilot.wav,"{""primary_emotion"": ""neutral"", ""primary_score"": 0.0, ""confidence"": 0.0, ""secondary_emotion"": null, ""all_scores"": {}}",517,anderson is a veteran srs pilot,25,æ n d ɜːr s ɒ n   ɪ s   æ   v ɛ t ɜːr æ n   s r s   p ɪ l ɒ t .,"{""mean_pitch_hz"": 481.14, ""pitch_range_hz"": 982.22, ""mean_energy"": 0.0928, ""energy_range"": 0.1975, ""tempo_bpm"": 123.05, ""spectral_centroid"": 2212.89, ""spectral_rolloff"": 3882.15, ""duration_seconds"": 1.98}","{""pace"": ""normal"", ""volume"": ""normal"", ""pitch_variation"": ""low"", ""is_question"": false, ""has_pilot_address"": true, ""is_protocol"": false, ""is_acknowledgment"": false}",Anderson is a veteran SRS pilot.
BT-7274.Voicepack/bt_clips/518_He_has_survived_multiple_covert_missions.wav,"{""primary_emotion"": ""determined"", ""primary_score"": 0.8, ""confidence"": 0.1, ""secondary_emotion"": null, ""all_scores"": {""determined"": 0.8}}",518,he has survived multiple covert missions within enemy territory,51,h ɛ   h æ s   s ɜːr v ɪ v ɛ d   m ʌ l t ɪ p l ɛ   c ɒ v ɜːr t   m ɪ s s ɪ ɒ n s   w ɪ θ ɪ n   ɛ n ɛ m y   t ɜːr r ɪ t ɔːr y .,"{""mean_pitch_hz"": 563.16, ""pitch_range_hz"": 2758.13, ""mean_energy"": 0.0701, ""energy_range"": 0.1213, ""tempo_bpm"": 156.61, ""spectral_centroid"": 2121.78, ""spectral_rolloff"": 3756.14, ""duration_seconds"": 3.12}","{""pace"": ""normal"", ""volume"": ""normal"", ""pitch_variation"": ""low"", ""is_question"": false, ""has_pilot_address"": false, ""is_protocol"": false, ""is_acknowledgment"": false}",He has survived multiple covert missions within enemy territory.
BT-7274.Voicepack/bt_clips/519_The_IMC_has_multiple_scientific_research.wav,"{""primary_emotion"": ""neutral"", ""primary_score"": 0.0, ""confidence"": 0.0, ""secondary_emotion"": null, ""all_scores"": {}}",519,the imc has multiple scientific research facilities throughout the frontier,55,θ ɛ   ɪ m c   h æ s   m ʌ l t ɪ p l ɛ   s c iː n t ɪ f ɪ c   r ɛ s iː r tʃ   f æ c ɪ l ɪ t iː s   θ r oʊ aʊ t   θ ɛ   f r ɒ n t iː r .,"{""mean_pitch_hz"": 449.05, ""pitch_range_hz"": 1032.19, ""mean_energy"": 0.0807, ""energy_range"": 0.2096, ""tempo_bpm"": 103.36, ""spectral_centroid"": 2343.04, ""spectral_rolloff"": 4122.86, ""duration_seconds"": 3.84}","{""pace"": ""normal"", ""volume"": ""normal"", ""pitch_variation"": ""low"", ""is_question"": false, ""has_pilot_address"": false, ""is_protocol"": false, ""is_acknowledgment"": false}",The IMC has multiple scientific research facilities throughout the frontier.
BT-7274.Voicepack/bt_clips/520_However_this_particular_one_is_unlike.wav,"{""primary_emotion"": ""questioning"", ""primary_score"": 0.6, ""confidence"": 0.07, ""secondary_emotion"": null, ""all_scores"": {""questioning"": 0.6}}",520,however this particular one is unlike any known to the militia,46,"h oʊ ɛ v ɜːr ,   θ ɪ s   p ɑːr t ɪ c ʌ l ɑːr   ɒ n ɛ   ɪ s   ʌ n l ɪ k ɛ   æ n y   n oʊ n   t ɒ   θ ɛ   m ɪ l ɪ t ɪ æ .","{""mean_pitch_hz"": 354.23, ""pitch_range_hz"": 1124.85, ""mean_energy"": 0.078, ""energy_range"": 0.184, ""tempo_bpm"": 97.51, ""spectral_centroid"": 1782.89, ""spectral_rolloff"": 3030.59, ""duration_seconds"": 3.66}","{""pace"": ""normal"", ""volume"": ""normal"", ""pitch_variation"": ""high"", ""is_question"": false, ""has_pilot_address"": false, ""is_protocol"": false, ""is_acknowledgment"": false}","However, this particular one is unlike any known to the militia."
BT-7274.Voicepack/bt_clips/521_In_the_eight_standard_months_prior.wav,"{""primary_emotion"": ""neutral"", ""primary_score"": 0.0, ""confidence"": 0.0, ""secondary_emotion"": null, ""all_scores"": {}}",521,in the eight standard months prior to operation broadsword the 9th militia fleet captured or destroyed over 29 such installations,92,"ɪ n   θ ɛ   eɪ g t   s t æ n d ɑːr d   m ɒ n θ s   p r ɪ ɔːr   t ɒ   ɒ p ɜːr æ t ɪ ɒ n   b r oʊ d s w ɔːr d ,   θ ɛ   θ   m ɪ l ɪ t ɪ æ   f l iː t   c æ p t ɜːr ɛ d   ɔːr   d ɛ s t r ɔɪ ɛ d   ɒ v ɜːr     s ʌ tʃ   ɪ n s t æ l l æ t ɪ ɒ n s .","{""mean_pitch_hz"": 507.03, ""pitch_range_hz"": 932.31, ""mean_energy"": 0.0796, ""energy_range"": 0.2529, ""tempo_bpm"": 120.19, ""spectral_centroid"": 2221.39, ""spectral_rolloff"": 3788.64, ""duration_seconds"": 7.9}","{""pace"": ""normal"", ""volume"": ""normal"", ""pitch_variation"": ""low"", ""is_question"": false, ""has_pilot_address"": false, ""is_protocol"": false, ""is_acknowledgment"": false}","In the eight standard months prior to Operation Broadsword, the 9th Militia Fleet captured or destroyed over 29 such installations."
BT-7274.Voicepack/bt_clips/522_Their_bodies_have_aged_unusually.wav,"{""primary_emotion"": ""neutral"", ""primary_score"": 0.0, ""confidence"": 0.0, ""secondary_emotion"": null, ""all_scores"": {}}",522,their bodies have aged unusually,26,θ eɪ r   b ɒ d iː s   h æ v ɛ   æ g ɛ d   ʌ n ʌ s ʌ æ l l y .,"{""mean_pitch_hz"": 949.2, ""pitch_range_hz"": 932.33, ""mean_energy"": 0.0796, ""energy_range"": 0.2005, ""tempo_bpm"": 132.51, ""spectral_centroid"": 1919.87, ""spectral_rolloff"": 3166.28, ""duration_seconds"": 1.66}","{""pace"": ""normal"", ""volume"": ""normal"", ""pitch_variation"": ""low"", ""is_question"": false, ""has_pilot_address"": false, ""is_protocol"": false, ""is_acknowledgment"": false}",Their bodies have aged unusually.
BT-7274.Voicepack/bt_clips/523_However_some_show_signs_of_weapon.wav,"{""primary_emotion"": ""questioning"", ""primary_score"": 0.6, ""confidence"": 0.07, ""secondary_emotion"": null, ""all_scores"": {""questioning"": 0.6}}",523,however some show signs of weapon fire,26,"h oʊ ɛ v ɜːr ,   s ɒ m ɛ   ʃ oʊ   s aɪn s   ɒ f   w iː p ɒ n   f ɪr ɛ .","{""mean_pitch_hz"": 704.62, ""pitch_range_hz"": 1116.25, ""mean_energy"": 0.0614, ""energy_range"": 0.1315, ""tempo_bpm"": 107.67, ""spectral_centroid"": 2120.21, ""spectral_rolloff"": 3454.41, ""duration_seconds"": 2.16}","{""pace"": ""normal"", ""volume"": ""normal"", ""pitch_variation"": ""high"", ""is_question"": false, ""has_pilot_address"": false, ""is_protocol"": false, ""is_acknowledgment"": false}","However, some show signs of weapon fire."
BT-7274.Voicepack/bt_clips/524_Well_done_pilot.wav,"{""primary_emotion"": ""positive"", ""primary_score"": 0.9, ""confidence"": 0.11, ""secondary_emotion"": null, ""all_scores"": {""positive"": 0.9}}",524,well done pilot,15,"w ɛ l l   d ɒ n ɛ ,   p ɪ l ɒ t .","{""mean_pitch_hz"": 501.24, ""pitch_range_hz"": 17.89, ""mean_energy"": 0.1171, ""energy_range"": 0.2897, ""tempo_bpm"": 129.2, ""spectral_centroid"": 1254.65, ""spectral_rolloff"": 1927.22, ""duration_seconds"": 0.74}","{""pace"": ""normal"", ""volume"": ""loud"", ""pitch_variation"": ""normal"", ""is_question"": false, ""has_pilot_address"": true, ""is_protocol"": false, ""is_acknowledgment"": false}","Well done, pilot."
BT-7274.Voicepack/bt_clips/525_You_located_the_wrist-mounted_device.wav,"{""primary_emotion"": ""neutral"", ""primary_score"": 0.0, ""confidence"": 0.0, ""secondary_emotion"": null, ""all_scores"": {}}",525,you located the wristmounted device,28,y aʊ   l ɒ c æ t ɛ d   θ ɛ   r ɪ s t m aʊ n t ɛ d   d ɛ v ɪ c ɛ .,"{""mean_pitch_hz"": 380.29, ""pitch_range_hz"": 685.38, ""mean_energy"": 0.0648, ""energy_range"": 0.1682, ""tempo_bpm"": 166.71, ""spectral_centroid"": 2035.49, ""spectral_rolloff"": 3586.86, ""duration_seconds"": 1.74}","{""pace"": ""normal"", ""volume"": ""normal"", ""pitch_variation"": ""low"", ""is_question"": false, ""has_pilot_address"": false, ""is_protocol"": false, ""is_acknowledgment"": false}",You located the wrist-mounted device.
BT-7274.Voicepack/bt_clips/526_SRS_intel_suggests_if_equipped_you.wav,"{""primary_emotion"": ""neutral"", ""primary_score"": 0.0, ""confidence"": 0.0, ""secondary_emotion"": null, ""all_scores"": {}}",526,srs intel suggests if equipped you can withstand and manipulate the time shifts,65,"s r s   ɪ n t ɛ l   s ʌ g g ɛ s t s   ɪ f   ɛ q ʌ ɪ p p ɛ d ,   y aʊ   c æ n   w ɪ θ s t æ n d   æ n d   m æ n ɪ p ʌ l æ t ɛ   θ ɛ   t ɪ m ɛ   ʃ ɪ f t s .","{""mean_pitch_hz"": 409.44, ""pitch_range_hz"": 106.44, ""mean_energy"": 0.0703, ""energy_range"": 0.2307, ""tempo_bpm"": 107.67, ""spectral_centroid"": 2329.38, ""spectral_rolloff"": 4017.29, ""duration_seconds"": 4.62}","{""pace"": ""normal"", ""volume"": ""normal"", ""pitch_variation"": ""low"", ""is_question"": false, ""has_pilot_address"": false, ""is_protocol"": false, ""is_acknowledgment"": false}","SRS intel suggests if equipped, you can withstand and manipulate the time shifts."
BT-7274.Voicepack/bt_clips/527_Pilot_recommend_you_equip_the_device.wav,"{""primary_emotion"": ""neutral"", ""primary_score"": 0.0, ""confidence"": 0.0, ""secondary_emotion"": null, ""all_scores"": {}}",527,pilot recommend you equip the device,31,"p ɪ l ɒ t ,   r ɛ c ɒ m m ɛ n d   y aʊ   ɛ q ʌ ɪ p   θ ɛ   d ɛ v ɪ c ɛ .","{""mean_pitch_hz"": 644.64, ""pitch_range_hz"": 1270.26, ""mean_energy"": 0.0657, ""energy_range"": 0.1559, ""tempo_bpm"": 136.0, ""spectral_centroid"": 1796.44, ""spectral_rolloff"": 2974.76, ""duration_seconds"": 2.04}","{""pace"": ""normal"", ""volume"": ""normal"", ""pitch_variation"": ""low"", ""is_question"": false, ""has_pilot_address"": true, ""is_protocol"": false, ""is_acknowledgment"": false}","Pilot, recommend you equip the device."
BT-7274.Voicepack/bt_clips/528_The_wrist-mounted_device_may_be_useful.wav,"{""primary_emotion"": ""neutral"", ""primary_score"": 0.0, ""confidence"": 0.0, ""secondary_emotion"": null, ""all_scores"": {}}",528,the wristmounted device may be useful,29,θ ɛ   r ɪ s t m aʊ n t ɛ d   d ɛ v ɪ c ɛ   m eɪ   b ɛ   ʌ s ɛ f ʌ l .,"{""mean_pitch_hz"": 529.67, ""pitch_range_hz"": 955.69, ""mean_energy"": 0.0719, ""energy_range"": 0.2005, ""tempo_bpm"": 147.66, ""spectral_centroid"": 2317.34, ""spectral_rolloff"": 4153.84, ""duration_seconds"": 1.8}","{""pace"": ""normal"", ""volume"": ""normal"", ""pitch_variation"": ""low"", ""is_question"": false, ""has_pilot_address"": false, ""is_protocol"": false, ""is_acknowledgment"": false}",The wrist-mounted device may be useful.
BT-7274.Voicepack/bt_clips/529_Recommend_you_equip_the_device.wav,"{""primary_emotion"": ""neutral"", ""primary_score"": 0.0, ""confidence"": 0.0, ""secondary_emotion"": null, ""all_scores"": {}}",529,recommend you equip the device,25,r ɛ c ɒ m m ɛ n d   y aʊ   ɛ q ʌ ɪ p   θ ɛ   d ɛ v ɪ c ɛ .,"{""mean_pitch_hz"": 422.39, ""pitch_range_hz"": 122.75, ""mean_energy"": 0.0668, ""energy_range"": 0.1414, ""tempo_bpm"": 132.51, ""spectral_centroid"": 1775.1, ""spectral_rolloff"": 2855.65, ""duration_seconds"": 1.44}","{""pace"": ""normal"", ""volume"": ""normal"", ""pitch_variation"": ""low"", ""is_question"": false, ""has_pilot_address"": false, ""is_protocol"": false, ""is_acknowledgment"": false}",Recommend you equip the device.
BT-7274.Voicepack/bt_clips/530_Advisory.wav,"{""primary_emotion"": ""neutral"", ""primary_score"": 0.0, ""confidence"": 0.0, ""secondary_emotion"": null, ""all_scores"": {}}",530,advisory,8,æ d v ɪ s ɔːr y .,"{""mean_pitch_hz"": 757.99, ""pitch_range_hz"": 950.94, ""mean_energy"": 0.1002, ""energy_range"": 0.1762, ""tempo_bpm"": 136.0, ""spectral_centroid"": 2477.35, ""spectral_rolloff"": 4676.4, ""duration_seconds"": 0.4}","{""pace"": ""normal"", ""volume"": ""normal"", ""pitch_variation"": ""low"", ""is_question"": false, ""has_pilot_address"": false, ""is_protocol"": false, ""is_acknowledgment"": false}",Advisory.
BT-7274.Voicepack/bt_clips/531_Pilot_I_recommend_you_equip_the.wav,"{""primary_emotion"": ""neutral"", ""primary_score"": 0.0, ""confidence"": 0.0, ""secondary_emotion"": null, ""all_scores"": {}}",531,pilot i recommend you equip the wristmounted device,42,"p ɪ l ɒ t ,   ɪ   r ɛ c ɒ m m ɛ n d   y aʊ   ɛ q ʌ ɪ p   θ ɛ   r ɪ s t m aʊ n t ɛ d   d ɛ v ɪ c ɛ .","{""mean_pitch_hz"": 654.75, ""pitch_range_hz"": 1602.71, ""mean_energy"": 0.0568, ""energy_range"": 0.1866, ""tempo_bpm"": 103.36, ""spectral_centroid"": 1858.54, ""spectral_rolloff"": 3158.08, ""duration_seconds"": 3.32}","{""pace"": ""normal"", ""volume"": ""normal"", ""pitch_variation"": ""low"", ""is_question"": false, ""has_pilot_address"": true, ""is_protocol"": false, ""is_acknowledgment"": false}","Pilot, I recommend you equip the wrist-mounted device."
BT-7274.Voicepack/bt_clips/532_Pilot_Cooper_I_have_transferred_some.wav,"{""primary_emotion"": ""commanding"", ""primary_score"": 0.9, ""confidence"": 0.11, ""secondary_emotion"": null, ""all_scores"": {""commanding"": 0.9}}",532,pilot cooper i have transferred some of my ai functions into your helmet in order to permit communication across time shifts,97,"p ɪ l ɒ t   c uː p ɜːr ,   ɪ   h æ v ɛ   t r æ n s f ɜːr r ɛ d   s ɒ m ɛ   ɒ f   m y   eɪ   f ʌ n c t ɪ ɒ n s   ɪ n t ɒ   y aʊ r   h ɛ l m ɛ t   ɪ n   ɔːr d ɜːr   t ɒ   p ɜːr m ɪ t   c ɒ m m ʌ n ɪ c æ t ɪ ɒ n   æ c r ɒ s s   t ɪ m ɛ   ʃ ɪ f t s .","{""mean_pitch_hz"": 626.34, ""pitch_range_hz"": 786.94, ""mean_energy"": 0.0726, ""energy_range"": 0.2078, ""tempo_bpm"": 129.2, ""spectral_centroid"": 2045.96, ""spectral_rolloff"": 3455.82, ""duration_seconds"": 6.34}","{""pace"": ""fast"", ""volume"": ""loud"", ""pitch_variation"": ""normal"", ""is_question"": false, ""has_pilot_address"": true, ""is_protocol"": false, ""is_acknowledgment"": false}","Pilot Cooper, I have transferred some of my AI functions into your helmet in order to permit communication across time shifts."
BT-7274.Voicepack/bt_clips/533_Pilot_communication_has_transferred_to_y.wav,"{""primary_emotion"": ""neutral"", ""primary_score"": 0.0, ""confidence"": 0.0, ""secondary_emotion"": null, ""all_scores"": {}}",533,pilot communication has transferred to your device,44,"p ɪ l ɒ t ,   c ɒ m m ʌ n ɪ c æ t ɪ ɒ n   h æ s   t r æ n s f ɜːr r ɛ d   t ɒ   y aʊ r   d ɛ v ɪ c ɛ .","{""mean_pitch_hz"": 311.15, ""pitch_range_hz"": 992.23, ""mean_energy"": 0.0919, ""energy_range"": 0.297, ""tempo_bpm"": 103.36, ""spectral_centroid"": 2223.76, ""spectral_rolloff"": 3889.74, ""duration_seconds"": 2.66}","{""pace"": ""normal"", ""volume"": ""normal"", ""pitch_variation"": ""low"", ""is_question"": false, ""has_pilot_address"": true, ""is_protocol"": false, ""is_acknowledgment"": false}","Pilot, communication has transferred to your device."
BT-7274.Voicepack/bt_clips/534_I_recommend_retracing_Major_Andersons_st.wav,"{""primary_emotion"": ""determined"", ""primary_score"": 0.8, ""confidence"": 0.1, ""secondary_emotion"": null, ""all_scores"": {""determined"": 0.8}}",534,i recommend retracing major andersons steps so he can determine the best way to complete his mission,78,ɪ   r ɛ c ɒ m m ɛ n d   r ɛ t r æ c ɪ ŋ   m æ j ɔːr   æ n d ɜːr s ɒ n s   s t ɛ s   s ɒ   h ɛ   c æ n   d ɛ t ɜːr m ɪ n ɛ   θ ɛ   b ɛ s t   w eɪ   t ɒ   c ɒ m p l ɛ t ɛ   h ɪ s   m ɪ s s ɪ ɒ n .,"{""mean_pitch_hz"": 302.42, ""pitch_range_hz"": 1373.51, ""mean_energy"": 0.069, ""energy_range"": 0.1962, ""tempo_bpm"": 126.05, ""spectral_centroid"": 2287.76, ""spectral_rolloff"": 3903.12, ""duration_seconds"": 5.16}","{""pace"": ""normal"", ""volume"": ""normal"", ""pitch_variation"": ""low"", ""is_question"": false, ""has_pilot_address"": false, ""is_protocol"": false, ""is_acknowledgment"": false}",I recommend retracing Major Anderson's steps so he can determine the best way to complete his mission.
BT-7274.Voicepack/bt_clips/535_Captain_what_is_the_status_of.wav,"{""primary_emotion"": ""questioning"", ""primary_score"": 1.2, ""confidence"": 0.15, ""secondary_emotion"": null, ""all_scores"": {""questioning"": 1.2}}",535,captain what is the status of the beacon,30,"c æ p t eɪ n ,   w æ t   ɪ s   θ ɛ   s t æ t ʌ s   ɒ f   θ ɛ   b iː c ɒ n ?","{""mean_pitch_hz"": 576.84, ""pitch_range_hz"": 1233.74, ""mean_energy"": 0.0623, ""energy_range"": 0.1862, ""tempo_bpm"": 132.51, ""spectral_centroid"": 2483.6, ""spectral_rolloff"": 4681.8, ""duration_seconds"": 2.16}","{""pace"": ""normal"", ""volume"": ""normal"", ""pitch_variation"": ""high"", ""is_question"": true, ""has_pilot_address"": false, ""is_protocol"": false, ""is_acknowledgment"": false}","Captain, what is the status of the beacon?"
BT-7274.Voicepack/bt_clips/536_Designation.wav,"{""primary_emotion"": ""neutral"", ""primary_score"": 0.0, ""confidence"": 0.0, ""secondary_emotion"": null, ""all_scores"": {}}",536,designation,10,d ɛ s aɪn æ t ɪ ɒ n .,"{""mean_pitch_hz"": 735.03, ""pitch_range_hz"": 1977.7, ""mean_energy"": 0.0805, ""energy_range"": 0.1231, ""tempo_bpm"": 120.19, ""spectral_centroid"": 2220.45, ""spectral_rolloff"": 3824.12, ""duration_seconds"": 0.56}","{""pace"": ""normal"", ""volume"": ""normal"", ""pitch_variation"": ""low"", ""is_question"": false, ""has_pilot_address"": false, ""is_protocol"": false, ""is_acknowledgment"": false}",Designation.
BT-7274.Voicepack/bt_clips/537_Arc_tool.wav,"{""primary_emotion"": ""neutral"", ""primary_score"": 0.0, ""confidence"": 0.0, ""secondary_emotion"": null, ""all_scores"": {}}",537,arc tool,6,ɑːr c   t uː l .,"{""mean_pitch_hz"": 940.06, ""pitch_range_hz"": 124.09, ""mean_energy"": 0.0729, ""energy_range"": 0.2228, ""tempo_bpm"": 126.05, ""spectral_centroid"": 1717.08, ""spectral_rolloff"": 2741.1, ""duration_seconds"": 0.62}","{""pace"": ""normal"", ""volume"": ""normal"", ""pitch_variation"": ""low"", ""is_question"": false, ""has_pilot_address"": false, ""is_protocol"": false, ""is_acknowledgment"": false}",Arc tool.
BT-7274.Voicepack/bt_clips/538_Function.wav,"{""primary_emotion"": ""neutral"", ""primary_score"": 0.0, ""confidence"": 0.0, ""secondary_emotion"": null, ""all_scores"": {}}",538,function,9,f ʌ n c t ɪ ɒ n .,"{""mean_pitch_hz"": 809.31, ""pitch_range_hz"": 1990.13, ""mean_energy"": 0.0837, ""energy_range"": 0.2137, ""tempo_bpm"": 246.09, ""spectral_centroid"": 2561.97, ""spectral_rolloff"": 4524.13, ""duration_seconds"": 0.46}","{""pace"": ""normal"", ""volume"": ""normal"", ""pitch_variation"": ""low"", ""is_question"": false, ""has_pilot_address"": false, ""is_protocol"": false, ""is_acknowledgment"": false}",Function.
BT-7274.Voicepack/bt_clips/539_Generates_power_up_to_5_megajoules.wav,"{""primary_emotion"": ""neutral"", ""primary_score"": 0.0, ""confidence"": 0.0, ""secondary_emotion"": null, ""all_scores"": {}}",539,generates power up to 5 megajoules,25,g ɛ n ɜːr æ t ɛ s   p oʊ ɜːr   ʌ p   t ɒ     m ɛ g æ j aʊ l ɛ s .,"{""mean_pitch_hz"": 436.89, ""pitch_range_hz"": 16.98, ""mean_energy"": 0.0708, ""energy_range"": 0.2001, ""tempo_bpm"": 114.84, ""spectral_centroid"": 2161.47, ""spectral_rolloff"": 3493.19, ""duration_seconds"": 2.18}","{""pace"": ""normal"", ""volume"": ""normal"", ""pitch_variation"": ""low"", ""is_question"": false, ""has_pilot_address"": false, ""is_protocol"": false, ""is_acknowledgment"": false}",Generates power up to 5 megajoules.
BT-7274.Voicepack/bt_clips/540_Can_you_repair_it.wav,"{""primary_emotion"": ""questioning"", ""primary_score"": 0.6, ""confidence"": 0.07, ""secondary_emotion"": null, ""all_scores"": {""questioning"": 0.6}}",540,can you repair it,13,c æ n   y aʊ   r ɛ p eɪ r   ɪ t ?,"{""mean_pitch_hz"": 354.03, ""pitch_range_hz"": 1562.78, ""mean_energy"": 0.101, ""energy_range"": 0.1946, ""tempo_bpm"": 126.05, ""spectral_centroid"": 1671.23, ""spectral_rolloff"": 2571.6, ""duration_seconds"": 0.92}","{""pace"": ""normal"", ""volume"": ""normal"", ""pitch_variation"": ""high"", ""is_question"": true, ""has_pilot_address"": false, ""is_protocol"": false, ""is_acknowledgment"": false}",Can you repair it?
BT-7274.Voicepack/bt_clips/541_Pilot_you_must_recover_the_arc.wav,"{""primary_emotion"": ""determined"", ""primary_score"": 0.8, ""confidence"": 0.1, ""secondary_emotion"": null, ""all_scores"": {""determined"": 0.8}}",541,pilot you must recover the arc tool,26,"p ɪ l ɒ t ,   y aʊ   m ʌ s t   r ɛ c ɒ v ɜːr   θ ɛ   ɑːr c   t uː l .","{""mean_pitch_hz"": 1146.35, ""pitch_range_hz"": 319.36, ""mean_energy"": 0.0654, ""energy_range"": 0.2607, ""tempo_bpm"": 97.51, ""spectral_centroid"": 2112.46, ""spectral_rolloff"": 3876.4, ""duration_seconds"": 2.34}","{""pace"": ""normal"", ""volume"": ""normal"", ""pitch_variation"": ""low"", ""is_question"": false, ""has_pilot_address"": true, ""is_protocol"": false, ""is_acknowledgment"": false}","Pilot, you must recover the arc tool."
BT-7274.Voicepack/bt_clips/542_I_advise_caution_while_navigating_this.wav,"{""primary_emotion"": ""cautious"", ""primary_score"": 0.8, ""confidence"": 0.1, ""secondary_emotion"": null, ""all_scores"": {""cautious"": 0.8}}",542,i advise caution while navigating this facilitys substation,49,ɪ   æ d v ɪ s ɛ   c ɔː t ɪ ɒ n   w ɪ l ɛ   n æ v ɪ g æ t ɪ ŋ   θ ɪ s   f æ c ɪ l ɪ t y s   s ʌ b s t æ t ɪ ɒ n .,"{""mean_pitch_hz"": 748.06, ""pitch_range_hz"": 2503.19, ""mean_energy"": 0.0686, ""energy_range"": 0.1863, ""tempo_bpm"": 112.35, ""spectral_centroid"": 2352.73, ""spectral_rolloff"": 3996.68, ""duration_seconds"": 3.08}","{""pace"": ""slow"", ""volume"": ""soft"", ""pitch_variation"": ""normal"", ""is_question"": false, ""has_pilot_address"": false, ""is_protocol"": false, ""is_acknowledgment"": false}",I advise caution while navigating this facility's substation.
BT-7274.Voicepack/bt_clips/543_Good_luck_pilot.wav,"{""primary_emotion"": ""positive"", ""primary_score"": 0.9, ""confidence"": 0.11, ""secondary_emotion"": null, ""all_scores"": {""positive"": 0.9}}",543,good luck pilot,13,"g uː d   l ʌ k ,   p ɪ l ɒ t .","{""mean_pitch_hz"": 577.28, ""pitch_range_hz"": 824.73, ""mean_energy"": 0.0664, ""energy_range"": 0.1625, ""tempo_bpm"": 143.55, ""spectral_centroid"": 1287.45, ""spectral_rolloff"": 1887.86, ""duration_seconds"": 0.7}","{""pace"": ""normal"", ""volume"": ""loud"", ""pitch_variation"": ""normal"", ""is_question"": false, ""has_pilot_address"": true, ""is_protocol"": false, ""is_acknowledgment"": false}","Good luck, pilot."
BT-7274.Voicepack/bt_clips/544_Pilot_the_beacon_power_substation_is.wav,"{""primary_emotion"": ""neutral"", ""primary_score"": 0.0, ""confidence"": 0.0, ""secondary_emotion"": null, ""all_scores"": {}}",544,pilot the beacon power substation is through that door marked power grid,50,"p ɪ l ɒ t ,   θ ɛ   b iː c ɒ n   p oʊ ɜːr   s ʌ b s t æ t ɪ ɒ n   ɪ s   θ r oʊ   θ æ t   d uː r   m ɑːr k ɛ d   p oʊ ɜːr   g r ɪ d .","{""mean_pitch_hz"": 484.32, ""pitch_range_hz"": 1283.78, ""mean_energy"": 0.0638, ""energy_range"": 0.203, ""tempo_bpm"": 123.05, ""spectral_centroid"": 2073.07, ""spectral_rolloff"": 3800.58, ""duration_seconds"": 4.4}","{""pace"": ""normal"", ""volume"": ""normal"", ""pitch_variation"": ""low"", ""is_question"": false, ""has_pilot_address"": true, ""is_protocol"": false, ""is_acknowledgment"": false}","Pilot, the beacon power substation is through that door marked power grid."
BT-7274.Voicepack/bt_clips/545_Pilot_recommend_you_disembark.wav,"{""primary_emotion"": ""neutral"", ""primary_score"": 0.0, ""confidence"": 0.0, ""secondary_emotion"": null, ""all_scores"": {}}",545,pilot recommend you disembark,26,"p ɪ l ɒ t ,   r ɛ c ɒ m m ɛ n d   y aʊ   d ɪ s ɛ m b ɑːr k .","{""mean_pitch_hz"": 709.68, ""pitch_range_hz"": 1010.58, ""mean_energy"": 0.0744, ""energy_range"": 0.2185, ""tempo_bpm"": 101.33, ""spectral_centroid"": 1970.35, ""spectral_rolloff"": 3473.7, ""duration_seconds"": 1.82}","{""pace"": ""normal"", ""volume"": ""normal"", ""pitch_variation"": ""low"", ""is_question"": false, ""has_pilot_address"": true, ""is_protocol"": false, ""is_acknowledgment"": false}","Pilot, recommend you disembark."
BT-7274.Voicepack/bt_clips/546_Got_you.wav,"{""primary_emotion"": ""neutral"", ""primary_score"": 0.0, ""confidence"": 0.0, ""secondary_emotion"": null, ""all_scores"": {}}",546,got you,6,g ɒ t   y aʊ .,"{""mean_pitch_hz"": 778.61, ""pitch_range_hz"": 576.54, ""mean_energy"": 0.0732, ""energy_range"": 0.242, ""tempo_bpm"": 272.0, ""spectral_centroid"": 1748.73, ""spectral_rolloff"": 2654.74, ""duration_seconds"": 0.56}","{""pace"": ""normal"", ""volume"": ""normal"", ""pitch_variation"": ""low"", ""is_question"": false, ""has_pilot_address"": false, ""is_protocol"": false, ""is_acknowledgment"": false}",Got you.
BT-7274.Voicepack/bt_clips/547_Protocol_2_mission_update.wav,"{""primary_emotion"": ""determined"", ""primary_score"": 1.6, ""confidence"": 0.2, ""secondary_emotion"": null, ""all_scores"": {""determined"": 1.6}}",547,protocol 2 mission update,22,p r ɒ t ɒ c ɒ l     m ɪ s s ɪ ɒ n   ʌ p d æ t ɛ .,"{""mean_pitch_hz"": 656.94, ""pitch_range_hz"": 1068.89, ""mean_energy"": 0.1044, ""energy_range"": 0.2595, ""tempo_bpm"": 147.66, ""spectral_centroid"": 1854.39, ""spectral_rolloff"": 3182.53, ""duration_seconds"": 1.36}","{""pace"": ""normal"", ""volume"": ""normal"", ""pitch_variation"": ""low"", ""is_question"": false, ""has_pilot_address"": false, ""is_protocol"": true, ""is_acknowledgment"": false}",Protocol 2 mission update.
BT-7274.Voicepack/bt_clips/548_Replace_the_uplink_module.wav,"{""primary_emotion"": ""neutral"", ""primary_score"": 0.0, ""confidence"": 0.0, ""secondary_emotion"": null, ""all_scores"": {}}",548,replace the uplink module,22,r ɛ p l æ c ɛ   θ ɛ   ʌ p l ɪ n k   m ɒ d ʌ l ɛ .,"{""mean_pitch_hz"": 462.69, ""pitch_range_hz"": 1002.95, ""mean_energy"": 0.0732, ""energy_range"": 0.1429, ""tempo_bpm"": 123.05, ""spectral_centroid"": 2000.95, ""spectral_rolloff"": 3428.44, ""duration_seconds"": 1.28}","{""pace"": ""normal"", ""volume"": ""normal"", ""pitch_variation"": ""low"", ""is_question"": false, ""has_pilot_address"": false, ""is_protocol"": false, ""is_acknowledgment"": false}",Replace the uplink module.
BT-7274.Voicepack/bt_clips/549_The_socket_for_the_module_is.wav,"{""primary_emotion"": ""neutral"", ""primary_score"": 0.0, ""confidence"": 0.0, ""secondary_emotion"": null, ""all_scores"": {}}",549,the socket for the module is at the top of this dish,35,θ ɛ   s ɒ k ɛ t   f ɔːr   θ ɛ   m ɒ d ʌ l ɛ   ɪ s   æ t   θ ɛ   t ɒ p   ɒ f   θ ɪ s   d ɪ ʃ .,"{""mean_pitch_hz"": 559.89, ""pitch_range_hz"": 801.61, ""mean_energy"": 0.1017, ""energy_range"": 0.2384, ""tempo_bpm"": 112.35, ""spectral_centroid"": 2221.45, ""spectral_rolloff"": 3900.25, ""duration_seconds"": 2.46}","{""pace"": ""normal"", ""volume"": ""normal"", ""pitch_variation"": ""low"", ""is_question"": false, ""has_pilot_address"": false, ""is_protocol"": false, ""is_acknowledgment"": false}",The socket for the module is at the top of this dish.
BT-7274.Voicepack/bt_clips/550_A_throw_combined_with_additional_climbin.wav,"{""primary_emotion"": ""neutral"", ""primary_score"": 0.0, ""confidence"": 0.0, ""secondary_emotion"": null, ""all_scores"": {}}",550,a throw combined with additional climbing is required,42,æ   θ r oʊ   c ɒ m b ɪ n ɛ d   w ɪ θ   æ d d ɪ t ɪ ɒ n æ l   c l ɪ m b ɪ ŋ   ɪ s   r ɛ q ʌ ɪr ɛ d .,"{""mean_pitch_hz"": 623.06, ""pitch_range_hz"": 916.38, ""mean_energy"": 0.0878, ""energy_range"": 0.2365, ""tempo_bpm"": 112.35, ""spectral_centroid"": 1744.58, ""spectral_rolloff"": 2994.18, ""duration_seconds"": 2.8}","{""pace"": ""normal"", ""volume"": ""normal"", ""pitch_variation"": ""low"", ""is_question"": false, ""has_pilot_address"": false, ""is_protocol"": false, ""is_acknowledgment"": false}",A throw combined with additional climbing is required.
BT-7274.Voicepack/bt_clips/551_Pilot_we_must_install_the_module.wav,"{""primary_emotion"": ""determined"", ""primary_score"": 0.8, ""confidence"": 0.1, ""secondary_emotion"": null, ""all_scores"": {""determined"": 0.8}}",551,pilot we must install the module,28,"p ɪ l ɒ t ,   w ɛ   m ʌ s t   ɪ n s t æ l l   θ ɛ   m ɒ d ʌ l ɛ .","{""mean_pitch_hz"": 647.85, ""pitch_range_hz"": 950.75, ""mean_energy"": 0.1157, ""energy_range"": 0.2544, ""tempo_bpm"": 129.2, ""spectral_centroid"": 1764.38, ""spectral_rolloff"": 2903.39, ""duration_seconds"": 1.74}","{""pace"": ""normal"", ""volume"": ""normal"", ""pitch_variation"": ""low"", ""is_question"": false, ""has_pilot_address"": true, ""is_protocol"": false, ""is_acknowledgment"": false}","Pilot, we must install the module."
BT-7274.Voicepack/bt_clips/552_When_you_are_ready_climb_onto.wav,"{""primary_emotion"": ""questioning"", ""primary_score"": 0.6, ""confidence"": 0.07, ""secondary_emotion"": null, ""all_scores"": {""questioning"": 0.6}}",552,when you are ready climb onto my hand,28,"w ɛ n   y aʊ   ɑːr ɛ   r iː d y ,   c l ɪ m b   ɒ n t ɒ   m y   h æ n d .","{""mean_pitch_hz"": 553.04, ""pitch_range_hz"": 576.21, ""mean_energy"": 0.0732, ""energy_range"": 0.2343, ""tempo_bpm"": 126.05, ""spectral_centroid"": 1631.98, ""spectral_rolloff"": 2795.76, ""duration_seconds"": 2.46}","{""pace"": ""normal"", ""volume"": ""normal"", ""pitch_variation"": ""high"", ""is_question"": false, ""has_pilot_address"": false, ""is_protocol"": false, ""is_acknowledgment"": false}","When you are ready, climb onto my hand."
BT-7274.Voicepack/bt_clips/553_Standing_by_pilot.wav,"{""primary_emotion"": ""neutral"", ""primary_score"": 0.5, ""confidence"": 0.06, ""secondary_emotion"": null, ""all_scores"": {""neutral"": 0.5}}",553,standing by pilot,16,"s t æ n d ɪ ŋ   b y ,   p ɪ l ɒ t .","{""mean_pitch_hz"": 296.97, ""pitch_range_hz"": 734.52, ""mean_energy"": 0.097, ""energy_range"": 0.1732, ""tempo_bpm"": 107.67, ""spectral_centroid"": 1419.45, ""spectral_rolloff"": 2309.02, ""duration_seconds"": 0.9}","{""pace"": ""normal"", ""volume"": ""normal"", ""pitch_variation"": ""low"", ""is_question"": false, ""has_pilot_address"": true, ""is_protocol"": false, ""is_acknowledgment"": false}","Standing by, pilot."
BT-7274.Voicepack/bt_clips/554_Climb_onto_my_hand.wav,"{""primary_emotion"": ""neutral"", ""primary_score"": 0.0, ""confidence"": 0.0, ""secondary_emotion"": null, ""all_scores"": {}}",554,climb onto my hand,16,c l ɪ m b   ɒ n t ɒ   m y   h æ n d .,"{""mean_pitch_hz"": 351.52, ""pitch_range_hz"": 829.44, ""mean_energy"": 0.0966, ""energy_range"": 0.164, ""tempo_bpm"": 139.67, ""spectral_centroid"": 1465.95, ""spectral_rolloff"": 2368.43, ""duration_seconds"": 1.12}","{""pace"": ""normal"", ""volume"": ""normal"", ""pitch_variation"": ""low"", ""is_question"": false, ""has_pilot_address"": false, ""is_protocol"": false, ""is_acknowledgment"": false}",Climb onto my hand.
BT-7274.Voicepack/bt_clips/555_Hypothesis.wav,"{""primary_emotion"": ""neutral"", ""primary_score"": 0.0, ""confidence"": 0.0, ""secondary_emotion"": null, ""all_scores"": {}}",555,hypothesis,10,h y p ɒ θ ɛ s ɪ s .,"{""mean_pitch_hz"": 937.8, ""pitch_range_hz"": 202.29, ""mean_energy"": 0.0835, ""energy_range"": 0.2465, ""tempo_bpm"": 143.55, ""spectral_centroid"": 2656.82, ""spectral_rolloff"": 4694.24, ""duration_seconds"": 0.64}","{""pace"": ""normal"", ""volume"": ""normal"", ""pitch_variation"": ""low"", ""is_question"": false, ""has_pilot_address"": false, ""is_protocol"": false, ""is_acknowledgment"": false}",Hypothesis.
BT-7274.Voicepack/bt_clips/556_The_dish_will_automatically_reorient_its.wav,"{""primary_emotion"": ""determined"", ""primary_score"": 0.8, ""confidence"": 0.1, ""secondary_emotion"": null, ""all_scores"": {""determined"": 0.8}}",556,the dish will automatically reorient itself once the new module is installed,59,θ ɛ   d ɪ ʃ   w ɪ l l   ɔː t ɒ m æ t ɪ c æ l l y   r ɛ ɔːr iː n t   ɪ t s ɛ l f   ɒ n c ɛ   θ ɛ   n juː   m ɒ d ʌ l ɛ   ɪ s   ɪ n s t æ l l ɛ d .,"{""mean_pitch_hz"": 502.23, ""pitch_range_hz"": 1242.84, ""mean_energy"": 0.079, ""energy_range"": 0.1852, ""tempo_bpm"": 114.84, ""spectral_centroid"": 1891.27, ""spectral_rolloff"": 3123.06, ""duration_seconds"": 4.0}","{""pace"": ""normal"", ""volume"": ""normal"", ""pitch_variation"": ""low"", ""is_question"": false, ""has_pilot_address"": false, ""is_protocol"": false, ""is_acknowledgment"": false}",The dish will automatically reorient itself once the new module is installed.
BT-7274.Voicepack/bt_clips/557_Caution.wav,"{""primary_emotion"": ""cautious"", ""primary_score"": 0.8, ""confidence"": 0.1, ""secondary_emotion"": null, ""all_scores"": {""cautious"": 0.8}}",557,caution,7,c ɔː t ɪ ɒ n .,"{""mean_pitch_hz"": 946.83, ""pitch_range_hz"": 7.15, ""mean_energy"": 0.1263, ""energy_range"": 0.3024, ""tempo_bpm"": 258.4, ""spectral_centroid"": 1927.92, ""spectral_rolloff"": 3190.61, ""duration_seconds"": 0.4}","{""pace"": ""slow"", ""volume"": ""soft"", ""pitch_variation"": ""normal"", ""is_question"": false, ""has_pilot_address"": false, ""is_protocol"": false, ""is_acknowledgment"": false}",Caution.
BT-7274.Voicepack/bt_clips/558_Anomaly_detected.wav,"{""primary_emotion"": ""neutral"", ""primary_score"": 0.0, ""confidence"": 0.0, ""secondary_emotion"": null, ""all_scores"": {}}",558,anomaly detected,16,æ n ɒ m æ l y   d ɛ t ɛ c t ɛ d .,"{""mean_pitch_hz"": 539.25, ""pitch_range_hz"": 498.61, ""mean_energy"": 0.1161, ""energy_range"": 0.227, ""tempo_bpm"": 117.45, ""spectral_centroid"": 1696.9, ""spectral_rolloff"": 2809.52, ""duration_seconds"": 0.88}","{""pace"": ""normal"", ""volume"": ""normal"", ""pitch_variation"": ""low"", ""is_question"": false, ""has_pilot_address"": false, ""is_protocol"": false, ""is_acknowledgment"": false}",Anomaly detected.
BT-7274.Voicepack/bt_clips/559_Possible_hostile_Titan.wav,"{""primary_emotion"": ""neutral"", ""primary_score"": 0.0, ""confidence"": 0.0, ""secondary_emotion"": null, ""all_scores"": {}}",559,possible hostile titan,21,p ɒ s s ɪ b l ɛ   h ɒ s t ɪ l ɛ   t ɪ t æ n .,"{""mean_pitch_hz"": 733.95, ""pitch_range_hz"": 707.52, ""mean_energy"": 0.106, ""energy_range"": 0.1945, ""tempo_bpm"": 143.55, ""spectral_centroid"": 2055.37, ""spectral_rolloff"": 3446.52, ""duration_seconds"": 1.24}","{""pace"": ""normal"", ""volume"": ""normal"", ""pitch_variation"": ""low"", ""is_question"": false, ""has_pilot_address"": false, ""is_protocol"": false, ""is_acknowledgment"": false}",Possible hostile Titan.
BT-7274.Voicepack/bt_clips/560_Militia_forces.wav,"{""primary_emotion"": ""neutral"", ""primary_score"": 0.0, ""confidence"": 0.0, ""secondary_emotion"": null, ""all_scores"": {}}",560,militia forces,13,m ɪ l ɪ t ɪ æ   f ɔːr c ɛ s .,"{""mean_pitch_hz"": 445.46, ""pitch_range_hz"": 16.42, ""mean_energy"": 0.0987, ""energy_range"": 0.1937, ""tempo_bpm"": 123.05, ""spectral_centroid"": 2362.87, ""spectral_rolloff"": 4310.8, ""duration_seconds"": 0.66}","{""pace"": ""normal"", ""volume"": ""normal"", ""pitch_variation"": ""low"", ""is_question"": false, ""has_pilot_address"": false, ""is_protocol"": false, ""is_acknowledgment"": false}",Militia forces.
BT-7274.Voicepack/bt_clips/561_Lock_down_the_control_room.wav,"{""primary_emotion"": ""neutral"", ""primary_score"": 0.0, ""confidence"": 0.0, ""secondary_emotion"": null, ""all_scores"": {}}",561,lock down the control room,19,l ɒ k   d oʊ n   θ ɛ   c ɒ n t r ɒ l   r uː m .,"{""mean_pitch_hz"": 673.58, ""pitch_range_hz"": 1073.24, ""mean_energy"": 0.1017, ""energy_range"": 0.2358, ""tempo_bpm"": 132.51, ""spectral_centroid"": 1425.86, ""spectral_rolloff"": 2280.31, ""duration_seconds"": 1.24}","{""pace"": ""normal"", ""volume"": ""normal"", ""pitch_variation"": ""low"", ""is_question"": false, ""has_pilot_address"": false, ""is_protocol"": false, ""is_acknowledgment"": false}",Lock down the control room.
BT-7274.Voicepack/bt_clips/562_Threats_detected.wav,"{""primary_emotion"": ""neutral"", ""primary_score"": 0.0, ""confidence"": 0.0, ""secondary_emotion"": null, ""all_scores"": {}}",562,threats detected,14,θ r iː t s   d ɛ t ɛ c t ɛ d .,"{""mean_pitch_hz"": 691.87, ""pitch_range_hz"": 1249.46, ""mean_energy"": 0.0844, ""energy_range"": 0.2403, ""tempo_bpm"": 136.0, ""spectral_centroid"": 2971.91, ""spectral_rolloff"": 4974.17, ""duration_seconds"": 0.72}","{""pace"": ""normal"", ""volume"": ""normal"", ""pitch_variation"": ""low"", ""is_question"": false, ""has_pilot_address"": false, ""is_protocol"": false, ""is_acknowledgment"": false}",Threats detected.
BT-7274.Voicepack/bt_clips/563_Reapers_inbound.wav,"{""primary_emotion"": ""neutral"", ""primary_score"": 0.0, ""confidence"": 0.0, ""secondary_emotion"": null, ""all_scores"": {}}",563,reapers inbound,12,r iː p ɜːr s   ɪ n b aʊ n d .,"{""mean_pitch_hz"": 606.18, ""pitch_range_hz"": 1246.99, ""mean_energy"": 0.1211, ""energy_range"": 0.2578, ""tempo_bpm"": 178.21, ""spectral_centroid"": 1606.33, ""spectral_rolloff"": 2591.06, ""duration_seconds"": 0.84}","{""pace"": ""normal"", ""volume"": ""normal"", ""pitch_variation"": ""low"", ""is_question"": false, ""has_pilot_address"": false, ""is_protocol"": false, ""is_acknowledgment"": false}",Reapers inbound.
BT-7274.Voicepack/bt_clips/564_Unlikely_pilot.wav,"{""primary_emotion"": ""neutral"", ""primary_score"": 0.0, ""confidence"": 0.0, ""secondary_emotion"": null, ""all_scores"": {}}",564,unlikely pilot,15,"ʌ n l ɪ k ɛ l y ,   p ɪ l ɒ t .","{""mean_pitch_hz"": 858.45, ""pitch_range_hz"": 922.04, ""mean_energy"": 0.0699, ""energy_range"": 0.1116, ""tempo_bpm"": 123.05, ""spectral_centroid"": 1657.12, ""spectral_rolloff"": 2970.93, ""duration_seconds"": 0.76}","{""pace"": ""normal"", ""volume"": ""normal"", ""pitch_variation"": ""low"", ""is_question"": false, ""has_pilot_address"": true, ""is_protocol"": false, ""is_acknowledgment"": false}","Unlikely, pilot."
BT-7274.Voicepack/bt_clips/565_Pilot_the_fog_is_deadly_to.wav,"{""primary_emotion"": ""neutral"", ""primary_score"": 0.0, ""confidence"": 0.0, ""secondary_emotion"": null, ""all_scores"": {}}",565,pilot the fog is deadly to organic life,31,"p ɪ l ɒ t ,   θ ɛ   f ɒ g   ɪ s   d iː d l y   t ɒ   ɔːr g æ n ɪ c   l ɪ f ɛ .","{""mean_pitch_hz"": 489.59, ""pitch_range_hz"": 815.54, ""mean_energy"": 0.0547, ""energy_range"": 0.1577, ""tempo_bpm"": 97.51, ""spectral_centroid"": 2447.03, ""spectral_rolloff"": 4418.05, ""duration_seconds"": 2.2}","{""pace"": ""normal"", ""volume"": ""normal"", ""pitch_variation"": ""low"", ""is_question"": false, ""has_pilot_address"": true, ""is_protocol"": false, ""is_acknowledgment"": false}","Pilot, the fog is deadly to organic life."
BT-7274.Voicepack/bt_clips/566_We_cannot_uphold_the_mission_if.wav,"{""primary_emotion"": ""determined"", ""primary_score"": 0.8, ""confidence"": 0.1, ""secondary_emotion"": null, ""all_scores"": {""determined"": 0.8}}",566,we cannot uphold the mission if you are dead,32,w ɛ   c æ n n ɒ t   ʌ f ɒ l d   θ ɛ   m ɪ s s ɪ ɒ n   ɪ f   y aʊ   ɑːr ɛ   d iː d .,"{""mean_pitch_hz"": 373.51, ""pitch_range_hz"": 988.92, ""mean_energy"": 0.07, ""energy_range"": 0.1282, ""tempo_bpm"": 143.55, ""spectral_centroid"": 1862.41, ""spectral_rolloff"": 3350.67, ""duration_seconds"": 1.88}","{""pace"": ""normal"", ""volume"": ""normal"", ""pitch_variation"": ""low"", ""is_question"": false, ""has_pilot_address"": false, ""is_protocol"": false, ""is_acknowledgment"": false}",We cannot uphold the mission if you are dead.
BT-7274.Voicepack/bt_clips/567_You_will_be_safe_in_the.wav,"{""primary_emotion"": ""cautious"", ""primary_score"": 0.8, ""confidence"": 0.1, ""secondary_emotion"": ""determined"", ""all_scores"": {""cautious"": 0.8, ""determined"": 0.8, ""concerned"": 0.7}}",567,you will be safe in the cockpit,23,y aʊ   w ɪ l l   b ɛ   s æ f ɛ   ɪ n   θ ɛ   c ɒ k p ɪ t .,"{""mean_pitch_hz"": 597.09, ""pitch_range_hz"": 607.88, ""mean_energy"": 0.0622, ""energy_range"": 0.1564, ""tempo_bpm"": 132.51, ""spectral_centroid"": 2129.15, ""spectral_rolloff"": 3530.36, ""duration_seconds"": 1.38}","{""pace"": ""slow"", ""volume"": ""soft"", ""pitch_variation"": ""normal"", ""is_question"": false, ""has_pilot_address"": false, ""is_protocol"": false, ""is_acknowledgment"": false}",You will be safe in the cockpit.
BT-7274.Voicepack/bt_clips/568_Hostiles_confirmed.wav,"{""primary_emotion"": ""neutral"", ""primary_score"": 0.0, ""confidence"": 0.0, ""secondary_emotion"": null, ""all_scores"": {}}",568,hostiles confirmed,17,h ɒ s t ɪ l ɛ s   c ɒ n f ɪr m ɛ d .,"{""mean_pitch_hz"": 977.24, ""pitch_range_hz"": 643.06, ""mean_energy"": 0.1037, ""energy_range"": 0.2165, ""tempo_bpm"": 147.66, ""spectral_centroid"": 2443.48, ""spectral_rolloff"": 4091.58, ""duration_seconds"": 0.92}","{""pace"": ""normal"", ""volume"": ""normal"", ""pitch_variation"": ""low"", ""is_question"": false, ""has_pilot_address"": false, ""is_protocol"": false, ""is_acknowledgment"": false}",Hostiles confirmed.
BT-7274.Voicepack/bt_clips/569_The_stalkers_appear_to_be_programmed.wav,"{""primary_emotion"": ""neutral"", ""primary_score"": 0.0, ""confidence"": 0.0, ""secondary_emotion"": null, ""all_scores"": {}}",569,the stalkers appear to be programmed to attack the control room,48,θ ɛ   s t æ l k ɜːr s   æ p p iː r   t ɒ   b ɛ   p r ɒ g r æ m m ɛ d   t ɒ   æ t t æ k   θ ɛ   c ɒ n t r ɒ l   r uː m .,"{""mean_pitch_hz"": 615.1, ""pitch_range_hz"": 923.26, ""mean_energy"": 0.066, ""energy_range"": 0.2071, ""tempo_bpm"": 114.84, ""spectral_centroid"": 1926.02, ""spectral_rolloff"": 3267.34, ""duration_seconds"": 2.88}","{""pace"": ""normal"", ""volume"": ""normal"", ""pitch_variation"": ""low"", ""is_question"": false, ""has_pilot_address"": false, ""is_protocol"": false, ""is_acknowledgment"": false}",The stalkers appear to be programmed to attack the control room.
BT-7274.Voicepack/bt_clips/570_Pilot_Im_detecting_militia_forces_inside.wav,"{""primary_emotion"": ""neutral"", ""primary_score"": 0.0, ""confidence"": 0.0, ""secondary_emotion"": null, ""all_scores"": {}}",570,pilot im detecting militia forces inside that beacon control room,53,"p ɪ l ɒ t ,   ɪ m   d ɛ t ɛ c t ɪ ŋ   m ɪ l ɪ t ɪ æ   f ɔːr c ɛ s   ɪ n s ɪ d ɛ   θ æ t   b iː c ɒ n   c ɒ n t r ɒ l   r uː m .","{""mean_pitch_hz"": 447.49, ""pitch_range_hz"": 1237.48, ""mean_energy"": 0.073, ""energy_range"": 0.2392, ""tempo_bpm"": 123.05, ""spectral_centroid"": 2060.41, ""spectral_rolloff"": 3626.03, ""duration_seconds"": 3.66}","{""pace"": ""normal"", ""volume"": ""normal"", ""pitch_variation"": ""low"", ""is_question"": false, ""has_pilot_address"": true, ""is_protocol"": false, ""is_acknowledgment"": false}","Pilot, I'm detecting militia forces inside that beacon control room."
BT-7274.Voicepack/bt_clips/571_They_are_signaling_distress.wav,"{""primary_emotion"": ""neutral"", ""primary_score"": 0.0, ""confidence"": 0.0, ""secondary_emotion"": null, ""all_scores"": {}}",571,they are signaling distress,19,θ eɪ   ɑːr ɛ   s aɪn æ l ɪ ŋ   d ɪ s t r ɛ s s .,"{""mean_pitch_hz"": 695.41, ""pitch_range_hz"": 828.04, ""mean_energy"": 0.0697, ""energy_range"": 0.1637, ""tempo_bpm"": 147.66, ""spectral_centroid"": 2447.92, ""spectral_rolloff"": 4014.5, ""duration_seconds"": 1.12}","{""pace"": ""normal"", ""volume"": ""normal"", ""pitch_variation"": ""low"", ""is_question"": false, ""has_pilot_address"": false, ""is_protocol"": false, ""is_acknowledgment"": false}",They are signaling distress.
BT-7274.Voicepack/bt_clips/572_Patching_in.wav,"{""primary_emotion"": ""neutral"", ""primary_score"": 0.0, ""confidence"": 0.0, ""secondary_emotion"": null, ""all_scores"": {}}",572,patching in,9,p æ t tʃ ɪ ŋ   ɪ n .,"{""mean_pitch_hz"": 482.14, ""pitch_range_hz"": 1297.63, ""mean_energy"": 0.0858, ""energy_range"": 0.1915, ""tempo_bpm"": 166.71, ""spectral_centroid"": 1979.64, ""spectral_rolloff"": 3590.33, ""duration_seconds"": 0.56}","{""pace"": ""normal"", ""volume"": ""normal"", ""pitch_variation"": ""low"", ""is_question"": false, ""has_pilot_address"": false, ""is_protocol"": false, ""is_acknowledgment"": false}",Patching in.
BT-7274.Voicepack/bt_clips/573_I_recommend_we_help_eliminate_these.wav,"{""primary_emotion"": ""neutral"", ""primary_score"": 0.0, ""confidence"": 0.0, ""secondary_emotion"": null, ""all_scores"": {}}",573,i recommend we help eliminate these stalkers and then make direct contact with the militia riflemen,79,ɪ   r ɛ c ɒ m m ɛ n d   w ɛ   h ɛ l p   ɛ l ɪ m ɪ n æ t ɛ   θ ɛ s ɛ   s t æ l k ɜːr s   æ n d   θ ɛ n   m æ k ɛ   d ɪr ɛ c t   c ɒ n t æ c t   w ɪ θ   θ ɛ   m ɪ l ɪ t ɪ æ   r ɪ f l ɛ m ɛ n .,"{""mean_pitch_hz"": 443.4, ""pitch_range_hz"": 1418.17, ""mean_energy"": 0.0836, ""energy_range"": 0.1994, ""tempo_bpm"": 112.35, ""spectral_centroid"": 1826.06, ""spectral_rolloff"": 3059.66, ""duration_seconds"": 5.12}","{""pace"": ""normal"", ""volume"": ""normal"", ""pitch_variation"": ""low"", ""is_question"": false, ""has_pilot_address"": false, ""is_protocol"": false, ""is_acknowledgment"": false}",I recommend we help eliminate these stalkers and then make direct contact with the militia riflemen.
BT-7274.Voicepack/bt_clips/574_Interesting_tactic_pilot.wav,"{""primary_emotion"": ""neutral"", ""primary_score"": 0.0, ""confidence"": 0.0, ""secondary_emotion"": null, ""all_scores"": {}}",574,interesting tactic pilot,22,"ɪ n t ɜːr ɛ s t ɪ ŋ   t æ c t ɪ c ,   p ɪ l ɒ t .","{""mean_pitch_hz"": 322.06, ""pitch_range_hz"": 239.86, ""mean_energy"": 0.0854, ""energy_range"": 0.2243, ""tempo_bpm"": 156.61, ""spectral_centroid"": 1930.14, ""spectral_rolloff"": 3294.35, ""duration_seconds"": 1.08}","{""pace"": ""normal"", ""volume"": ""normal"", ""pitch_variation"": ""low"", ""is_question"": false, ""has_pilot_address"": true, ""is_protocol"": false, ""is_acknowledgment"": false}","Interesting tactic, pilot."
BT-7274.Voicepack/bt_clips/575_The_40_ton_mass_of_my.wav,"{""primary_emotion"": ""neutral"", ""primary_score"": 0.0, ""confidence"": 0.0, ""secondary_emotion"": null, ""all_scores"": {}}",575,the 40 ton mass of my chassis can eliminate stalkers more efficiently,52,θ ɛ     t ɒ n   m æ s s   ɒ f   m y   tʃ æ s s ɪ s   c æ n   ɛ l ɪ m ɪ n æ t ɛ   s t æ l k ɜːr s   m ɔːr ɛ   ɛ f f ɪ c iː n t l y .,"{""mean_pitch_hz"": 372.71, ""pitch_range_hz"": 1297.71, ""mean_energy"": 0.0643, ""energy_range"": 0.1937, ""tempo_bpm"": 139.67, ""spectral_centroid"": 2374.94, ""spectral_rolloff"": 4189.13, ""duration_seconds"": 4.08}","{""pace"": ""normal"", ""volume"": ""normal"", ""pitch_variation"": ""low"", ""is_question"": false, ""has_pilot_address"": false, ""is_protocol"": false, ""is_acknowledgment"": false}",The 40 ton mass of my chassis can eliminate stalkers more efficiently.
BT-7274.Voicepack/bt_clips/576_Tactical_option.wav,"{""primary_emotion"": ""neutral"", ""primary_score"": 0.0, ""confidence"": 0.0, ""secondary_emotion"": null, ""all_scores"": {}}",576,tactical option,15,t æ c t ɪ c æ l   ɒ p t ɪ ɒ n .,"{""mean_pitch_hz"": 734.24, ""pitch_range_hz"": 1186.52, ""mean_energy"": 0.0926, ""energy_range"": 0.1524, ""tempo_bpm"": 166.71, ""spectral_centroid"": 2036.4, ""spectral_rolloff"": 3397.81, ""duration_seconds"": 0.78}","{""pace"": ""normal"", ""volume"": ""normal"", ""pitch_variation"": ""low"", ""is_question"": false, ""has_pilot_address"": false, ""is_protocol"": false, ""is_acknowledgment"": false}",Tactical option.
BT-7274.Voicepack/bt_clips/577_Run_them_over.wav,"{""primary_emotion"": ""neutral"", ""primary_score"": 0.0, ""confidence"": 0.0, ""secondary_emotion"": null, ""all_scores"": {}}",577,run them over,10,r ʌ n   θ ɛ m   ɒ v ɜːr .,"{""mean_pitch_hz"": 557.59, ""pitch_range_hz"": 1111.95, ""mean_energy"": 0.1039, ""energy_range"": 0.1727, ""tempo_bpm"": 132.51, ""spectral_centroid"": 1581.71, ""spectral_rolloff"": 2798.55, ""duration_seconds"": 0.64}","{""pace"": ""normal"", ""volume"": ""normal"", ""pitch_variation"": ""low"", ""is_question"": false, ""has_pilot_address"": false, ""is_protocol"": false, ""is_acknowledgment"": false}",Run them over.
BT-7274.Voicepack/bt_clips/578_My_40_ton_chassis_can_eliminate.wav,"{""primary_emotion"": ""neutral"", ""primary_score"": 0.0, ""confidence"": 0.0, ""secondary_emotion"": null, ""all_scores"": {}}",578,my 40 ton chassis can eliminate smaller enemies,36,m y     t ɒ n   tʃ æ s s ɪ s   c æ n   ɛ l ɪ m ɪ n æ t ɛ   s m æ l l ɜːr   ɛ n ɛ m iː s .,"{""mean_pitch_hz"": 622.03, ""pitch_range_hz"": 1329.84, ""mean_energy"": 0.0749, ""energy_range"": 0.1932, ""tempo_bpm"": 132.51, ""spectral_centroid"": 2218.33, ""spectral_rolloff"": 3910.9, ""duration_seconds"": 2.66}","{""pace"": ""normal"", ""volume"": ""normal"", ""pitch_variation"": ""low"", ""is_question"": false, ""has_pilot_address"": false, ""is_protocol"": false, ""is_acknowledgment"": false}",My 40 ton chassis can eliminate smaller enemies.
BT-7274.Voicepack/bt_clips/579_Threat_neutralized.wav,"{""primary_emotion"": ""neutral"", ""primary_score"": 0.0, ""confidence"": 0.0, ""secondary_emotion"": null, ""all_scores"": {}}",579,threat neutralized,16,θ r iː t   n ɛ ʌ t r æ l ɪ z ɛ d .,"{""mean_pitch_hz"": 577.75, ""pitch_range_hz"": 938.4, ""mean_energy"": 0.0773, ""energy_range"": 0.182, ""tempo_bpm"": 147.66, ""spectral_centroid"": 2354.47, ""spectral_rolloff"": 3905.81, ""duration_seconds"": 0.96}","{""pace"": ""normal"", ""volume"": ""normal"", ""pitch_variation"": ""low"", ""is_question"": false, ""has_pilot_address"": false, ""is_protocol"": false, ""is_acknowledgment"": false}",Threat neutralized.
BT-7274.Voicepack/bt_clips/580_Well_done.wav,"{""primary_emotion"": ""positive"", ""primary_score"": 0.9, ""confidence"": 0.11, ""secondary_emotion"": null, ""all_scores"": {""positive"": 0.9}}",580,well done,9,w ɛ l l   d ɒ n ɛ .,"{""mean_pitch_hz"": 908.15, ""pitch_range_hz"": 856.78, ""mean_energy"": 0.0949, ""energy_range"": 0.1805, ""tempo_bpm"": 287.11, ""spectral_centroid"": 1338.21, ""spectral_rolloff"": 2021.37, ""duration_seconds"": 0.54}","{""pace"": ""normal"", ""volume"": ""loud"", ""pitch_variation"": ""normal"", ""is_question"": false, ""has_pilot_address"": false, ""is_protocol"": false, ""is_acknowledgment"": false}",Well done.
BT-7274.Voicepack/bt_clips/581_This_victory_has_raised_our_combat.wav,"{""primary_emotion"": ""neutral"", ""primary_score"": 0.0, ""confidence"": 0.0, ""secondary_emotion"": null, ""all_scores"": {}}",581,this victory has raised our combat efficiency rating,40,θ ɪ s   v ɪ c t ɔːr y   h æ s   r eɪ s ɛ d   aʊ r   c ɒ m b æ t   ɛ f f ɪ c iː n c y   r æ t ɪ ŋ .,"{""mean_pitch_hz"": 418.4, ""pitch_range_hz"": 862.04, ""mean_energy"": 0.077, ""energy_range"": 0.1625, ""tempo_bpm"": 136.0, ""spectral_centroid"": 2112.79, ""spectral_rolloff"": 3718.82, ""duration_seconds"": 2.52}","{""pace"": ""normal"", ""volume"": ""normal"", ""pitch_variation"": ""low"", ""is_question"": false, ""has_pilot_address"": false, ""is_protocol"": false, ""is_acknowledgment"": false}",This victory has raised our combat efficiency rating.
BT-7274.Voicepack/bt_clips/582_BT-7274_to_militia_forces.wav,"{""primary_emotion"": ""neutral"", ""primary_score"": 0.0, ""confidence"": 0.0, ""secondary_emotion"": null, ""all_scores"": {}}",582,bt7274 to militia forces,17,b t   t ɒ   m ɪ l ɪ t ɪ æ   f ɔːr c ɛ s .,"{""mean_pitch_hz"": 285.0, ""pitch_range_hz"": 284.62, ""mean_energy"": 0.0761, ""energy_range"": 0.1747, ""tempo_bpm"": 129.2, ""spectral_centroid"": 2412.69, ""spectral_rolloff"": 4345.72, ""duration_seconds"": 2.32}","{""pace"": ""normal"", ""volume"": ""normal"", ""pitch_variation"": ""low"", ""is_question"": false, ""has_pilot_address"": false, ""is_protocol"": false, ""is_acknowledgment"": false}",BT-7274 to militia forces.
BT-7274.Voicepack/bt_clips/583_All_threats_have_been_eliminated.wav,"{""primary_emotion"": ""neutral"", ""primary_score"": 0.0, ""confidence"": 0.0, ""secondary_emotion"": null, ""all_scores"": {}}",583,all threats have been eliminated,26,æ l l   θ r iː t s   h æ v ɛ   b iː n   ɛ l ɪ m ɪ n æ t ɛ d .,"{""mean_pitch_hz"": 408.03, ""pitch_range_hz"": 635.4, ""mean_energy"": 0.0722, ""energy_range"": 0.1522, ""tempo_bpm"": 109.96, ""spectral_centroid"": 2153.18, ""spectral_rolloff"": 3496.14, ""duration_seconds"": 1.28}","{""pace"": ""normal"", ""volume"": ""normal"", ""pitch_variation"": ""low"", ""is_question"": false, ""has_pilot_address"": false, ""is_protocol"": false, ""is_acknowledgment"": false}",All threats have been eliminated.
BT-7274.Voicepack/bt_clips/584_We_can_attempt_to_activate_the.wav,"{""primary_emotion"": ""neutral"", ""primary_score"": 0.0, ""confidence"": 0.0, ""secondary_emotion"": null, ""all_scores"": {}}",584,we can attempt to activate the beacon from the control room,46,w ɛ   c æ n   æ t t ɛ m p t   t ɒ   æ c t ɪ v æ t ɛ   θ ɛ   b iː c ɒ n   f r ɒ m   θ ɛ   c ɒ n t r ɒ l   r uː m .,"{""mean_pitch_hz"": 410.51, ""pitch_range_hz"": 499.1, ""mean_energy"": 0.0889, ""energy_range"": 0.2229, ""tempo_bpm"": 109.96, ""spectral_centroid"": 1715.56, ""spectral_rolloff"": 3022.77, ""duration_seconds"": 2.46}","{""pace"": ""normal"", ""volume"": ""normal"", ""pitch_variation"": ""low"", ""is_question"": false, ""has_pilot_address"": false, ""is_protocol"": false, ""is_acknowledgment"": false}",We can attempt to activate the beacon from the control room.
BT-7274.Voicepack/bt_clips/585_I_recommend_we_go_there.wav,"{""primary_emotion"": ""neutral"", ""primary_score"": 0.0, ""confidence"": 0.0, ""secondary_emotion"": null, ""all_scores"": {}}",585,i recommend we go there,18,ɪ   r ɛ c ɒ m m ɛ n d   w ɛ   g ɒ   θ ɜːr ɛ .,"{""mean_pitch_hz"": 405.68, ""pitch_range_hz"": 46.27, ""mean_energy"": 0.0756, ""energy_range"": 0.19, ""tempo_bpm"": 166.71, ""spectral_centroid"": 1591.13, ""spectral_rolloff"": 2420.05, ""duration_seconds"": 1.22}","{""pace"": ""normal"", ""volume"": ""normal"", ""pitch_variation"": ""low"", ""is_question"": false, ""has_pilot_address"": false, ""is_protocol"": false, ""is_acknowledgment"": false}",I recommend we go there.
BT-7274.Voicepack/bt_clips/586_We_should_get_moving_pilot.wav,"{""primary_emotion"": ""neutral"", ""primary_score"": 0.0, ""confidence"": 0.0, ""secondary_emotion"": null, ""all_scores"": {}}",586,we should get moving pilot,21,"w ɛ   ʃ aʊ l d   g ɛ t   m ɒ v ɪ ŋ ,   p ɪ l ɒ t .","{""mean_pitch_hz"": 614.87, ""pitch_range_hz"": 2044.26, ""mean_energy"": 0.0751, ""energy_range"": 0.1951, ""tempo_bpm"": 97.51, ""spectral_centroid"": 1577.22, ""spectral_rolloff"": 2654.63, ""duration_seconds"": 1.4}","{""pace"": ""normal"", ""volume"": ""normal"", ""pitch_variation"": ""low"", ""is_question"": false, ""has_pilot_address"": true, ""is_protocol"": false, ""is_acknowledgment"": false}","We should get moving, pilot."
BT-7274.Voicepack/bt_clips/587_Embark_and_we_will_move_out.wav,"{""primary_emotion"": ""commanding"", ""primary_score"": 0.9, ""confidence"": 0.11, ""secondary_emotion"": ""determined"", ""all_scores"": {""commanding"": 0.9, ""determined"": 0.8}}",587,embark and we will move out pilot,27,"ɛ m b ɑːr k   æ n d   w ɛ   w ɪ l l   m ɒ v ɛ   aʊ t ,   p ɪ l ɒ t .","{""mean_pitch_hz"": 709.16, ""pitch_range_hz"": 1052.22, ""mean_energy"": 0.0712, ""energy_range"": 0.163, ""tempo_bpm"": 132.51, ""spectral_centroid"": 1227.83, ""spectral_rolloff"": 1810.63, ""duration_seconds"": 1.62}","{""pace"": ""fast"", ""volume"": ""loud"", ""pitch_variation"": ""normal"", ""is_question"": false, ""has_pilot_address"": true, ""is_protocol"": false, ""is_acknowledgment"": false}","Embark and we will move out, pilot."
BT-7274.Voicepack/bt_clips/588_Thank_you_pilot.wav,"{""primary_emotion"": ""neutral"", ""primary_score"": 0.0, ""confidence"": 0.0, ""secondary_emotion"": null, ""all_scores"": {}}",588,thank you pilot,13,"θ æ n k   y aʊ ,   p ɪ l ɒ t .","{""mean_pitch_hz"": 364.65, ""pitch_range_hz"": 75.33, ""mean_energy"": 0.2792, ""energy_range"": 0.4888, ""tempo_bpm"": 215.33, ""spectral_centroid"": 1770.16, ""spectral_rolloff"": 3476.99, ""duration_seconds"": 1.4}","{""pace"": ""normal"", ""volume"": ""normal"", ""pitch_variation"": ""low"", ""is_question"": false, ""has_pilot_address"": true, ""is_protocol"": false, ""is_acknowledgment"": false}","Thank you, pilot."
BT-7274.Voicepack/bt_clips/589_Youre_welcome_pilot.wav,"{""primary_emotion"": ""neutral"", ""primary_score"": 0.0, ""confidence"": 0.0, ""secondary_emotion"": null, ""all_scores"": {}}",589,youre welcome pilot,18,"y aʊ r ɛ   w ɛ l c ɒ m ɛ ,   p ɪ l ɒ t .","{""mean_pitch_hz"": 377.48, ""pitch_range_hz"": 28.71, ""mean_energy"": 0.0613, ""energy_range"": 0.2179, ""tempo_bpm"": 114.84, ""spectral_centroid"": 1393.19, ""spectral_rolloff"": 2364.51, ""duration_seconds"": 1.2}","{""pace"": ""normal"", ""volume"": ""normal"", ""pitch_variation"": ""low"", ""is_question"": false, ""has_pilot_address"": true, ""is_protocol"": false, ""is_acknowledgment"": false}","You're welcome, pilot."
BT-7274.Voicepack/bt_clips/590_Good_luck_over_there.wav,"{""primary_emotion"": ""positive"", ""primary_score"": 0.9, ""confidence"": 0.11, ""secondary_emotion"": null, ""all_scores"": {""positive"": 0.9}}",590,good luck over there,13,g uː d   l ʌ k   ɒ v ɜːr   θ ɜːr ɛ .,"{""mean_pitch_hz"": 614.15, ""pitch_range_hz"": 1112.62, ""mean_energy"": 0.0436, ""energy_range"": 0.0989, ""tempo_bpm"": 178.21, ""spectral_centroid"": 1597.44, ""spectral_rolloff"": 2517.36, ""duration_seconds"": 0.98}","{""pace"": ""normal"", ""volume"": ""loud"", ""pitch_variation"": ""normal"", ""is_question"": false, ""has_pilot_address"": false, ""is_protocol"": false, ""is_acknowledgment"": false}",Good luck over there.
BT-7274.Voicepack/bt_clips/591_Copy_that.wav,"{""primary_emotion"": ""neutral"", ""primary_score"": 0.5, ""confidence"": 0.06, ""secondary_emotion"": null, ""all_scores"": {""neutral"": 0.5}}",591,copy that,8,c ɒ p y   θ æ t .,"{""mean_pitch_hz"": 813.53, ""pitch_range_hz"": 1291.42, ""mean_energy"": 0.0612, ""energy_range"": 0.0929, ""tempo_bpm"": 120.19, ""spectral_centroid"": 1803.41, ""spectral_rolloff"": 2866.21, ""duration_seconds"": 0.54}","{""pace"": ""normal"", ""volume"": ""normal"", ""pitch_variation"": ""low"", ""is_question"": false, ""has_pilot_address"": false, ""is_protocol"": false, ""is_acknowledgment"": true}",Copy that.
BT-7274.Voicepack/bt_clips/592_Noted_for_the_next_supply_drop.wav,"{""primary_emotion"": ""neutral"", ""primary_score"": 0.0, ""confidence"": 0.0, ""secondary_emotion"": null, ""all_scores"": {}}",592,noted for the next supply drop,24,n ɒ t ɛ d   f ɔːr   θ ɛ   n ɛ x t   s ʌ p p l y   d r ɒ p .,"{""mean_pitch_hz"": 348.23, ""pitch_range_hz"": 992.05, ""mean_energy"": 0.0525, ""energy_range"": 0.0879, ""tempo_bpm"": 152.0, ""spectral_centroid"": 1920.85, ""spectral_rolloff"": 3352.06, ""duration_seconds"": 1.36}","{""pace"": ""normal"", ""volume"": ""normal"", ""pitch_variation"": ""low"", ""is_question"": false, ""has_pilot_address"": false, ""is_protocol"": false, ""is_acknowledgment"": false}",Noted for the next supply drop.
BT-7274.Voicepack/bt_clips/593_Caution.wav,"{""primary_emotion"": ""cautious"", ""primary_score"": 0.8, ""confidence"": 0.1, ""secondary_emotion"": null, ""all_scores"": {""cautious"": 0.8}}",593,caution,7,c ɔː t ɪ ɒ n .,"{""mean_pitch_hz"": 975.43, ""pitch_range_hz"": 2128.98, ""mean_energy"": 0.0951, ""energy_range"": 0.1919, ""tempo_bpm"": 136.0, ""spectral_centroid"": 2154.41, ""spectral_rolloff"": 3698.79, ""duration_seconds"": 0.4}","{""pace"": ""slow"", ""volume"": ""soft"", ""pitch_variation"": ""normal"", ""is_question"": false, ""has_pilot_address"": false, ""is_protocol"": false, ""is_acknowledgment"": false}",Caution.
BT-7274.Voicepack/bt_clips/594_I_detect_traces_of_poisonous_chemicals.wav,"{""primary_emotion"": ""neutral"", ""primary_score"": 0.0, ""confidence"": 0.0, ""secondary_emotion"": null, ""all_scores"": {}}",594,i detect traces of poisonous chemicals within the fog,41,ɪ   d ɛ t ɛ c t   t r æ c ɛ s   ɒ f   p ɔɪ s ɒ n aʊ s   tʃ ɛ m ɪ c æ l s   w ɪ θ ɪ n   θ ɛ   f ɒ g .,"{""mean_pitch_hz"": 631.77, ""pitch_range_hz"": 825.49, ""mean_energy"": 0.0696, ""energy_range"": 0.1642, ""tempo_bpm"": 152.0, ""spectral_centroid"": 2095.82, ""spectral_rolloff"": 3673.05, ""duration_seconds"": 2.82}","{""pace"": ""normal"", ""volume"": ""normal"", ""pitch_variation"": ""low"", ""is_question"": false, ""has_pilot_address"": false, ""is_protocol"": false, ""is_acknowledgment"": false}",I detect traces of poisonous chemicals within the fog.
BT-7274.Voicepack/bt_clips/595_Scanning.wav,"{""primary_emotion"": ""neutral"", ""primary_score"": 0.0, ""confidence"": 0.0, ""secondary_emotion"": null, ""all_scores"": {}}",595,scanning,8,s c æ n n ɪ ŋ .,"{""mean_pitch_hz"": 369.51, ""pitch_range_hz"": 255.64, ""mean_energy"": 0.0577, ""energy_range"": 0.1463, ""tempo_bpm"": 136.0, ""spectral_centroid"": 2329.11, ""spectral_rolloff"": 3608.35, ""duration_seconds"": 0.48}","{""pace"": ""normal"", ""volume"": ""normal"", ""pitch_variation"": ""low"", ""is_question"": false, ""has_pilot_address"": false, ""is_protocol"": false, ""is_acknowledgment"": false}",Scanning.
BT-7274.Voicepack/bt_clips/596_The_ground_fog_is_a_toxic.wav,"{""primary_emotion"": ""neutral"", ""primary_score"": 0.0, ""confidence"": 0.0, ""secondary_emotion"": null, ""all_scores"": {}}",596,the ground fog is a toxic byproduct of the beacon power grid,44,θ ɛ   g r aʊ n d   f ɒ g   ɪ s   æ   t ɒ x ɪ c   b y p r ɒ d ʌ c t   ɒ f   θ ɛ   b iː c ɒ n   p oʊ ɜːr   g r ɪ d .,"{""mean_pitch_hz"": 530.85, ""pitch_range_hz"": 1175.61, ""mean_energy"": 0.0646, ""energy_range"": 0.1732, ""tempo_bpm"": 99.38, ""spectral_centroid"": 1897.0, ""spectral_rolloff"": 3228.4, ""duration_seconds"": 3.16}","{""pace"": ""normal"", ""volume"": ""normal"", ""pitch_variation"": ""low"", ""is_question"": false, ""has_pilot_address"": false, ""is_protocol"": false, ""is_acknowledgment"": false}",The ground fog is a toxic byproduct of the beacon power grid.
BT-7274.Voicepack/bt_clips/597_I_recommend_you_embark_when_operating.wav,"{""primary_emotion"": ""positive"", ""primary_score"": 0.9, ""confidence"": 0.11, ""secondary_emotion"": ""questioning"", ""all_scores"": {""positive"": 0.9, ""questioning"": 0.6}}",597,i recommend you embark when operating in hazardous environments with greater than 1 ppm tungsten hexafluoride,80,ɪ   r ɛ c ɒ m m ɛ n d   y aʊ   ɛ m b ɑːr k   w ɛ n   ɒ p ɜːr æ t ɪ ŋ   ɪ n   h æ z ɑːr d aʊ s   ɛ n v ɪr ɒ n m ɛ n t s   w ɪ θ   g r iː t ɜːr   θ æ n     p p m   t ʌ ŋ s t ɛ n   h ɛ x æ f l ʌ ɔːr ɪ d ɛ .,"{""mean_pitch_hz"": 568.89, ""pitch_range_hz"": 1471.86, ""mean_energy"": 0.0641, ""energy_range"": 0.1929, ""tempo_bpm"": 143.55, ""spectral_centroid"": 1697.85, ""spectral_rolloff"": 2806.17, ""duration_seconds"": 5.94}","{""pace"": ""normal"", ""volume"": ""loud"", ""pitch_variation"": ""normal"", ""is_question"": false, ""has_pilot_address"": false, ""is_protocol"": false, ""is_acknowledgment"": false}",I recommend you embark when operating in hazardous environments with greater than 1 ppm tungsten hexafluoride.
BT-7274.Voicepack/bt_clips/598_Pilot_Cooper.wav,"{""primary_emotion"": ""neutral"", ""primary_score"": 0.0, ""confidence"": 0.0, ""secondary_emotion"": null, ""all_scores"": {}}",598,pilot cooper,10,p ɪ l ɒ t   c uː p ɜːr .,"{""mean_pitch_hz"": 464.47, ""pitch_range_hz"": 1009.85, ""mean_energy"": 0.093, ""energy_range"": 0.1899, ""tempo_bpm"": 129.2, ""spectral_centroid"": 1506.6, ""spectral_rolloff"": 2558.5, ""duration_seconds"": 0.56}","{""pace"": ""normal"", ""volume"": ""normal"", ""pitch_variation"": ""low"", ""is_question"": false, ""has_pilot_address"": true, ""is_protocol"": false, ""is_acknowledgment"": false}",Pilot Cooper.
BT-7274.Voicepack/bt_clips/599_Anderson_is_dead_but_we_can.wav,"{""primary_emotion"": ""determined"", ""primary_score"": 0.8, ""confidence"": 0.1, ""secondary_emotion"": null, ""all_scores"": {""determined"": 0.8}}",599,anderson is dead but we can complete his mission if we can reestablish contact with the fleet,72,"æ n d ɜːr s ɒ n   ɪ s   d iː d ,   b ʌ t   w ɛ   c æ n   c ɒ m p l ɛ t ɛ   h ɪ s   m ɪ s s ɪ ɒ n   ɪ f   w ɛ   c æ n   r iː s t æ b l ɪ ʃ   c ɒ n t æ c t   w ɪ θ   θ ɛ   f l iː t .","{""mean_pitch_hz"": 290.72, ""pitch_range_hz"": 893.68, ""mean_energy"": 0.0636, ""energy_range"": 0.214, ""tempo_bpm"": 97.51, ""spectral_centroid"": 2145.25, ""spectral_rolloff"": 3765.37, ""duration_seconds"": 4.42}","{""pace"": ""normal"", ""volume"": ""normal"", ""pitch_variation"": ""low"", ""is_question"": false, ""has_pilot_address"": false, ""is_protocol"": false, ""is_acknowledgment"": false}","Anderson is dead, but we can complete his mission if we can reestablish contact with the fleet."
BT-7274.Voicepack/bt_clips/600_The_interstellar_beacon_ahead_will_serve.wav,"{""primary_emotion"": ""determined"", ""primary_score"": 0.8, ""confidence"": 0.1, ""secondary_emotion"": null, ""all_scores"": {""determined"": 0.8}}",600,the interstellar beacon ahead will serve our needs,36,θ ɛ   ɪ n t ɜːr s t ɛ l l ɑːr   b iː c ɒ n   æ h iː d   w ɪ l l   s ɜːr v ɛ   aʊ r   n iː d s .,"{""mean_pitch_hz"": 377.04, ""pitch_range_hz"": 1301.05, ""mean_energy"": 0.0587, ""energy_range"": 0.1807, ""tempo_bpm"": 92.29, ""spectral_centroid"": 1909.47, ""spectral_rolloff"": 3486.89, ""duration_seconds"": 2.68}","{""pace"": ""normal"", ""volume"": ""normal"", ""pitch_variation"": ""low"", ""is_question"": false, ""has_pilot_address"": false, ""is_protocol"": false, ""is_acknowledgment"": false}",The interstellar beacon ahead will serve our needs.
BT-7274.Voicepack/bt_clips/601_40_million_souls_on_the_planet.wav,"{""primary_emotion"": ""determined"", ""primary_score"": 0.8, ""confidence"": 0.1, ""secondary_emotion"": null, ""all_scores"": {""determined"": 0.8}}",601,40 million souls on the planet harmony will be lost,38,  m ɪ l l ɪ ɒ n   s aʊ l s   ɒ n   θ ɛ   p l æ n ɛ t   h ɑːr m ɒ n y   w ɪ l l   b ɛ   l ɒ s t .,"{""mean_pitch_hz"": 350.89, ""pitch_range_hz"": 913.22, ""mean_energy"": 0.0807, ""energy_range"": 0.1652, ""tempo_bpm"": 161.5, ""spectral_centroid"": 1910.67, ""spectral_rolloff"": 3323.91, ""duration_seconds"": 2.94}","{""pace"": ""normal"", ""volume"": ""normal"", ""pitch_variation"": ""low"", ""is_question"": false, ""has_pilot_address"": false, ""is_protocol"": false, ""is_acknowledgment"": false}",40 million souls on the planet Harmony will be lost.
BT-7274.Voicepack/bt_clips/602_We_must_get_this_information_to.wav,"{""primary_emotion"": ""commanding"", ""primary_score"": 0.9, ""confidence"": 0.11, ""secondary_emotion"": ""determined"", ""all_scores"": {""commanding"": 0.9, ""determined"": 0.8}}",602,we must get this information to srs commander sarah briggs,46,w ɛ   m ʌ s t   g ɛ t   θ ɪ s   ɪ n f ɔːr m æ t ɪ ɒ n   t ɒ   s r s   c ɒ m m æ n d ɜːr   s ɑːr æ h   b r ɪ g g s .,"{""mean_pitch_hz"": 375.21, ""pitch_range_hz"": 1039.89, ""mean_energy"": 0.078, ""energy_range"": 0.1696, ""tempo_bpm"": 132.51, ""spectral_centroid"": 2267.83, ""spectral_rolloff"": 3891.69, ""duration_seconds"": 3.26}","{""pace"": ""fast"", ""volume"": ""loud"", ""pitch_variation"": ""normal"", ""is_question"": false, ""has_pilot_address"": false, ""is_protocol"": false, ""is_acknowledgment"": false}",We must get this information to SRS Commander Sarah Briggs.
BT-7274.Voicepack/bt_clips/603_There_is_only_one_way_to.wav,"{""primary_emotion"": ""neutral"", ""primary_score"": 0.0, ""confidence"": 0.0, ""secondary_emotion"": null, ""all_scores"": {}}",603,there is only one way to find out,21,θ ɜːr ɛ   ɪ s   ɒ n l y   ɒ n ɛ   w eɪ   t ɒ   f aɪnd   aʊ t .,"{""mean_pitch_hz"": 210.23, ""pitch_range_hz"": 459.59, ""mean_energy"": 0.0849, ""energy_range"": 0.202, ""tempo_bpm"": 129.2, ""spectral_centroid"": 1805.92, ""spectral_rolloff"": 2975.7, ""duration_seconds"": 1.82}","{""pace"": ""normal"", ""volume"": ""normal"", ""pitch_variation"": ""low"", ""is_question"": false, ""has_pilot_address"": false, ""is_protocol"": false, ""is_acknowledgment"": false}",There is only one way to find out.
BT-7274.Voicepack/bt_clips/604_We_must_uphold_the_mission.wav,"{""primary_emotion"": ""determined"", ""primary_score"": 1.6, ""confidence"": 0.2, ""secondary_emotion"": null, ""all_scores"": {""determined"": 1.6}}",604,we must uphold the mission,21,w ɛ   m ʌ s t   ʌ f ɒ l d   θ ɛ   m ɪ s s ɪ ɒ n .,"{""mean_pitch_hz"": 217.62, ""pitch_range_hz"": 298.6, ""mean_energy"": 0.0725, ""energy_range"": 0.1313, ""tempo_bpm"": 129.2, ""spectral_centroid"": 1874.89, ""spectral_rolloff"": 3187.61, ""duration_seconds"": 1.42}","{""pace"": ""normal"", ""volume"": ""normal"", ""pitch_variation"": ""low"", ""is_question"": false, ""has_pilot_address"": false, ""is_protocol"": false, ""is_acknowledgment"": false}",We must uphold the mission.
BT-7274.Voicepack/bt_clips/605_Pilot.wav,"{""primary_emotion"": ""neutral"", ""primary_score"": 0.0, ""confidence"": 0.0, ""secondary_emotion"": null, ""all_scores"": {}}",605,pilot,6,p ɪ l ɒ t .,"{""mean_pitch_hz"": 896.65, ""pitch_range_hz"": 1181.3, ""mean_energy"": 0.1182, ""energy_range"": 0.2176, ""tempo_bpm"": 139.67, ""spectral_centroid"": 1560.82, ""spectral_rolloff"": 2800.18, ""duration_seconds"": 0.28}","{""pace"": ""normal"", ""volume"": ""normal"", ""pitch_variation"": ""low"", ""is_question"": false, ""has_pilot_address"": true, ""is_protocol"": false, ""is_acknowledgment"": false}",Pilot.
BT-7274.Voicepack/bt_clips/606_I_see_the_beacon_up_ahead.wav,"{""primary_emotion"": ""neutral"", ""primary_score"": 0.0, ""confidence"": 0.0, ""secondary_emotion"": null, ""all_scores"": {}}",606,i see the beacon up ahead,17,ɪ   s iː   θ ɛ   b iː c ɒ n   ʌ p   æ h iː d .,"{""mean_pitch_hz"": 273.67, ""pitch_range_hz"": 226.37, ""mean_energy"": 0.0602, ""energy_range"": 0.1541, ""tempo_bpm"": 107.67, ""spectral_centroid"": 2084.61, ""spectral_rolloff"": 3678.2, ""duration_seconds"": 1.38}","{""pace"": ""normal"", ""volume"": ""normal"", ""pitch_variation"": ""low"", ""is_question"": false, ""has_pilot_address"": false, ""is_protocol"": false, ""is_acknowledgment"": false}",I see the beacon up ahead.
BT-7274.Voicepack/bt_clips/607_Scans_detect_minimal_power_functionality.wav,"{""primary_emotion"": ""neutral"", ""primary_score"": 0.0, ""confidence"": 0.0, ""secondary_emotion"": null, ""all_scores"": {}}",607,scans detect minimal power functionality,35,s c æ n s   d ɛ t ɛ c t   m ɪ n ɪ m æ l   p oʊ ɜːr   f ʌ n c t ɪ ɒ n æ l ɪ t y .,"{""mean_pitch_hz"": 370.02, ""pitch_range_hz"": 1665.32, ""mean_energy"": 0.0885, ""energy_range"": 0.2014, ""tempo_bpm"": 143.55, ""spectral_centroid"": 1877.6, ""spectral_rolloff"": 3184.97, ""duration_seconds"": 1.92}","{""pace"": ""normal"", ""volume"": ""normal"", ""pitch_variation"": ""low"", ""is_question"": false, ""has_pilot_address"": false, ""is_protocol"": false, ""is_acknowledgment"": false}",Scans detect minimal power functionality.
BT-7274.Voicepack/bt_clips/608_It_may_need_repairs.wav,"{""primary_emotion"": ""neutral"", ""primary_score"": 0.0, ""confidence"": 0.0, ""secondary_emotion"": null, ""all_scores"": {}}",608,it may need repairs,14,ɪ t   m eɪ   n iː d   r ɛ p eɪ r s .,"{""mean_pitch_hz"": 448.84, ""pitch_range_hz"": 1580.16, ""mean_energy"": 0.0617, ""energy_range"": 0.0919, ""tempo_bpm"": 139.67, ""spectral_centroid"": 1631.55, ""spectral_rolloff"": 2546.02, ""duration_seconds"": 1.12}","{""pace"": ""normal"", ""volume"": ""normal"", ""pitch_variation"": ""low"", ""is_question"": false, ""has_pilot_address"": false, ""is_protocol"": false, ""is_acknowledgment"": false}",It may need repairs.
BT-7274.Voicepack/bt_clips/609_Caution.wav,"{""primary_emotion"": ""cautious"", ""primary_score"": 0.8, ""confidence"": 0.1, ""secondary_emotion"": null, ""all_scores"": {""cautious"": 0.8}}",609,caution,7,c ɔː t ɪ ɒ n .,"{""mean_pitch_hz"": 964.49, ""pitch_range_hz"": 144.97, ""mean_energy"": 0.1039, ""energy_range"": 0.1861, ""tempo_bpm"": 136.0, ""spectral_centroid"": 1903.18, ""spectral_rolloff"": 3264.97, ""duration_seconds"": 0.36}","{""pace"": ""slow"", ""volume"": ""soft"", ""pitch_variation"": ""normal"", ""is_question"": false, ""has_pilot_address"": false, ""is_protocol"": false, ""is_acknowledgment"": false}",Caution.
BT-7274.Voicepack/bt_clips/610_Im_picking_up_multiple_contacts.wav,"{""primary_emotion"": ""neutral"", ""primary_score"": 0.0, ""confidence"": 0.0, ""secondary_emotion"": null, ""all_scores"": {}}",610,im picking up multiple contacts,26,ɪ m   p ɪ k ɪ ŋ   ʌ p   m ʌ l t ɪ p l ɛ   c ɒ n t æ c t s .,"{""mean_pitch_hz"": 715.72, ""pitch_range_hz"": 1125.9, ""mean_energy"": 0.0629, ""energy_range"": 0.1591, ""tempo_bpm"": 99.38, ""spectral_centroid"": 1626.56, ""spectral_rolloff"": 2631.41, ""duration_seconds"": 2.0}","{""pace"": ""normal"", ""volume"": ""normal"", ""pitch_variation"": ""low"", ""is_question"": false, ""has_pilot_address"": false, ""is_protocol"": false, ""is_acknowledgment"": false}",I'm picking up multiple contacts.
BT-7274.Voicepack/bt_clips/611_Understood.wav,"{""primary_emotion"": ""neutral"", ""primary_score"": 0.5, ""confidence"": 0.06, ""secondary_emotion"": null, ""all_scores"": {""neutral"": 0.5}}",611,understood,9,ʌ n d ɜːr s t uː d .,"{""mean_pitch_hz"": 604.17, ""pitch_range_hz"": 998.24, ""mean_energy"": 0.095, ""energy_range"": 0.1482, ""tempo_bpm"": 136.0, ""spectral_centroid"": 2677.54, ""spectral_rolloff"": 4618.87, ""duration_seconds"": 0.36}","{""pace"": ""normal"", ""volume"": ""normal"", ""pitch_variation"": ""low"", ""is_question"": false, ""has_pilot_address"": false, ""is_protocol"": false, ""is_acknowledgment"": true}",Understood.
BT-7274.Voicepack/bt_clips/612_Pilot.wav,"{""primary_emotion"": ""neutral"", ""primary_score"": 0.0, ""confidence"": 0.0, ""secondary_emotion"": null, ""all_scores"": {}}",612,pilot,6,p ɪ l ɒ t .,"{""mean_pitch_hz"": 684.88, ""pitch_range_hz"": 1359.4, ""mean_energy"": 0.0886, ""energy_range"": 0.1363, ""tempo_bpm"": 136.0, ""spectral_centroid"": 1813.7, ""spectral_rolloff"": 3392.25, ""duration_seconds"": 0.32}","{""pace"": ""normal"", ""volume"": ""normal"", ""pitch_variation"": ""low"", ""is_question"": false, ""has_pilot_address"": true, ""is_protocol"": false, ""is_acknowledgment"": false}",Pilot.
BT-7274.Voicepack/bt_clips/613_Cooper.wav,"{""primary_emotion"": ""neutral"", ""primary_score"": 0.0, ""confidence"": 0.0, ""secondary_emotion"": null, ""all_scores"": {}}",613,cooper,5,c uː p ɜːr .,"{""mean_pitch_hz"": 348.89, ""pitch_range_hz"": 793.36, ""mean_energy"": 0.0483, ""energy_range"": 0.0745, ""tempo_bpm"": 136.0, ""spectral_centroid"": 1741.93, ""spectral_rolloff"": 3199.09, ""duration_seconds"": 0.26}","{""pace"": ""normal"", ""volume"": ""normal"", ""pitch_variation"": ""low"", ""is_question"": false, ""has_pilot_address"": false, ""is_protocol"": false, ""is_acknowledgment"": false}",Cooper.
BT-7274.Voicepack/bt_clips/614_I_advise_caution_while_navigating_this.wav,"{""primary_emotion"": ""cautious"", ""primary_score"": 0.8, ""confidence"": 0.1, ""secondary_emotion"": null, ""all_scores"": {""cautious"": 0.8}}",614,i advise caution while navigating this facilitys substation,49,ɪ   æ d v ɪ s ɛ   c ɔː t ɪ ɒ n   w ɪ l ɛ   n æ v ɪ g æ t ɪ ŋ   θ ɪ s   f æ c ɪ l ɪ t y s   s ʌ b s t æ t ɪ ɒ n .,"{""mean_pitch_hz"": 943.55, ""pitch_range_hz"": 1091.47, ""mean_energy"": 0.0757, ""energy_range"": 0.182, ""tempo_bpm"": 126.05, ""spectral_centroid"": 2400.45, ""spectral_rolloff"": 4039.94, ""duration_seconds"": 3.04}","{""pace"": ""slow"", ""volume"": ""soft"", ""pitch_variation"": ""normal"", ""is_question"": false, ""has_pilot_address"": false, ""is_protocol"": false, ""is_acknowledgment"": false}",I advise caution while navigating this facility's substation.
BT-7274.Voicepack/bt_clips/615_You_must_recover_the_arc_tool.wav,"{""primary_emotion"": ""determined"", ""primary_score"": 0.8, ""confidence"": 0.1, ""secondary_emotion"": null, ""all_scores"": {""determined"": 0.8}}",615,you must recover the arc tool,20,y aʊ   m ʌ s t   r ɛ c ɒ v ɜːr   θ ɛ   ɑːr c   t uː l .,"{""mean_pitch_hz"": 520.13, ""pitch_range_hz"": 1013.84, ""mean_energy"": 0.0865, ""energy_range"": 0.2031, ""tempo_bpm"": 95.7, ""spectral_centroid"": 1945.66, ""spectral_rolloff"": 3462.75, ""duration_seconds"": 1.4}","{""pace"": ""normal"", ""volume"": ""normal"", ""pitch_variation"": ""low"", ""is_question"": false, ""has_pilot_address"": false, ""is_protocol"": false, ""is_acknowledgment"": false}",You must recover the arc tool.
BT-7274.Voicepack/bt_clips/616_Understood.wav,"{""primary_emotion"": ""neutral"", ""primary_score"": 0.5, ""confidence"": 0.06, ""secondary_emotion"": null, ""all_scores"": {""neutral"": 0.5}}",616,understood,9,ʌ n d ɜːr s t uː d .,"{""mean_pitch_hz"": 484.53, ""pitch_range_hz"": 1005.99, ""mean_energy"": 0.0814, ""energy_range"": 0.1339, ""tempo_bpm"": 136.0, ""spectral_centroid"": 2598.22, ""spectral_rolloff"": 4537.63, ""duration_seconds"": 0.38}","{""pace"": ""normal"", ""volume"": ""normal"", ""pitch_variation"": ""low"", ""is_question"": false, ""has_pilot_address"": false, ""is_protocol"": false, ""is_acknowledgment"": true}",Understood.
BT-7274.Voicepack/bt_clips/617_Pilot.wav,"{""primary_emotion"": ""neutral"", ""primary_score"": 0.0, ""confidence"": 0.0, ""secondary_emotion"": null, ""all_scores"": {}}",617,pilot,6,p ɪ l ɒ t .,"{""mean_pitch_hz"": 753.27, ""pitch_range_hz"": 1305.0, ""mean_energy"": 0.0964, ""energy_range"": 0.1631, ""tempo_bpm"": 136.0, ""spectral_centroid"": 1769.63, ""spectral_rolloff"": 3226.14, ""duration_seconds"": 0.32}","{""pace"": ""normal"", ""volume"": ""normal"", ""pitch_variation"": ""low"", ""is_question"": false, ""has_pilot_address"": true, ""is_protocol"": false, ""is_acknowledgment"": false}",Pilot.
BT-7274.Voicepack/bt_clips/618_Jack.wav,"{""primary_emotion"": ""neutral"", ""primary_score"": 0.0, ""confidence"": 0.0, ""secondary_emotion"": null, ""all_scores"": {}}",618,jack,4,j æ k .,"{""mean_pitch_hz"": 850.89, ""pitch_range_hz"": 1935.53, ""mean_energy"": 0.0813, ""energy_range"": 0.0995, ""tempo_bpm"": 132.51, ""spectral_centroid"": 2121.74, ""spectral_rolloff"": 3485.3, ""duration_seconds"": 0.32}","{""pace"": ""normal"", ""volume"": ""normal"", ""pitch_variation"": ""low"", ""is_question"": false, ""has_pilot_address"": false, ""is_protocol"": false, ""is_acknowledgment"": false}",Jack.
BT-7274.Voicepack/bt_clips/619_Cooper.wav,"{""primary_emotion"": ""neutral"", ""primary_score"": 0.0, ""confidence"": 0.0, ""secondary_emotion"": null, ""all_scores"": {}}",619,cooper,5,c uː p ɜːr .,"{""mean_pitch_hz"": 358.76, ""pitch_range_hz"": 807.17, ""mean_energy"": 0.0483, ""energy_range"": 0.0771, ""tempo_bpm"": 136.0, ""spectral_centroid"": 1627.02, ""spectral_rolloff"": 2779.51, ""duration_seconds"": 0.28}","{""pace"": ""normal"", ""volume"": ""normal"", ""pitch_variation"": ""low"", ""is_question"": false, ""has_pilot_address"": false, ""is_protocol"": false, ""is_acknowledgment"": false}",Cooper.
BT-7274.Voicepack/bt_clips/620_I_advise_caution_while_navigating_this.wav,"{""primary_emotion"": ""cautious"", ""primary_score"": 0.8, ""confidence"": 0.1, ""secondary_emotion"": null, ""all_scores"": {""cautious"": 0.8}}",620,i advise caution while navigating this facilitys substation,49,ɪ   æ d v ɪ s ɛ   c ɔː t ɪ ɒ n   w ɪ l ɛ   n æ v ɪ g æ t ɪ ŋ   θ ɪ s   f æ c ɪ l ɪ t y s   s ʌ b s t æ t ɪ ɒ n .,"{""mean_pitch_hz"": 538.66, ""pitch_range_hz"": 1859.9, ""mean_energy"": 0.0672, ""energy_range"": 0.1946, ""tempo_bpm"": 126.05, ""spectral_centroid"": 2360.27, ""spectral_rolloff"": 4030.66, ""duration_seconds"": 3.54}","{""pace"": ""slow"", ""volume"": ""soft"", ""pitch_variation"": ""normal"", ""is_question"": false, ""has_pilot_address"": false, ""is_protocol"": false, ""is_acknowledgment"": false}",I advise caution while navigating this facility's substation.
BT-7274.Voicepack/bt_clips/621_You_must_recover_the_arc_tool.wav,"{""primary_emotion"": ""determined"", ""primary_score"": 0.8, ""confidence"": 0.1, ""secondary_emotion"": null, ""all_scores"": {""determined"": 0.8}}",621,you must recover the arc tool,20,y aʊ   m ʌ s t   r ɛ c ɒ v ɜːr   θ ɛ   ɑːr c   t uː l .,"{""mean_pitch_hz"": 516.04, ""pitch_range_hz"": 643.74, ""mean_energy"": 0.0855, ""energy_range"": 0.2031, ""tempo_bpm"": 95.7, ""spectral_centroid"": 1932.05, ""spectral_rolloff"": 3436.77, ""duration_seconds"": 1.4}","{""pace"": ""normal"", ""volume"": ""normal"", ""pitch_variation"": ""low"", ""is_question"": false, ""has_pilot_address"": false, ""is_protocol"": false, ""is_acknowledgment"": false}",You must recover the arc tool.
BT-7274.Voicepack/bt_clips/622_Pilot.wav,"{""primary_emotion"": ""neutral"", ""primary_score"": 0.0, ""confidence"": 0.0, ""secondary_emotion"": null, ""all_scores"": {}}",622,pilot,6,p ɪ l ɒ t .,"{""mean_pitch_hz"": 1051.07, ""pitch_range_hz"": 370.68, ""mean_energy"": 0.0797, ""energy_range"": 0.1343, ""tempo_bpm"": 136.0, ""spectral_centroid"": 1893.21, ""spectral_rolloff"": 3374.92, ""duration_seconds"": 0.3}","{""pace"": ""normal"", ""volume"": ""normal"", ""pitch_variation"": ""low"", ""is_question"": false, ""has_pilot_address"": true, ""is_protocol"": false, ""is_acknowledgment"": false}",Pilot.
BT-7274.Voicepack/bt_clips/623_The_power_chamber_relays_are_offline.wav,"{""primary_emotion"": ""neutral"", ""primary_score"": 0.0, ""confidence"": 0.0, ""secondary_emotion"": null, ""all_scores"": {}}",623,the power chamber relays are offline,25,θ ɛ   p oʊ ɜːr   tʃ æ m b ɜːr   r ɛ l eɪ s   ɑːr ɛ   ɒ f f l ɪ n ɛ .,"{""mean_pitch_hz"": 680.6, ""pitch_range_hz"": 1875.65, ""mean_energy"": 0.0784, ""energy_range"": 0.1977, ""tempo_bpm"": 136.0, ""spectral_centroid"": 1879.16, ""spectral_rolloff"": 3020.96, ""duration_seconds"": 1.82}","{""pace"": ""normal"", ""volume"": ""normal"", ""pitch_variation"": ""low"", ""is_question"": false, ""has_pilot_address"": false, ""is_protocol"": false, ""is_acknowledgment"": false}",The power chamber relays are offline.
BT-7274.Voicepack/bt_clips/624_The_arc_tool_should_be_able.wav,"{""primary_emotion"": ""neutral"", ""primary_score"": 0.0, ""confidence"": 0.0, ""secondary_emotion"": null, ""all_scores"": {}}",624,the arc tool should be able to jumpstart them manually,38,θ ɛ   ɑːr c   t uː l   ʃ aʊ l d   b ɛ   æ b l ɛ   t ɒ   j ʌ m s t ɑːr t   θ ɛ m   m æ n ʌ æ l l y .,"{""mean_pitch_hz"": 437.07, ""pitch_range_hz"": 873.46, ""mean_energy"": 0.0576, ""energy_range"": 0.1346, ""tempo_bpm"": 120.19, ""spectral_centroid"": 1909.77, ""spectral_rolloff"": 3353.97, ""duration_seconds"": 2.44}","{""pace"": ""normal"", ""volume"": ""normal"", ""pitch_variation"": ""low"", ""is_question"": false, ""has_pilot_address"": false, ""is_protocol"": false, ""is_acknowledgment"": false}",The arc tool should be able to jumpstart them manually.
BT-7274.Voicepack/bt_clips/625_The_captain_will_open_the_chamber.wav,"{""primary_emotion"": ""determined"", ""primary_score"": 0.8, ""confidence"": 0.1, ""secondary_emotion"": ""questioning"", ""all_scores"": {""determined"": 0.8, ""questioning"": 0.6}}",625,the captain will open the chamber door for you when you are ready,42,θ ɛ   c æ p t eɪ n   w ɪ l l   ɒ p ɛ n   θ ɛ   tʃ æ m b ɜːr   d uː r   f ɔːr   y aʊ   w ɛ n   y aʊ   ɑːr ɛ   r iː d y .,"{""mean_pitch_hz"": 354.05, ""pitch_range_hz"": 305.44, ""mean_energy"": 0.0731, ""energy_range"": 0.1623, ""tempo_bpm"": 172.27, ""spectral_centroid"": 1436.37, ""spectral_rolloff"": 2415.02, ""duration_seconds"": 2.64}","{""pace"": ""normal"", ""volume"": ""normal"", ""pitch_variation"": ""low"", ""is_question"": false, ""has_pilot_address"": false, ""is_protocol"": false, ""is_acknowledgment"": false}",The captain will open the chamber door for you when you are ready.
BT-7274.Voicepack/bt_clips/626_Caution.wav,"{""primary_emotion"": ""cautious"", ""primary_score"": 0.8, ""confidence"": 0.1, ""secondary_emotion"": null, ""all_scores"": {""cautious"": 0.8}}",626,caution,7,c ɔː t ɪ ɒ n .,"{""mean_pitch_hz"": 904.18, ""pitch_range_hz"": 247.92, ""mean_energy"": 0.0951, ""energy_range"": 0.2162, ""tempo_bpm"": 246.09, ""spectral_centroid"": 1920.38, ""spectral_rolloff"": 3189.24, ""duration_seconds"": 0.42}","{""pace"": ""slow"", ""volume"": ""soft"", ""pitch_variation"": ""normal"", ""is_question"": false, ""has_pilot_address"": false, ""is_protocol"": false, ""is_acknowledgment"": false}",Caution.
BT-7274.Voicepack/bt_clips/627_High_radiation_levels_detected_ahead.wav,"{""primary_emotion"": ""neutral"", ""primary_score"": 0.0, ""confidence"": 0.0, ""secondary_emotion"": null, ""all_scores"": {}}",627,high radiation levels detected ahead,30,h aɪ   r æ d ɪ æ t ɪ ɒ n   l ɛ v ɛ l s   d ɛ t ɛ c t ɛ d   æ h iː d .,"{""mean_pitch_hz"": 440.14, ""pitch_range_hz"": 20.14, ""mean_energy"": 0.0717, ""energy_range"": 0.1645, ""tempo_bpm"": 184.57, ""spectral_centroid"": 1917.11, ""spectral_rolloff"": 3184.16, ""duration_seconds"": 2.08}","{""pace"": ""normal"", ""volume"": ""normal"", ""pitch_variation"": ""low"", ""is_question"": false, ""has_pilot_address"": false, ""is_protocol"": false, ""is_acknowledgment"": false}",High radiation levels detected ahead.
BT-7274.Voicepack/bt_clips/628_Your_suit_will_only_protect_you.wav,"{""primary_emotion"": ""determined"", ""primary_score"": 0.8, ""confidence"": 0.1, ""secondary_emotion"": ""concerned"", ""all_scores"": {""determined"": 0.8, ""concerned"": 0.7}}",628,your suit will only protect you for a limited time inside the chamber,52,y aʊ r   s ʌ ɪ t   w ɪ l l   ɒ n l y   p r ɒ t ɛ c t   y aʊ   f ɔːr   æ   l ɪ m ɪ t ɛ d   t ɪ m ɛ   ɪ n s ɪ d ɛ   θ ɛ   tʃ æ m b ɜːr .,"{""mean_pitch_hz"": 586.55, ""pitch_range_hz"": 668.41, ""mean_energy"": 0.0687, ""energy_range"": 0.1616, ""tempo_bpm"": 129.2, ""spectral_centroid"": 1841.9, ""spectral_rolloff"": 3071.52, ""duration_seconds"": 3.2}","{""pace"": ""normal"", ""volume"": ""normal"", ""pitch_variation"": ""low"", ""is_question"": false, ""has_pilot_address"": false, ""is_protocol"": false, ""is_acknowledgment"": false}",Your suit will only protect you for a limited time inside the chamber.
BT-7274.Voicepack/bt_clips/629_I_suggest_you_move_quickly.wav,"{""primary_emotion"": ""urgent"", ""primary_score"": 1.0, ""confidence"": 0.12, ""secondary_emotion"": ""commanding"", ""all_scores"": {""urgent"": 1.0, ""commanding"": 0.9}}",629,i suggest you move quickly,21,ɪ   s ʌ g g ɛ s t   y aʊ   m ɒ v ɛ   q ʌ ɪ k l y .,"{""mean_pitch_hz"": 466.09, ""pitch_range_hz"": 743.48, ""mean_energy"": 0.0525, ""energy_range"": 0.1291, ""tempo_bpm"": 129.2, ""spectral_centroid"": 2152.78, ""spectral_rolloff"": 3892.81, ""duration_seconds"": 1.38}","{""pace"": ""fast"", ""volume"": ""loud"", ""pitch_variation"": ""normal"", ""is_question"": false, ""has_pilot_address"": false, ""is_protocol"": false, ""is_acknowledgment"": false}",I suggest you move quickly.
BT-7274.Voicepack/bt_clips/630_Power_at_100.wav,"{""primary_emotion"": ""neutral"", ""primary_score"": 0.0, ""confidence"": 0.0, ""secondary_emotion"": null, ""all_scores"": {}}",630,power at 100,6,p oʊ ɜːr   æ t   .,"{""mean_pitch_hz"": 657.39, ""pitch_range_hz"": 782.16, ""mean_energy"": 0.0927, ""energy_range"": 0.1958, ""tempo_bpm"": 123.05, ""spectral_centroid"": 1510.04, ""spectral_rolloff"": 2405.24, ""duration_seconds"": 1.42}","{""pace"": ""normal"", ""volume"": ""normal"", ""pitch_variation"": ""low"", ""is_question"": false, ""has_pilot_address"": false, ""is_protocol"": false, ""is_acknowledgment"": false}",Power at 100%.
BT-7274.Voicepack/bt_clips/631_I_recommend_you_exit_the_chamber.wav,"{""primary_emotion"": ""urgent"", ""primary_score"": 1.0, ""confidence"": 0.12, ""secondary_emotion"": null, ""all_scores"": {""urgent"": 1.0}}",631,i recommend you exit the chamber immediately,35,ɪ   r ɛ c ɒ m m ɛ n d   y aʊ   ɛ x ɪ t   θ ɛ   tʃ æ m b ɜːr   ɪ m m ɛ d ɪ æ t ɛ l y .,"{""mean_pitch_hz"": 614.56, ""pitch_range_hz"": 1622.69, ""mean_energy"": 0.0699, ""energy_range"": 0.1553, ""tempo_bpm"": 126.05, ""spectral_centroid"": 1880.26, ""spectral_rolloff"": 3294.9, ""duration_seconds"": 2.32}","{""pace"": ""fast"", ""volume"": ""loud"", ""pitch_variation"": ""normal"", ""is_question"": false, ""has_pilot_address"": false, ""is_protocol"": false, ""is_acknowledgment"": false}",I recommend you exit the chamber immediately.
BT-7274.Voicepack/bt_clips/632_Good_work_Pilot_Cooper.wav,"{""primary_emotion"": ""positive"", ""primary_score"": 0.9, ""confidence"": 0.11, ""secondary_emotion"": null, ""all_scores"": {""positive"": 0.9}}",632,good work pilot cooper,17,"g uː d   w ɔːr k ,   p ɪ l ɒ t   c uː p ɜːr .","{""mean_pitch_hz"": 375.45, ""pitch_range_hz"": 659.52, ""mean_energy"": 0.0951, ""energy_range"": 0.2682, ""tempo_bpm"": 191.41, ""spectral_centroid"": 1406.61, ""spectral_rolloff"": 2360.15, ""duration_seconds"": 0.94}","{""pace"": ""normal"", ""volume"": ""loud"", ""pitch_variation"": ""normal"", ""is_question"": false, ""has_pilot_address"": true, ""is_protocol"": false, ""is_acknowledgment"": false}","Good work, Pilot Cooper."
BT-7274.Voicepack/bt_clips/633_Now_we_can_jumpstart_the_power.wav,"{""primary_emotion"": ""neutral"", ""primary_score"": 0.0, ""confidence"": 0.0, ""secondary_emotion"": null, ""all_scores"": {}}",633,now we can jumpstart the power to get the beacon functional,42,n oʊ   w ɛ   c æ n   j ʌ m s t ɑːr t   θ ɛ   p oʊ ɜːr   t ɒ   g ɛ t   θ ɛ   b iː c ɒ n   f ʌ n c t ɪ ɒ n æ l .,"{""mean_pitch_hz"": 657.56, ""pitch_range_hz"": 1086.36, ""mean_energy"": 0.0801, ""energy_range"": 0.2123, ""tempo_bpm"": 129.2, ""spectral_centroid"": 1860.42, ""spectral_rolloff"": 3112.69, ""duration_seconds"": 2.62}","{""pace"": ""normal"", ""volume"": ""normal"", ""pitch_variation"": ""low"", ""is_question"": false, ""has_pilot_address"": false, ""is_protocol"": false, ""is_acknowledgment"": false}",Now we can jumpstart the power to get the beacon functional.
BT-7274.Voicepack/bt_clips/634_Stalker_down.wav,"{""primary_emotion"": ""neutral"", ""primary_score"": 0.0, ""confidence"": 0.0, ""secondary_emotion"": null, ""all_scores"": {}}",634,stalker down,10,s t æ l k ɜːr   d oʊ n .,"{""mean_pitch_hz"": 818.3, ""pitch_range_hz"": 687.6, ""mean_energy"": 0.1052, ""energy_range"": 0.2426, ""tempo_bpm"": 178.21, ""spectral_centroid"": 2007.42, ""spectral_rolloff"": 2867.68, ""duration_seconds"": 0.72}","{""pace"": ""normal"", ""volume"": ""normal"", ""pitch_variation"": ""low"", ""is_question"": false, ""has_pilot_address"": false, ""is_protocol"": false, ""is_acknowledgment"": false}",Stalker down.
BT-7274.Voicepack/bt_clips/635_Target_eliminated.wav,"{""primary_emotion"": ""neutral"", ""primary_score"": 0.0, ""confidence"": 0.0, ""secondary_emotion"": null, ""all_scores"": {}}",635,target eliminated,16,t ɑːr g ɛ t   ɛ l ɪ m ɪ n æ t ɛ d .,"{""mean_pitch_hz"": 398.9, ""pitch_range_hz"": 914.6, ""mean_energy"": 0.1077, ""energy_range"": 0.1859, ""tempo_bpm"": 120.19, ""spectral_centroid"": 1488.75, ""spectral_rolloff"": 2379.76, ""duration_seconds"": 0.74}","{""pace"": ""normal"", ""volume"": ""normal"", ""pitch_variation"": ""low"", ""is_question"": false, ""has_pilot_address"": false, ""is_protocol"": false, ""is_acknowledgment"": false}",Target eliminated.
BT-7274.Voicepack/bt_clips/636_Good_shot.wav,"{""primary_emotion"": ""positive"", ""primary_score"": 0.9, ""confidence"": 0.11, ""secondary_emotion"": null, ""all_scores"": {""positive"": 0.9}}",636,good shot,7,g uː d   ʃ ɒ t .,"{""mean_pitch_hz"": 593.89, ""pitch_range_hz"": 784.64, ""mean_energy"": 0.1229, ""energy_range"": 0.3031, ""tempo_bpm"": 123.05, ""spectral_centroid"": 2014.5, ""spectral_rolloff"": 3257.54, ""duration_seconds"": 0.58}","{""pace"": ""normal"", ""volume"": ""loud"", ""pitch_variation"": ""normal"", ""is_question"": false, ""has_pilot_address"": false, ""is_protocol"": false, ""is_acknowledgment"": false}",Good shot.
BT-7274.Voicepack/bt_clips/637_Reaper_down.wav,"{""primary_emotion"": ""neutral"", ""primary_score"": 0.0, ""confidence"": 0.0, ""secondary_emotion"": null, ""all_scores"": {}}",637,reaper down,8,r iː p ɜːr   d oʊ n .,"{""mean_pitch_hz"": 694.3, ""pitch_range_hz"": 1296.75, ""mean_energy"": 0.1287, ""energy_range"": 0.224, ""tempo_bpm"": 215.33, ""spectral_centroid"": 1625.43, ""spectral_rolloff"": 2404.14, ""duration_seconds"": 0.62}","{""pace"": ""normal"", ""volume"": ""normal"", ""pitch_variation"": ""low"", ""is_question"": false, ""has_pilot_address"": false, ""is_protocol"": false, ""is_acknowledgment"": false}",Reaper down.
BT-7274.Voicepack/bt_clips/638_Welcome_back_Cooper.wav,"{""primary_emotion"": ""neutral"", ""primary_score"": 0.0, ""confidence"": 0.0, ""secondary_emotion"": null, ""all_scores"": {}}",638,welcome back cooper,16,"w ɛ l c ɒ m ɛ   b æ k ,   c uː p ɜːr .","{""mean_pitch_hz"": 477.41, ""pitch_range_hz"": 840.96, ""mean_energy"": 0.1169, ""energy_range"": 0.2547, ""tempo_bpm"": 120.19, ""spectral_centroid"": 1489.39, ""spectral_rolloff"": 2388.55, ""duration_seconds"": 0.76}","{""pace"": ""normal"", ""volume"": ""normal"", ""pitch_variation"": ""low"", ""is_question"": false, ""has_pilot_address"": false, ""is_protocol"": false, ""is_acknowledgment"": false}","Welcome back, Cooper."
BT-7274.Voicepack/bt_clips/639_Recommend_we_secure_this_area_before.wav,"{""primary_emotion"": ""commanding"", ""primary_score"": 0.9, ""confidence"": 0.11, ""secondary_emotion"": null, ""all_scores"": {""commanding"": 0.9}}",639,recommend we secure this area before proceeding with the repairs,46,r ɛ c ɒ m m ɛ n d   w ɛ   s ɛ c ɜːr ɛ   θ ɪ s   ɑːr iː   b ɛ f ɔːr ɛ   p r ɒ c iː d ɪ ŋ   w ɪ θ   θ ɛ   r ɛ p eɪ r s .,"{""mean_pitch_hz"": 462.21, ""pitch_range_hz"": 1158.73, ""mean_energy"": 0.1026, ""energy_range"": 0.2686, ""tempo_bpm"": 129.2, ""spectral_centroid"": 1932.14, ""spectral_rolloff"": 3128.98, ""duration_seconds"": 2.92}","{""pace"": ""fast"", ""volume"": ""loud"", ""pitch_variation"": ""normal"", ""is_question"": false, ""has_pilot_address"": false, ""is_protocol"": false, ""is_acknowledgment"": false}",Recommend we secure this area before proceeding with the repairs.
BT-7274.Voicepack/bt_clips/640_All_threats_eliminated.wav,"{""primary_emotion"": ""neutral"", ""primary_score"": 0.0, ""confidence"": 0.0, ""secondary_emotion"": null, ""all_scores"": {}}",640,all threats eliminated,19,æ l l   θ r iː t s   ɛ l ɪ m ɪ n æ t ɛ d .,"{""mean_pitch_hz"": 457.42, ""pitch_range_hz"": 520.2, ""mean_energy"": 0.0838, ""energy_range"": 0.1678, ""tempo_bpm"": 126.05, ""spectral_centroid"": 2325.21, ""spectral_rolloff"": 3801.86, ""duration_seconds"": 1.1}","{""pace"": ""normal"", ""volume"": ""normal"", ""pitch_variation"": ""low"", ""is_question"": false, ""has_pilot_address"": false, ""is_protocol"": false, ""is_acknowledgment"": false}",All threats eliminated.
BT-7274.Voicepack/bt_clips/641_Area_secure.wav,"{""primary_emotion"": ""neutral"", ""primary_score"": 0.0, ""confidence"": 0.0, ""secondary_emotion"": null, ""all_scores"": {}}",641,area secure,8,ɑːr iː   s ɛ c ɜːr ɛ .,"{""mean_pitch_hz"": 392.05, ""pitch_range_hz"": 343.04, ""mean_energy"": 0.0709, ""energy_range"": 0.1025, ""tempo_bpm"": 112.35, ""spectral_centroid"": 2500.55, ""spectral_rolloff"": 4358.57, ""duration_seconds"": 0.78}","{""pace"": ""normal"", ""volume"": ""normal"", ""pitch_variation"": ""low"", ""is_question"": false, ""has_pilot_address"": false, ""is_protocol"": false, ""is_acknowledgment"": false}",Area secure.
BT-7274.Voicepack/bt_clips/642_Are_you_okay_Pilot.wav,"{""primary_emotion"": ""questioning"", ""primary_score"": 0.6, ""confidence"": 0.07, ""secondary_emotion"": null, ""all_scores"": {""questioning"": 0.6}}",642,are you okay pilot,14,"ɑːr ɛ   y aʊ   ɒ k eɪ ,   p ɪ l ɒ t ?","{""mean_pitch_hz"": 367.61, ""pitch_range_hz"": 122.13, ""mean_energy"": 0.1008, ""energy_range"": 0.2982, ""tempo_bpm"": 147.66, ""spectral_centroid"": 1510.09, ""spectral_rolloff"": 2489.49, ""duration_seconds"": 0.98}","{""pace"": ""normal"", ""volume"": ""normal"", ""pitch_variation"": ""high"", ""is_question"": true, ""has_pilot_address"": true, ""is_protocol"": false, ""is_acknowledgment"": false}","Are you okay, Pilot?"
BT-7274.Voicepack/bt_clips/643_Damage_report.wav,"{""primary_emotion"": ""neutral"", ""primary_score"": 0.0, ""confidence"": 0.0, ""secondary_emotion"": null, ""all_scores"": {}}",643,damage report,12,d æ m æ g ɛ   r ɛ p ɔːr t .,"{""mean_pitch_hz"": 526.18, ""pitch_range_hz"": 105.42, ""mean_energy"": 0.0785, ""energy_range"": 0.2243, ""tempo_bpm"": 139.67, ""spectral_centroid"": 1627.35, ""spectral_rolloff"": 2585.04, ""duration_seconds"": 0.7}","{""pace"": ""normal"", ""volume"": ""normal"", ""pitch_variation"": ""low"", ""is_question"": false, ""has_pilot_address"": false, ""is_protocol"": false, ""is_acknowledgment"": false}",Damage report.
BT-7274.Voicepack/bt_clips/644_Critical_systems_are_functioning_properl.wav,"{""primary_emotion"": ""urgent"", ""primary_score"": 1.0, ""confidence"": 0.12, ""secondary_emotion"": null, ""all_scores"": {""urgent"": 1.0}}",644,critical systems are functioning properly,35,c r ɪ t ɪ c æ l   s y s t ɛ m s   ɑːr ɛ   f ʌ n c t ɪ ɒ n ɪ ŋ   p r ɒ p ɜːr l y .,"{""mean_pitch_hz"": 588.66, ""pitch_range_hz"": 947.75, ""mean_energy"": 0.0824, ""energy_range"": 0.1914, ""tempo_bpm"": 143.55, ""spectral_centroid"": 2188.63, ""spectral_rolloff"": 3829.94, ""duration_seconds"": 1.76}","{""pace"": ""fast"", ""volume"": ""loud"", ""pitch_variation"": ""normal"", ""is_question"": false, ""has_pilot_address"": false, ""is_protocol"": false, ""is_acknowledgment"": false}",Critical systems are functioning properly.
BT-7274.Voicepack/bt_clips/645_And_despite_your_self-evaluation_I_am.wav,"{""primary_emotion"": ""neutral"", ""primary_score"": 0.0, ""confidence"": 0.0, ""secondary_emotion"": null, ""all_scores"": {}}",645,and despite your selfevaluation i am certain captain lastimosa would have said you fought well cooper,77,"æ n d   d ɛ s p ɪ t ɛ   y aʊ r   s ɛ l f ɛ v æ l ʌ æ t ɪ ɒ n ,   ɪ   æ m   c ɜːr t eɪ n   c æ p t eɪ n   l æ s t ɪ m ɒ s æ   w aʊ l d   h æ v ɛ   s eɪ d   y aʊ   f oʊ t   w ɛ l l ,   c uː p ɜːr .","{""mean_pitch_hz"": 555.93, ""pitch_range_hz"": 1288.59, ""mean_energy"": 0.0619, ""energy_range"": 0.1829, ""tempo_bpm"": 143.55, ""spectral_centroid"": 2035.47, ""spectral_rolloff"": 3524.97, ""duration_seconds"": 5.36}","{""pace"": ""normal"", ""volume"": ""normal"", ""pitch_variation"": ""low"", ""is_question"": false, ""has_pilot_address"": false, ""is_protocol"": false, ""is_acknowledgment"": false}","And despite your self-evaluation, I am certain Captain Lastimosa would have said you fought well, Cooper."
BT-7274.Voicepack/bt_clips/646_Your_vitals_do_not_indicate_a.wav,"{""primary_emotion"": ""neutral"", ""primary_score"": 0.0, ""confidence"": 0.0, ""secondary_emotion"": null, ""all_scores"": {}}",646,your vitals do not indicate a temperature problem,38,y aʊ r   v ɪ t æ l s   d ɒ   n ɒ t   aɪnd ɪ c æ t ɛ   æ   t ɛ m p ɜːr æ t ɜːr ɛ   p r ɒ b l ɛ m .,"{""mean_pitch_hz"": 581.24, ""pitch_range_hz"": 1994.35, ""mean_energy"": 0.0775, ""energy_range"": 0.2265, ""tempo_bpm"": 136.0, ""spectral_centroid"": 1691.15, ""spectral_rolloff"": 2936.78, ""duration_seconds"": 2.6}","{""pace"": ""normal"", ""volume"": ""normal"", ""pitch_variation"": ""low"", ""is_question"": false, ""has_pilot_address"": false, ""is_protocol"": false, ""is_acknowledgment"": false}",Your vitals do not indicate a temperature problem.
BT-7274.Voicepack/bt_clips/647_Do_you_wish_for_me_to.wav,"{""primary_emotion"": ""questioning"", ""primary_score"": 0.6, ""confidence"": 0.07, ""secondary_emotion"": null, ""all_scores"": {""questioning"": 0.6}}",647,do you wish for me to investigate this hot streak sensation further,49,d ɒ   y aʊ   w ɪ ʃ   f ɔːr   m ɛ   t ɒ   ɪ n v ɛ s t ɪ g æ t ɛ   θ ɪ s   h ɒ t   s t r iː k   s ɛ n s æ t ɪ ɒ n   f ɜːr θ ɜːr ?,"{""mean_pitch_hz"": 404.97, ""pitch_range_hz"": 1294.02, ""mean_energy"": 0.0626, ""energy_range"": 0.1501, ""tempo_bpm"": 83.35, ""spectral_centroid"": 2458.66, ""spectral_rolloff"": 4332.89, ""duration_seconds"": 3.28}","{""pace"": ""normal"", ""volume"": ""normal"", ""pitch_variation"": ""high"", ""is_question"": true, ""has_pilot_address"": false, ""is_protocol"": false, ""is_acknowledgment"": false}",Do you wish for me to investigate this hot streak sensation further?
BT-7274.Voicepack/bt_clips/648_Understood.wav,"{""primary_emotion"": ""neutral"", ""primary_score"": 0.5, ""confidence"": 0.06, ""secondary_emotion"": null, ""all_scores"": {""neutral"": 0.5}}",648,understood,9,ʌ n d ɜːr s t uː d .,"{""mean_pitch_hz"": 393.58, ""pitch_range_hz"": 21.39, ""mean_energy"": 0.0916, ""energy_range"": 0.1502, ""tempo_bpm"": 136.0, ""spectral_centroid"": 2361.19, ""spectral_rolloff"": 3888.76, ""duration_seconds"": 0.36}","{""pace"": ""normal"", ""volume"": ""normal"", ""pitch_variation"": ""low"", ""is_question"": false, ""has_pilot_address"": false, ""is_protocol"": false, ""is_acknowledgment"": true}",Understood.
BT-7274.Voicepack/bt_clips/649_I_have_added_hot_streak_to.wav,"{""primary_emotion"": ""neutral"", ""primary_score"": 0.0, ""confidence"": 0.0, ""secondary_emotion"": null, ""all_scores"": {}}",649,i have added hot streak to my vocabulary,32,ɪ   h æ v ɛ   æ d d ɛ d   h ɒ t   s t r iː k   t ɒ   m y   v ɒ c æ b ʌ l ɑːr y .,"{""mean_pitch_hz"": 697.87, ""pitch_range_hz"": 1473.72, ""mean_energy"": 0.0791, ""energy_range"": 0.2062, ""tempo_bpm"": 109.96, ""spectral_centroid"": 1946.92, ""spectral_rolloff"": 3182.32, ""duration_seconds"": 2.06}","{""pace"": ""normal"", ""volume"": ""normal"", ""pitch_variation"": ""low"", ""is_question"": false, ""has_pilot_address"": false, ""is_protocol"": false, ""is_acknowledgment"": false}",I have added hot streak to my vocabulary.
BT-7274.Voicepack/bt_clips/650_I_have_had_numerous_hot_streaks.wav,"{""primary_emotion"": ""neutral"", ""primary_score"": 0.0, ""confidence"": 0.0, ""secondary_emotion"": null, ""all_scores"": {}}",650,i have had numerous hot streaks within the past 38 standard hours,46,ɪ   h æ v ɛ   h æ d   n ʌ m ɜːr aʊ s   h ɒ t   s t r iː k s   w ɪ θ ɪ n   θ ɛ   p æ s t     s t æ n d ɑːr d   h aʊ r s .,"{""mean_pitch_hz"": 518.93, ""pitch_range_hz"": 975.79, ""mean_energy"": 0.0804, ""energy_range"": 0.2456, ""tempo_bpm"": 129.2, ""spectral_centroid"": 2186.05, ""spectral_rolloff"": 3657.85, ""duration_seconds"": 3.76}","{""pace"": ""normal"", ""volume"": ""normal"", ""pitch_variation"": ""low"", ""is_question"": false, ""has_pilot_address"": false, ""is_protocol"": false, ""is_acknowledgment"": false}",I have had numerous hot streaks within the past 38 standard hours.
BT-7274.Voicepack/bt_clips/651_Apparently.wav,"{""primary_emotion"": ""neutral"", ""primary_score"": 0.0, ""confidence"": 0.0, ""secondary_emotion"": null, ""all_scores"": {}}",651,apparently,10,æ p p ɑːr ɛ n t l y .,"{""mean_pitch_hz"": 789.11, ""pitch_range_hz"": 1475.47, ""mean_energy"": 0.0511, ""energy_range"": 0.0752, ""tempo_bpm"": 172.27, ""spectral_centroid"": 1588.55, ""spectral_rolloff"": 2462.72, ""duration_seconds"": 0.44}","{""pace"": ""normal"", ""volume"": ""normal"", ""pitch_variation"": ""low"", ""is_question"": false, ""has_pilot_address"": false, ""is_protocol"": false, ""is_acknowledgment"": false}",Apparently.
BT-7274.Voicepack/bt_clips/652_Broadcasting_data_stream.wav,"{""primary_emotion"": ""neutral"", ""primary_score"": 0.0, ""confidence"": 0.0, ""secondary_emotion"": null, ""all_scores"": {}}",652,broadcasting data stream,20,b r oʊ d c æ s t ɪ ŋ   d æ t æ   s t r iː m .,"{""mean_pitch_hz"": 422.38, ""pitch_range_hz"": 7.4, ""mean_energy"": 0.0787, ""energy_range"": 0.1813, ""tempo_bpm"": 147.66, ""spectral_centroid"": 2234.52, ""spectral_rolloff"": 3713.19, ""duration_seconds"": 1.26}","{""pace"": ""normal"", ""volume"": ""normal"", ""pitch_variation"": ""low"", ""is_question"": false, ""has_pilot_address"": false, ""is_protocol"": false, ""is_acknowledgment"": false}",Broadcasting data stream.
BT-7274.Voicepack/bt_clips/653_Awaiting_response.wav,"{""primary_emotion"": ""neutral"", ""primary_score"": 0.0, ""confidence"": 0.0, ""secondary_emotion"": null, ""all_scores"": {}}",653,awaiting response,14,ɔː eɪ t ɪ ŋ   r ɛ s p ɒ n s ɛ .,"{""mean_pitch_hz"": 298.96, ""pitch_range_hz"": 915.7, ""mean_energy"": 0.0582, ""energy_range"": 0.0931, ""tempo_bpm"": 143.55, ""spectral_centroid"": 2058.09, ""spectral_rolloff"": 3239.37, ""duration_seconds"": 0.9}","{""pace"": ""normal"", ""volume"": ""normal"", ""pitch_variation"": ""low"", ""is_question"": false, ""has_pilot_address"": false, ""is_protocol"": false, ""is_acknowledgment"": false}",Awaiting response.
BT-7274.Voicepack/bt_clips/654_Commander_Briggs.wav,"{""primary_emotion"": ""commanding"", ""primary_score"": 0.9, ""confidence"": 0.11, ""secondary_emotion"": null, ""all_scores"": {""commanding"": 0.9}}",654,commander briggs,15,c ɒ m m æ n d ɜːr   b r ɪ g g s .,"{""mean_pitch_hz"": 333.57, ""pitch_range_hz"": 308.59, ""mean_energy"": 0.0915, ""energy_range"": 0.185, ""tempo_bpm"": 156.61, ""spectral_centroid"": 1845.04, ""spectral_rolloff"": 2797.95, ""duration_seconds"": 0.72}","{""pace"": ""fast"", ""volume"": ""loud"", ""pitch_variation"": ""normal"", ""is_question"": false, ""has_pilot_address"": false, ""is_protocol"": false, ""is_acknowledgment"": false}",Commander Briggs.
BT-7274.Voicepack/bt_clips/655_This_is_BT-7274.wav,"{""primary_emotion"": ""neutral"", ""primary_score"": 0.0, ""confidence"": 0.0, ""secondary_emotion"": null, ""all_scores"": {}}",655,this is bt7274,8,θ ɪ s   ɪ s   b t .,"{""mean_pitch_hz"": 388.81, ""pitch_range_hz"": 1189.5, ""mean_energy"": 0.0665, ""energy_range"": 0.1378, ""tempo_bpm"": 114.84, ""spectral_centroid"": 2771.15, ""spectral_rolloff"": 5006.73, ""duration_seconds"": 1.9}","{""pace"": ""normal"", ""volume"": ""normal"", ""pitch_variation"": ""low"", ""is_question"": false, ""has_pilot_address"": false, ""is_protocol"": false, ""is_acknowledgment"": false}",This is BT-7274.
BT-7274.Voicepack/bt_clips/656_Protocol_2.wav,"{""primary_emotion"": ""determined"", ""primary_score"": 0.8, ""confidence"": 0.1, ""secondary_emotion"": null, ""all_scores"": {""determined"": 0.8}}",656,protocol 2,9,p r ɒ t ɒ c ɒ l   .,"{""mean_pitch_hz"": 555.5, ""pitch_range_hz"": 559.54, ""mean_energy"": 0.1117, ""energy_range"": 0.2311, ""tempo_bpm"": 156.61, ""spectral_centroid"": 1627.66, ""spectral_rolloff"": 2690.24, ""duration_seconds"": 0.7}","{""pace"": ""normal"", ""volume"": ""normal"", ""pitch_variation"": ""low"", ""is_question"": false, ""has_pilot_address"": false, ""is_protocol"": true, ""is_acknowledgment"": false}",Protocol 2.
BT-7274.Voicepack/bt_clips/657_Uphold_the_mission.wav,"{""primary_emotion"": ""determined"", ""primary_score"": 0.8, ""confidence"": 0.1, ""secondary_emotion"": null, ""all_scores"": {""determined"": 0.8}}",657,uphold the mission,15,ʌ f ɒ l d   θ ɛ   m ɪ s s ɪ ɒ n .,"{""mean_pitch_hz"": 824.54, ""pitch_range_hz"": 1846.92, ""mean_energy"": 0.092, ""energy_range"": 0.1616, ""tempo_bpm"": 161.5, ""spectral_centroid"": 1563.57, ""spectral_rolloff"": 2502.92, ""duration_seconds"": 0.78}","{""pace"": ""normal"", ""volume"": ""normal"", ""pitch_variation"": ""low"", ""is_question"": false, ""has_pilot_address"": false, ""is_protocol"": false, ""is_acknowledgment"": false}",Uphold the mission.
BT-7274.Voicepack/bt_clips/658_Report_intel_to_the_fleet_attached.wav,"{""primary_emotion"": ""neutral"", ""primary_score"": 0.0, ""confidence"": 0.0, ""secondary_emotion"": null, ""all_scores"": {}}",658,report intel to the fleet attached to the srs unit,37,r ɛ p ɔːr t   ɪ n t ɛ l   t ɒ   θ ɛ   f l iː t   æ t t æ tʃ ɛ d   t ɒ   θ ɛ   s r s   ʌ n ɪ t .,"{""mean_pitch_hz"": 386.13, ""pitch_range_hz"": 28.55, ""mean_energy"": 0.066, ""energy_range"": 0.2368, ""tempo_bpm"": 112.35, ""spectral_centroid"": 2182.74, ""spectral_rolloff"": 3697.68, ""duration_seconds"": 2.9}","{""pace"": ""normal"", ""volume"": ""normal"", ""pitch_variation"": ""low"", ""is_question"": false, ""has_pilot_address"": false, ""is_protocol"": false, ""is_acknowledgment"": false}",Report intel to the fleet attached to the SRS unit.
BT-7274.Voicepack/bt_clips/659_Correct.wav,"{""primary_emotion"": ""neutral"", ""primary_score"": 0.0, ""confidence"": 0.0, ""secondary_emotion"": null, ""all_scores"": {}}",659,correct,7,c ɔːr r ɛ c t .,"{""mean_pitch_hz"": 659.23, ""pitch_range_hz"": 647.5, ""mean_energy"": 0.1215, ""energy_range"": 0.2824, ""tempo_bpm"": 198.77, ""spectral_centroid"": 1812.3, ""spectral_rolloff"": 3216.45, ""duration_seconds"": 0.4}","{""pace"": ""normal"", ""volume"": ""normal"", ""pitch_variation"": ""low"", ""is_question"": false, ""has_pilot_address"": false, ""is_protocol"": false, ""is_acknowledgment"": false}",Correct.
BT-7274.Voicepack/bt_clips/660_Captain_Ty_Lastimosa_was_killed_in.wav,"{""primary_emotion"": ""neutral"", ""primary_score"": 0.0, ""confidence"": 0.0, ""secondary_emotion"": null, ""all_scores"": {}}",660,captain ty lastimosa was killed in action,35,c æ p t eɪ n   t y   l æ s t ɪ m ɒ s æ   w æ s   k ɪ l l ɛ d   ɪ n   æ c t ɪ ɒ n .,"{""mean_pitch_hz"": 605.06, ""pitch_range_hz"": 1192.17, ""mean_energy"": 0.0733, ""energy_range"": 0.2125, ""tempo_bpm"": 143.55, ""spectral_centroid"": 2335.98, ""spectral_rolloff"": 4371.41, ""duration_seconds"": 2.9}","{""pace"": ""normal"", ""volume"": ""normal"", ""pitch_variation"": ""low"", ""is_question"": false, ""has_pilot_address"": false, ""is_protocol"": false, ""is_acknowledgment"": false}",Captain Ty Lastimosa was killed in action.
BT-7274.Voicepack/bt_clips/661_I_am_now_linked_to_an.wav,"{""primary_emotion"": ""neutral"", ""primary_score"": 0.0, ""confidence"": 0.0, ""secondary_emotion"": null, ""all_scores"": {}}",661,i am now linked to an acting pilot,26,ɪ   æ m   n oʊ   l ɪ n k ɛ d   t ɒ   æ n   æ c t ɪ ŋ   p ɪ l ɒ t .,"{""mean_pitch_hz"": 857.61, ""pitch_range_hz"": 937.4, ""mean_energy"": 0.0917, ""energy_range"": 0.2193, ""tempo_bpm"": 132.51, ""spectral_centroid"": 1665.3, ""spectral_rolloff"": 2787.09, ""duration_seconds"": 1.88}","{""pace"": ""normal"", ""volume"": ""normal"", ""pitch_variation"": ""low"", ""is_question"": false, ""has_pilot_address"": true, ""is_protocol"": false, ""is_acknowledgment"": false}",I am now linked to an acting pilot.
BT-7274.Voicepack/bt_clips/662_Rifleman_Jack_Cooper.wav,"{""primary_emotion"": ""neutral"", ""primary_score"": 0.0, ""confidence"": 0.0, ""secondary_emotion"": null, ""all_scores"": {}}",662,rifleman jack cooper,16,r ɪ f l ɛ m æ n   j æ k   c uː p ɜːr .,"{""mean_pitch_hz"": 658.48, ""pitch_range_hz"": 1465.59, ""mean_energy"": 0.0666, ""energy_range"": 0.1183, ""tempo_bpm"": 120.19, ""spectral_centroid"": 1773.23, ""spectral_rolloff"": 3046.84, ""duration_seconds"": 1.14}","{""pace"": ""normal"", ""volume"": ""normal"", ""pitch_variation"": ""low"", ""is_question"": false, ""has_pilot_address"": false, ""is_protocol"": false, ""is_acknowledgment"": false}",Rifleman Jack Cooper.
BT-7274.Voicepack/bt_clips/663_Yes.wav,"{""primary_emotion"": ""neutral"", ""primary_score"": 0.0, ""confidence"": 0.0, ""secondary_emotion"": null, ""all_scores"": {}}",663,yes,4,y ɛ s .,"{""mean_pitch_hz"": 469.5, ""pitch_range_hz"": 91.43, ""mean_energy"": 0.0644, ""energy_range"": 0.1304, ""tempo_bpm"": 136.0, ""spectral_centroid"": 2847.5, ""spectral_rolloff"": 4513.22, ""duration_seconds"": 0.36}","{""pace"": ""normal"", ""volume"": ""normal"", ""pitch_variation"": ""low"", ""is_question"": false, ""has_pilot_address"": false, ""is_protocol"": false, ""is_acknowledgment"": false}",Yes.
BT-7274.Voicepack/bt_clips/664_He_had_no_other_options.wav,"{""primary_emotion"": ""neutral"", ""primary_score"": 0.0, ""confidence"": 0.0, ""secondary_emotion"": null, ""all_scores"": {}}",664,he had no other options,18,h ɛ   h æ d   n ɒ   ɒ θ ɜːr   ɒ p t ɪ ɒ n s .,"{""mean_pitch_hz"": 943.71, ""pitch_range_hz"": 1331.17, ""mean_energy"": 0.0667, ""energy_range"": 0.1801, ""tempo_bpm"": 126.05, ""spectral_centroid"": 2022.88, ""spectral_rolloff"": 3268.5, ""duration_seconds"": 1.42}","{""pace"": ""normal"", ""volume"": ""normal"", ""pitch_variation"": ""low"", ""is_question"": false, ""has_pilot_address"": false, ""is_protocol"": false, ""is_acknowledgment"": false}",He had no other options.
BT-7274.Voicepack/bt_clips/665_Objection.wav,"{""primary_emotion"": ""neutral"", ""primary_score"": 0.0, ""confidence"": 0.0, ""secondary_emotion"": null, ""all_scores"": {}}",665,objection,10,ɒ b j ɛ c t ɪ ɒ n .,"{""mean_pitch_hz"": 463.23, ""pitch_range_hz"": 260.01, ""mean_energy"": 0.0915, ""energy_range"": 0.2454, ""tempo_bpm"": 136.0, ""spectral_centroid"": 2139.48, ""spectral_rolloff"": 3659.21, ""duration_seconds"": 0.52}","{""pace"": ""normal"", ""volume"": ""normal"", ""pitch_variation"": ""low"", ""is_question"": false, ""has_pilot_address"": false, ""is_protocol"": false, ""is_acknowledgment"": false}",Objection.
BT-7274.Voicepack/bt_clips/666_Cooper_is_my_pilot.wav,"{""primary_emotion"": ""neutral"", ""primary_score"": 0.0, ""confidence"": 0.0, ""secondary_emotion"": null, ""all_scores"": {}}",666,cooper is my pilot,14,c uː p ɜːr   ɪ s   m y   p ɪ l ɒ t .,"{""mean_pitch_hz"": 333.94, ""pitch_range_hz"": 222.62, ""mean_energy"": 0.0731, ""energy_range"": 0.1938, ""tempo_bpm"": 129.2, ""spectral_centroid"": 1902.14, ""spectral_rolloff"": 3124.62, ""duration_seconds"": 1.3}","{""pace"": ""normal"", ""volume"": ""normal"", ""pitch_variation"": ""low"", ""is_question"": false, ""has_pilot_address"": true, ""is_protocol"": false, ""is_acknowledgment"": false}",Cooper is my pilot.
BT-7274.Voicepack/bt_clips/667_Our_combat_effectiveness_rating_now_exce.wav,"{""primary_emotion"": ""neutral"", ""primary_score"": 0.0, ""confidence"": 0.0, ""secondary_emotion"": null, ""all_scores"": {}}",667,our combat effectiveness rating now exceeds 90,35,aʊ r   c ɒ m b æ t   ɛ f f ɛ c t ɪ v ɛ n ɛ s s   r æ t ɪ ŋ   n oʊ   ɛ x c iː d s   .,"{""mean_pitch_hz"": 637.07, ""pitch_range_hz"": 1237.61, ""mean_energy"": 0.0599, ""energy_range"": 0.193, ""tempo_bpm"": 129.2, ""spectral_centroid"": 2347.34, ""spectral_rolloff"": 4195.92, ""duration_seconds"": 3.92}","{""pace"": ""normal"", ""volume"": ""normal"", ""pitch_variation"": ""low"", ""is_question"": false, ""has_pilot_address"": false, ""is_protocol"": false, ""is_acknowledgment"": false}",Our combat effectiveness rating now exceeds 90%.
BT-7274.Voicepack/bt_clips/668_Request_permission_to_retain_this_link.wav,"{""primary_emotion"": ""determined"", ""primary_score"": 0.8, ""confidence"": 0.1, ""secondary_emotion"": null, ""all_scores"": {""determined"": 0.8}}",668,request permission to retain this link,31,r ɛ q ʌ ɛ s t   p ɜːr m ɪ s s ɪ ɒ n   t ɒ   r ɛ t eɪ n   θ ɪ s   l ɪ n k .,"{""mean_pitch_hz"": 478.29, ""pitch_range_hz"": 725.11, ""mean_energy"": 0.0581, ""energy_range"": 0.191, ""tempo_bpm"": 132.51, ""spectral_centroid"": 2389.21, ""spectral_rolloff"": 4248.49, ""duration_seconds"": 2.16}","{""pace"": ""normal"", ""volume"": ""normal"", ""pitch_variation"": ""low"", ""is_question"": false, ""has_pilot_address"": false, ""is_protocol"": false, ""is_acknowledgment"": false}",Request permission to retain this link.
BT-7274.Voicepack/bt_clips/669_Do_not_be_afraid.wav,"{""primary_emotion"": ""concerned"", ""primary_score"": 0.7, ""confidence"": 0.09, ""secondary_emotion"": null, ""all_scores"": {""concerned"": 0.7}}",669,do not be afraid,13,d ɒ   n ɒ t   b ɛ   æ f r eɪ d .,"{""mean_pitch_hz"": 666.42, ""pitch_range_hz"": 1148.32, ""mean_energy"": 0.082, ""energy_range"": 0.1424, ""tempo_bpm"": 166.71, ""spectral_centroid"": 2145.67, ""spectral_rolloff"": 3929.54, ""duration_seconds"": 0.92}","{""pace"": ""slow"", ""volume"": ""soft"", ""pitch_variation"": ""high"", ""is_question"": false, ""has_pilot_address"": false, ""is_protocol"": false, ""is_acknowledgment"": false}",Do not be afraid.
BT-7274.Voicepack/bt_clips/670_Your_jump_kit_can_take_that.wav,"{""primary_emotion"": ""neutral"", ""primary_score"": 0.0, ""confidence"": 0.0, ""secondary_emotion"": null, ""all_scores"": {}}",670,your jump kit can take that fall,25,y aʊ r   j ʌ m p   k ɪ t   c æ n   t æ k ɛ   θ æ t   f æ l l .,"{""mean_pitch_hz"": 716.56, ""pitch_range_hz"": 2497.56, ""mean_energy"": 0.0596, ""energy_range"": 0.1422, ""tempo_bpm"": 166.71, ""spectral_centroid"": 1991.51, ""spectral_rolloff"": 3387.64, ""duration_seconds"": 1.66}","{""pace"": ""normal"", ""volume"": ""normal"", ""pitch_variation"": ""low"", ""is_question"": false, ""has_pilot_address"": false, ""is_protocol"": false, ""is_acknowledgment"": false}",Your jump kit can take that fall.
BT-7274.Voicepack/bt_clips/671_Pilot.wav,"{""primary_emotion"": ""neutral"", ""primary_score"": 0.0, ""confidence"": 0.0, ""secondary_emotion"": null, ""all_scores"": {}}",671,pilot,6,p ɪ l ɒ t .,"{""mean_pitch_hz"": 809.77, ""pitch_range_hz"": 928.3, ""mean_energy"": 0.1033, ""energy_range"": 0.1388, ""tempo_bpm"": 139.67, ""spectral_centroid"": 1539.04, ""spectral_rolloff"": 2304.05, ""duration_seconds"": 0.26}","{""pace"": ""normal"", ""volume"": ""normal"", ""pitch_variation"": ""low"", ""is_question"": false, ""has_pilot_address"": true, ""is_protocol"": false, ""is_acknowledgment"": false}",Pilot.
BT-7274.Voicepack/bt_clips/672_There_appears_to_be_an_override.wav,"{""primary_emotion"": ""neutral"", ""primary_score"": 0.0, ""confidence"": 0.0, ""secondary_emotion"": null, ""all_scores"": {}}",672,there appears to be an override switch on the central turbine,45,θ ɜːr ɛ   æ p p iː r s   t ɒ   b ɛ   æ n   ɒ v ɜːr r ɪ d ɛ   s w ɪ t tʃ   ɒ n   θ ɛ   c ɛ n t r æ l   t ɜːr b ɪ n ɛ .,"{""mean_pitch_hz"": 393.48, ""pitch_range_hz"": 108.48, ""mean_energy"": 0.0637, ""energy_range"": 0.1845, ""tempo_bpm"": 112.35, ""spectral_centroid"": 2079.47, ""spectral_rolloff"": 3461.4, ""duration_seconds"": 2.88}","{""pace"": ""normal"", ""volume"": ""normal"", ""pitch_variation"": ""low"", ""is_question"": false, ""has_pilot_address"": false, ""is_protocol"": false, ""is_acknowledgment"": false}",There appears to be an override switch on the central turbine.
BT-7274.Voicepack/bt_clips/673_Try_using_the_arc_tool_on.wav,"{""primary_emotion"": ""neutral"", ""primary_score"": 0.0, ""confidence"": 0.0, ""secondary_emotion"": null, ""all_scores"": {}}",673,try using the arc tool on that switch,25,t r y   ʌ s ɪ ŋ   θ ɛ   ɑːr c   t uː l   ɒ n   θ æ t   s w ɪ t tʃ .,"{""mean_pitch_hz"": 665.29, ""pitch_range_hz"": 805.03, ""mean_energy"": 0.0734, ""energy_range"": 0.1729, ""tempo_bpm"": 123.05, ""spectral_centroid"": 2022.61, ""spectral_rolloff"": 3385.91, ""duration_seconds"": 2.02}","{""pace"": ""normal"", ""volume"": ""normal"", ""pitch_variation"": ""low"", ""is_question"": false, ""has_pilot_address"": false, ""is_protocol"": false, ""is_acknowledgment"": false}",Try using the arc tool on that switch.
BT-7274.Voicepack/bt_clips/674_That_should_enable_you_to_run.wav,"{""primary_emotion"": ""neutral"", ""primary_score"": 0.0, ""confidence"": 0.0, ""secondary_emotion"": null, ""all_scores"": {}}",674,that should enable you to run across the face of the turbine,43,θ æ t   ʃ aʊ l d   ɛ n æ b l ɛ   y aʊ   t ɒ   r ʌ n   æ c r ɒ s s   θ ɛ   f æ c ɛ   ɒ f   θ ɛ   t ɜːr b ɪ n ɛ .,"{""mean_pitch_hz"": 438.72, ""pitch_range_hz"": 923.11, ""mean_energy"": 0.0555, ""energy_range"": 0.1063, ""tempo_bpm"": 139.67, ""spectral_centroid"": 2042.45, ""spectral_rolloff"": 3431.75, ""duration_seconds"": 2.82}","{""pace"": ""normal"", ""volume"": ""normal"", ""pitch_variation"": ""low"", ""is_question"": false, ""has_pilot_address"": false, ""is_protocol"": false, ""is_acknowledgment"": false}",That should enable you to run across the face of the turbine.
BT-7274.Voicepack/bt_clips/675_Scanning.wav,"{""primary_emotion"": ""neutral"", ""primary_score"": 0.0, ""confidence"": 0.0, ""secondary_emotion"": null, ""all_scores"": {}}",675,scanning,8,s c æ n n ɪ ŋ .,"{""mean_pitch_hz"": 389.58, ""pitch_range_hz"": 6.73, ""mean_energy"": 0.0582, ""energy_range"": 0.1896, ""tempo_bpm"": 132.51, ""spectral_centroid"": 2180.71, ""spectral_rolloff"": 3606.57, ""duration_seconds"": 0.52}","{""pace"": ""normal"", ""volume"": ""normal"", ""pitch_variation"": ""low"", ""is_question"": false, ""has_pilot_address"": false, ""is_protocol"": false, ""is_acknowledgment"": false}",Scanning.
BT-7274.Voicepack/bt_clips/676_Exposed_power_circuits.wav,"{""primary_emotion"": ""neutral"", ""primary_score"": 0.0, ""confidence"": 0.0, ""secondary_emotion"": null, ""all_scores"": {}}",676,exposed power circuits,18,ɛ x p ɒ s ɛ d   p oʊ ɜːr   c ɪr c ʌ ɪ t s .,"{""mean_pitch_hz"": 649.02, ""pitch_range_hz"": 1130.64, ""mean_energy"": 0.047, ""energy_range"": 0.1505, ""tempo_bpm"": 139.67, ""spectral_centroid"": 2614.13, ""spectral_rolloff"": 4842.0, ""duration_seconds"": 1.76}","{""pace"": ""normal"", ""volume"": ""normal"", ""pitch_variation"": ""low"", ""is_question"": false, ""has_pilot_address"": false, ""is_protocol"": false, ""is_acknowledgment"": false}",Exposed power circuits.
BT-7274.Voicepack/bt_clips/677_You_should_avoid_physical_contact.wav,"{""primary_emotion"": ""neutral"", ""primary_score"": 0.0, ""confidence"": 0.0, ""secondary_emotion"": null, ""all_scores"": {}}",677,you should avoid physical contact,25,y aʊ   ʃ aʊ l d   æ v ɔɪ d   f y s ɪ c æ l   c ɒ n t æ c t .,"{""mean_pitch_hz"": 542.67, ""pitch_range_hz"": 801.17, ""mean_energy"": 0.0684, ""energy_range"": 0.1226, ""tempo_bpm"": 147.66, ""spectral_centroid"": 2266.26, ""spectral_rolloff"": 3979.71, ""duration_seconds"": 1.58}","{""pace"": ""normal"", ""volume"": ""normal"", ""pitch_variation"": ""low"", ""is_question"": false, ""has_pilot_address"": false, ""is_protocol"": false, ""is_acknowledgment"": false}",You should avoid physical contact.
BT-7274.Voicepack/bt_clips/678_Proceed_forward_with_caution.wav,"{""primary_emotion"": ""commanding"", ""primary_score"": 0.9, ""confidence"": 0.11, ""secondary_emotion"": ""cautious"", ""all_scores"": {""commanding"": 0.9, ""cautious"": 0.8}}",678,proceed forward with caution,21,p r ɒ c iː d   f ɔːr w ɑːr d   w ɪ θ   c ɔː t ɪ ɒ n .,"{""mean_pitch_hz"": 746.11, ""pitch_range_hz"": 585.81, ""mean_energy"": 0.0687, ""energy_range"": 0.1237, ""tempo_bpm"": 123.05, ""spectral_centroid"": 2246.31, ""spectral_rolloff"": 3839.06, ""duration_seconds"": 1.38}","{""pace"": ""fast"", ""volume"": ""loud"", ""pitch_variation"": ""normal"", ""is_question"": false, ""has_pilot_address"": false, ""is_protocol"": false, ""is_acknowledgment"": false}",Proceed forward with caution.
BT-7274.Voicepack/bt_clips/679_Your_mission_is_to_obtain_an.wav,"{""primary_emotion"": ""determined"", ""primary_score"": 0.8, ""confidence"": 0.1, ""secondary_emotion"": null, ""all_scores"": {""determined"": 0.8}}",679,your mission is to obtain an arc tool,27,y aʊ r   m ɪ s s ɪ ɒ n   ɪ s   t ɒ   ɒ b t eɪ n   æ n   ɑːr c   t uː l .,"{""mean_pitch_hz"": 441.01, ""pitch_range_hz"": 1974.34, ""mean_energy"": 0.096, ""energy_range"": 0.2025, ""tempo_bpm"": 105.47, ""spectral_centroid"": 1843.1, ""spectral_rolloff"": 3086.69, ""duration_seconds"": 1.88}","{""pace"": ""normal"", ""volume"": ""normal"", ""pitch_variation"": ""low"", ""is_question"": false, ""has_pilot_address"": false, ""is_protocol"": false, ""is_acknowledgment"": false}",Your mission is to obtain an arc tool.
BT-7274.Voicepack/bt_clips/680_Using_it_we_can_jump_start.wav,"{""primary_emotion"": ""neutral"", ""primary_score"": 0.0, ""confidence"": 0.0, ""secondary_emotion"": null, ""all_scores"": {}}",680,using it we can jump start the power systems and get the beacon back online,55,"ʌ s ɪ ŋ   ɪ t ,   w ɛ   c æ n   j ʌ m p   s t ɑːr t   θ ɛ   p oʊ ɜːr   s y s t ɛ m s   æ n d   g ɛ t   θ ɛ   b iː c ɒ n   b æ k   ɒ n l ɪ n ɛ .","{""mean_pitch_hz"": 546.53, ""pitch_range_hz"": 979.67, ""mean_energy"": 0.1, ""energy_range"": 0.2771, ""tempo_bpm"": 126.05, ""spectral_centroid"": 1927.51, ""spectral_rolloff"": 3389.7, ""duration_seconds"": 3.92}","{""pace"": ""normal"", ""volume"": ""normal"", ""pitch_variation"": ""low"", ""is_question"": false, ""has_pilot_address"": false, ""is_protocol"": false, ""is_acknowledgment"": false}","Using it, we can jump start the power systems and get the beacon back online."
BT-7274.Voicepack/bt_clips/681_Scans_detect_its_signature_further_withi.wav,"{""primary_emotion"": ""neutral"", ""primary_score"": 0.0, ""confidence"": 0.0, ""secondary_emotion"": null, ""all_scores"": {}}",681,scans detect its signature further within this facilitys substation,52,s c æ n s   d ɛ t ɛ c t   ɪ t s   s aɪn æ t ɜːr ɛ   f ɜːr θ ɜːr   w ɪ θ ɪ n   θ ɪ s   f æ c ɪ l ɪ t y s   s ʌ b s t æ t ɪ ɒ n .,"{""mean_pitch_hz"": 406.63, ""pitch_range_hz"": 910.45, ""mean_energy"": 0.0902, ""energy_range"": 0.2383, ""tempo_bpm"": 126.05, ""spectral_centroid"": 2486.22, ""spectral_rolloff"": 4331.27, ""duration_seconds"": 3.38}","{""pace"": ""normal"", ""volume"": ""normal"", ""pitch_variation"": ""low"", ""is_question"": false, ""has_pilot_address"": false, ""is_protocol"": false, ""is_acknowledgment"": false}",Scans detect its signature further within this facility's substation.
BT-7274.Voicepack/bt_clips/682_Scans_reveal_a_maximum_depth_of.wav,"{""primary_emotion"": ""neutral"", ""primary_score"": 0.0, ""confidence"": 0.0, ""secondary_emotion"": null, ""all_scores"": {}}",682,scans reveal a maximum depth of 300 meters,30,s c æ n s   r ɛ v iː l   æ   m æ x ɪ m ʌ m   d ɛ p θ   ɒ f     m ɛ t ɜːr s .,"{""mean_pitch_hz"": 382.09, ""pitch_range_hz"": 1268.82, ""mean_energy"": 0.0727, ""energy_range"": 0.1618, ""tempo_bpm"": 109.96, ""spectral_centroid"": 2354.21, ""spectral_rolloff"": 4044.53, ""duration_seconds"": 2.96}","{""pace"": ""normal"", ""volume"": ""normal"", ""pitch_variation"": ""low"", ""is_question"": false, ""has_pilot_address"": false, ""is_protocol"": false, ""is_acknowledgment"": false}",Scans reveal a maximum depth of 300 meters.
BT-7274.Voicepack/bt_clips/683_The_stations_computer_details_this_locat.wav,"{""primary_emotion"": ""neutral"", ""primary_score"": 0.0, ""confidence"": 0.0, ""secondary_emotion"": null, ""all_scores"": {}}",683,the stations computer details this location as the power grid for an imc interstellar beacon,68,θ ɛ   s t æ t ɪ ɒ n s   c ɒ m p ʌ t ɜːr   d ɛ t eɪ l s   θ ɪ s   l ɒ c æ t ɪ ɒ n   æ s   θ ɛ   p oʊ ɜːr   g r ɪ d   f ɔːr   æ n   ɪ m c   ɪ n t ɜːr s t ɛ l l ɑːr   b iː c ɒ n .,"{""mean_pitch_hz"": 371.49, ""pitch_range_hz"": 1306.46, ""mean_energy"": 0.0538, ""energy_range"": 0.1582, ""tempo_bpm"": 117.45, ""spectral_centroid"": 2479.75, ""spectral_rolloff"": 4293.56, ""duration_seconds"": 5.76}","{""pace"": ""normal"", ""volume"": ""normal"", ""pitch_variation"": ""low"", ""is_question"": false, ""has_pilot_address"": false, ""is_protocol"": false, ""is_acknowledgment"": false}",The station's computer details this location as the power grid for an IMC interstellar beacon.
BT-7274.Voicepack/bt_clips/684_Pilot.wav,"{""primary_emotion"": ""neutral"", ""primary_score"": 0.0, ""confidence"": 0.0, ""secondary_emotion"": null, ""all_scores"": {}}",684,pilot,6,p ɪ l ɒ t .,"{""mean_pitch_hz"": 888.33, ""pitch_range_hz"": 1190.89, ""mean_energy"": 0.1042, ""energy_range"": 0.1799, ""tempo_bpm"": 139.67, ""spectral_centroid"": 1524.59, ""spectral_rolloff"": 2441.68, ""duration_seconds"": 0.26}","{""pace"": ""normal"", ""volume"": ""normal"", ""pitch_variation"": ""low"", ""is_question"": false, ""has_pilot_address"": true, ""is_protocol"": false, ""is_acknowledgment"": false}",Pilot.
BT-7274.Voicepack/bt_clips/685_I_have_patched_into_your_helmet.wav,"{""primary_emotion"": ""neutral"", ""primary_score"": 0.0, ""confidence"": 0.0, ""secondary_emotion"": null, ""all_scores"": {}}",685,i have patched into your helmet display to monitor your progress,50,ɪ   h æ v ɛ   p æ t tʃ ɛ d   ɪ n t ɒ   y aʊ r   h ɛ l m ɛ t   d ɪ s p l eɪ   t ɒ   m ɒ n ɪ t ɔːr   y aʊ r   p r ɒ g r ɛ s s .,"{""mean_pitch_hz"": 612.36, ""pitch_range_hz"": 1055.09, ""mean_energy"": 0.0675, ""energy_range"": 0.1983, ""tempo_bpm"": 107.67, ""spectral_centroid"": 1895.77, ""spectral_rolloff"": 3135.67, ""duration_seconds"": 3.08}","{""pace"": ""normal"", ""volume"": ""normal"", ""pitch_variation"": ""low"", ""is_question"": false, ""has_pilot_address"": false, ""is_protocol"": false, ""is_acknowledgment"": false}",I have patched into your helmet display to monitor your progress.
BT-7274.Voicepack/bt_clips/686_The_channel_is_open_if_you.wav,"{""primary_emotion"": ""neutral"", ""primary_score"": 0.0, ""confidence"": 0.0, ""secondary_emotion"": null, ""all_scores"": {}}",686,the channel is open if you need assistance,32,θ ɛ   tʃ æ n n ɛ l   ɪ s   ɒ p ɛ n   ɪ f   y aʊ   n iː d   æ s s ɪ s t æ n c ɛ .,"{""mean_pitch_hz"": 435.93, ""pitch_range_hz"": 16.71, ""mean_energy"": 0.0652, ""energy_range"": 0.1873, ""tempo_bpm"": 129.2, ""spectral_centroid"": 2457.2, ""spectral_rolloff"": 4403.47, ""duration_seconds"": 1.86}","{""pace"": ""normal"", ""volume"": ""normal"", ""pitch_variation"": ""low"", ""is_question"": false, ""has_pilot_address"": false, ""is_protocol"": false, ""is_acknowledgment"": false}",The channel is open if you need assistance.
BT-7274.Voicepack/bt_clips/687_Sensors_detect_a_power_control_room.wav,"{""primary_emotion"": ""neutral"", ""primary_score"": 0.0, ""confidence"": 0.0, ""secondary_emotion"": null, ""all_scores"": {}}",687,sensors detect a power control room located at the top of the silo,49,s ɛ n s ɔːr s   d ɛ t ɛ c t   æ   p oʊ ɜːr   c ɒ n t r ɒ l   r uː m   l ɒ c æ t ɛ d   æ t   θ ɛ   t ɒ p   ɒ f   θ ɛ   s ɪ l ɒ .,"{""mean_pitch_hz"": 516.46, ""pitch_range_hz"": 855.25, ""mean_energy"": 0.0755, ""energy_range"": 0.232, ""tempo_bpm"": 117.45, ""spectral_centroid"": 1854.14, ""spectral_rolloff"": 3100.98, ""duration_seconds"": 3.82}","{""pace"": ""normal"", ""volume"": ""normal"", ""pitch_variation"": ""low"", ""is_question"": false, ""has_pilot_address"": false, ""is_protocol"": false, ""is_acknowledgment"": false}",Sensors detect a power control room located at the top of the silo.
BT-7274.Voicepack/bt_clips/688_The_fan_exhaust_is_non-lethal.wav,"{""primary_emotion"": ""neutral"", ""primary_score"": 0.0, ""confidence"": 0.0, ""secondary_emotion"": null, ""all_scores"": {}}",688,the fan exhaust is nonlethal,22,θ ɛ   f æ n   ɛ x h ɔː s t   ɪ s   n ɒ n l ɛ θ æ l .,"{""mean_pitch_hz"": 502.79, ""pitch_range_hz"": 1140.96, ""mean_energy"": 0.0601, ""energy_range"": 0.1176, ""tempo_bpm"": 143.55, ""spectral_centroid"": 2478.57, ""spectral_rolloff"": 4285.83, ""duration_seconds"": 1.74}","{""pace"": ""normal"", ""volume"": ""normal"", ""pitch_variation"": ""low"", ""is_question"": false, ""has_pilot_address"": false, ""is_protocol"": false, ""is_acknowledgment"": false}",The fan exhaust is non-lethal.
BT-7274.Voicepack/bt_clips/689_Bypass_successful.wav,"{""primary_emotion"": ""neutral"", ""primary_score"": 0.0, ""confidence"": 0.0, ""secondary_emotion"": null, ""all_scores"": {}}",689,bypass successful,17,b y p æ s s   s ʌ c c ɛ s s f ʌ l .,"{""mean_pitch_hz"": 793.26, ""pitch_range_hz"": 1216.91, ""mean_energy"": 0.086, ""energy_range"": 0.1703, ""tempo_bpm"": 109.96, ""spectral_centroid"": 3109.25, ""spectral_rolloff"": 5176.39, ""duration_seconds"": 1.06}","{""pace"": ""normal"", ""volume"": ""normal"", ""pitch_variation"": ""low"", ""is_question"": false, ""has_pilot_address"": false, ""is_protocol"": false, ""is_acknowledgment"": false}",Bypass successful.
BT-7274.Voicepack/bt_clips/690_The_fan_exhaust_is_offline.wav,"{""primary_emotion"": ""neutral"", ""primary_score"": 0.0, ""confidence"": 0.0, ""secondary_emotion"": null, ""all_scores"": {}}",690,the fan exhaust is offline,21,θ ɛ   f æ n   ɛ x h ɔː s t   ɪ s   ɒ f f l ɪ n ɛ .,"{""mean_pitch_hz"": 718.82, ""pitch_range_hz"": 985.79, ""mean_energy"": 0.0603, ""energy_range"": 0.1189, ""tempo_bpm"": 152.0, ""spectral_centroid"": 2483.56, ""spectral_rolloff"": 4162.4, ""duration_seconds"": 1.46}","{""pace"": ""normal"", ""volume"": ""normal"", ""pitch_variation"": ""low"", ""is_question"": false, ""has_pilot_address"": false, ""is_protocol"": false, ""is_acknowledgment"": false}",The fan exhaust is offline.
BT-7274.Voicepack/bt_clips/691_Arc_tool_detected_at_30_meters.wav,"{""primary_emotion"": ""neutral"", ""primary_score"": 0.0, ""confidence"": 0.0, ""secondary_emotion"": null, ""all_scores"": {}}",691,arc tool detected at 30 meters,21,ɑːr c   t uː l   d ɛ t ɛ c t ɛ d   æ t     m ɛ t ɜːr s .,"{""mean_pitch_hz"": 766.11, ""pitch_range_hz"": 884.68, ""mean_energy"": 0.0752, ""energy_range"": 0.2188, ""tempo_bpm"": 152.0, ""spectral_centroid"": 2127.84, ""spectral_rolloff"": 3711.54, ""duration_seconds"": 1.66}","{""pace"": ""normal"", ""volume"": ""normal"", ""pitch_variation"": ""low"", ""is_question"": false, ""has_pilot_address"": false, ""is_protocol"": false, ""is_acknowledgment"": false}",Arc tool detected at 30 meters.
BT-7274.Voicepack/bt_clips/692_Well_done_pilot.wav,"{""primary_emotion"": ""positive"", ""primary_score"": 0.9, ""confidence"": 0.11, ""secondary_emotion"": null, ""all_scores"": {""positive"": 0.9}}",692,well done pilot,15,"w ɛ l l   d ɒ n ɛ ,   p ɪ l ɒ t .","{""mean_pitch_hz"": 607.99, ""pitch_range_hz"": 937.19, ""mean_energy"": 0.0963, ""energy_range"": 0.1995, ""tempo_bpm"": 139.67, ""spectral_centroid"": 1313.97, ""spectral_rolloff"": 2006.63, ""duration_seconds"": 0.74}","{""pace"": ""normal"", ""volume"": ""loud"", ""pitch_variation"": ""normal"", ""is_question"": false, ""has_pilot_address"": true, ""is_protocol"": false, ""is_acknowledgment"": false}","Well done, pilot."
BT-7274.Voicepack/bt_clips/693_You_have_acquired_the_arc_tool.wav,"{""primary_emotion"": ""neutral"", ""primary_score"": 0.0, ""confidence"": 0.0, ""secondary_emotion"": null, ""all_scores"": {}}",693,you have acquired the arc tool,21,y aʊ   h æ v ɛ   æ c q ʌ ɪr ɛ d   θ ɛ   ɑːr c   t uː l .,"{""mean_pitch_hz"": 723.81, ""pitch_range_hz"": 627.96, ""mean_energy"": 0.0699, ""energy_range"": 0.2307, ""tempo_bpm"": 143.55, ""spectral_centroid"": 1615.66, ""spectral_rolloff"": 2872.7, ""duration_seconds"": 1.44}","{""pace"": ""normal"", ""volume"": ""normal"", ""pitch_variation"": ""low"", ""is_question"": false, ""has_pilot_address"": false, ""is_protocol"": false, ""is_acknowledgment"": false}",You have acquired the arc tool.
BT-7274.Voicepack/bt_clips/694_Return_to_the_control_room.wav,"{""primary_emotion"": ""neutral"", ""primary_score"": 0.0, ""confidence"": 0.0, ""secondary_emotion"": null, ""all_scores"": {}}",694,return to the control room,20,r ɛ t ɜːr n   t ɒ   θ ɛ   c ɒ n t r ɒ l   r uː m .,"{""mean_pitch_hz"": 518.95, ""pitch_range_hz"": 1904.67, ""mean_energy"": 0.0706, ""energy_range"": 0.1614, ""tempo_bpm"": 117.45, ""spectral_centroid"": 1520.4, ""spectral_rolloff"": 2616.83, ""duration_seconds"": 1.14}","{""pace"": ""normal"", ""volume"": ""normal"", ""pitch_variation"": ""low"", ""is_question"": false, ""has_pilot_address"": false, ""is_protocol"": false, ""is_acknowledgment"": false}",Return to the control room.
BT-7274.Voicepack/bt_clips/695_We_are_ready_to_jump_start.wav,"{""primary_emotion"": ""neutral"", ""primary_score"": 0.0, ""confidence"": 0.0, ""secondary_emotion"": null, ""all_scores"": {}}",695,we are ready to jump start the system,27,w ɛ   ɑːr ɛ   r iː d y   t ɒ   j ʌ m p   s t ɑːr t   θ ɛ   s y s t ɛ m .,"{""mean_pitch_hz"": 385.15, ""pitch_range_hz"": 1483.03, ""mean_energy"": 0.0508, ""energy_range"": 0.1133, ""tempo_bpm"": 93.96, ""spectral_centroid"": 2190.53, ""spectral_rolloff"": 3709.19, ""duration_seconds"": 1.96}","{""pace"": ""normal"", ""volume"": ""normal"", ""pitch_variation"": ""low"", ""is_question"": false, ""has_pilot_address"": false, ""is_protocol"": false, ""is_acknowledgment"": false}",We are ready to jump start the system.
BT-7274.Voicepack/bt_clips/696_Trust_me.wav,"{""primary_emotion"": ""neutral"", ""primary_score"": 0.0, ""confidence"": 0.0, ""secondary_emotion"": null, ""all_scores"": {}}",696,trust me,8,t r ʌ s t   m ɛ .,"{""mean_pitch_hz"": 594.79, ""pitch_range_hz"": 1001.29, ""mean_energy"": 0.0496, ""energy_range"": 0.1228, ""tempo_bpm"": 132.51, ""spectral_centroid"": 2984.01, ""spectral_rolloff"": 6118.12, ""duration_seconds"": 0.64}","{""pace"": ""normal"", ""volume"": ""normal"", ""pitch_variation"": ""low"", ""is_question"": false, ""has_pilot_address"": false, ""is_protocol"": false, ""is_acknowledgment"": false}",Trust me.
BT-7274.Voicepack/bt_clips/697_Wind.wav,"{""primary_emotion"": ""neutral"", ""primary_score"": 0.0, ""confidence"": 0.0, ""secondary_emotion"": null, ""all_scores"": {}}",697,wind,3,w aɪnd .,"{""mean_pitch_hz"": 481.74, ""pitch_range_hz"": 509.29, ""mean_energy"": 0.0955, ""energy_range"": 0.1869, ""tempo_bpm"": 136.0, ""spectral_centroid"": 1703.2, ""spectral_rolloff"": 3480.1, ""duration_seconds"": 0.3}","{""pace"": ""normal"", ""volume"": ""normal"", ""pitch_variation"": ""low"", ""is_question"": false, ""has_pilot_address"": false, ""is_protocol"": false, ""is_acknowledgment"": false}",Wind.
BT-7274.Voicepack/bt_clips/698_3_knots.wav,"{""primary_emotion"": ""neutral"", ""primary_score"": 0.0, ""confidence"": 0.0, ""secondary_emotion"": null, ""all_scores"": {}}",698,3 knots,5,  n ɒ t s .,"{""mean_pitch_hz"": 254.43, ""pitch_range_hz"": 884.09, ""mean_energy"": 0.1236, ""energy_range"": 0.2696, ""tempo_bpm"": 117.45, ""spectral_centroid"": 2717.1, ""spectral_rolloff"": 4470.83, ""duration_seconds"": 0.64}","{""pace"": ""normal"", ""volume"": ""normal"", ""pitch_variation"": ""low"", ""is_question"": false, ""has_pilot_address"": false, ""is_protocol"": false, ""is_acknowledgment"": false}",3 knots.
BT-7274.Voicepack/bt_clips/699_Heading_274.wav,"{""primary_emotion"": ""neutral"", ""primary_score"": 0.0, ""confidence"": 0.0, ""secondary_emotion"": null, ""all_scores"": {}}",699,heading 274,6,h iː d ɪ ŋ   .,"{""mean_pitch_hz"": 334.64, ""pitch_range_hz"": 803.29, ""mean_energy"": 0.0837, ""energy_range"": 0.1478, ""tempo_bpm"": 126.05, ""spectral_centroid"": 2274.0, ""spectral_rolloff"": 4021.64, ""duration_seconds"": 1.18}","{""pace"": ""normal"", ""volume"": ""normal"", ""pitch_variation"": ""low"", ""is_question"": false, ""has_pilot_address"": false, ""is_protocol"": false, ""is_acknowledgment"": false}",Heading 274.
BT-7274.Voicepack/bt_clips/700_Range.wav,"{""primary_emotion"": ""neutral"", ""primary_score"": 0.0, ""confidence"": 0.0, ""secondary_emotion"": null, ""all_scores"": {}}",700,range,5,r æ ŋ ɛ .,"{""mean_pitch_hz"": 2556.6, ""pitch_range_hz"": 14.7, ""mean_energy"": 0.1139, ""energy_range"": 0.1046, ""tempo_bpm"": 136.0, ""spectral_centroid"": 1833.32, ""spectral_rolloff"": 3465.54, ""duration_seconds"": 0.38}","{""pace"": ""normal"", ""volume"": ""normal"", ""pitch_variation"": ""low"", ""is_question"": false, ""has_pilot_address"": false, ""is_protocol"": false, ""is_acknowledgment"": false}",Range.
BT-7274.Voicepack/bt_clips/701_95_meters.wav,"{""primary_emotion"": ""neutral"", ""primary_score"": 0.0, ""confidence"": 0.0, ""secondary_emotion"": null, ""all_scores"": {}}",701,95 meters,6,  m ɛ t ɜːr s .,"{""mean_pitch_hz"": 467.23, ""pitch_range_hz"": 912.84, ""mean_energy"": 0.0822, ""energy_range"": 0.1612, ""tempo_bpm"": 152.0, ""spectral_centroid"": 2368.95, ""spectral_rolloff"": 4749.73, ""duration_seconds"": 0.9}","{""pace"": ""normal"", ""volume"": ""normal"", ""pitch_variation"": ""low"", ""is_question"": false, ""has_pilot_address"": false, ""is_protocol"": false, ""is_acknowledgment"": false}",95 meters.
BT-7274.Voicepack/bt_clips/702_Projectile_mass.wav,"{""primary_emotion"": ""neutral"", ""primary_score"": 0.0, ""confidence"": 0.0, ""secondary_emotion"": null, ""all_scores"": {}}",702,projectile mass,15,p r ɒ j ɛ c t ɪ l ɛ   m æ s s .,"{""mean_pitch_hz"": 595.65, ""pitch_range_hz"": 1126.21, ""mean_energy"": 0.0923, ""energy_range"": 0.1591, ""tempo_bpm"": 123.05, ""spectral_centroid"": 2108.57, ""spectral_rolloff"": 3407.3, ""duration_seconds"": 0.94}","{""pace"": ""normal"", ""volume"": ""normal"", ""pitch_variation"": ""low"", ""is_question"": false, ""has_pilot_address"": false, ""is_protocol"": false, ""is_acknowledgment"": false}",Projectile mass.
BT-7274.Voicepack/bt_clips/703_89_kilograms.wav,"{""primary_emotion"": ""neutral"", ""primary_score"": 0.0, ""confidence"": 0.0, ""secondary_emotion"": null, ""all_scores"": {}}",703,89 kilograms,10,  k ɪ l ɒ g r æ m s .,"{""mean_pitch_hz"": 627.38, ""pitch_range_hz"": 1981.58, ""mean_energy"": 0.0772, ""energy_range"": 0.1262, ""tempo_bpm"": 109.96, ""spectral_centroid"": 1806.89, ""spectral_rolloff"": 3040.87, ""duration_seconds"": 0.9}","{""pace"": ""normal"", ""volume"": ""normal"", ""pitch_variation"": ""low"", ""is_question"": false, ""has_pilot_address"": false, ""is_protocol"": false, ""is_acknowledgment"": false}",89 kilograms.
BT-7274.Voicepack/bt_clips/704_Good.wav,"{""primary_emotion"": ""positive"", ""primary_score"": 0.9, ""confidence"": 0.11, ""secondary_emotion"": null, ""all_scores"": {""positive"": 0.9}}",704,good,4,g uː d .,"{""mean_pitch_hz"": 422.15, ""pitch_range_hz"": 70.53, ""mean_energy"": 0.0762, ""energy_range"": 0.1378, ""tempo_bpm"": 304.0, ""spectral_centroid"": 1467.51, ""spectral_rolloff"": 2388.65, ""duration_seconds"": 0.32}","{""pace"": ""normal"", ""volume"": ""loud"", ""pitch_variation"": ""normal"", ""is_question"": false, ""has_pilot_address"": false, ""is_protocol"": false, ""is_acknowledgment"": false}",Good.
BT-7274.Voicepack/bt_clips/705_You_are_at_the_controls.wav,"{""primary_emotion"": ""neutral"", ""primary_score"": 0.0, ""confidence"": 0.0, ""secondary_emotion"": null, ""all_scores"": {}}",705,you are at the controls,17,y aʊ   ɑːr ɛ   æ t   θ ɛ   c ɒ n t r ɒ l s .,"{""mean_pitch_hz"": 421.71, ""pitch_range_hz"": 59.72, ""mean_energy"": 0.0936, ""energy_range"": 0.1912, ""tempo_bpm"": 139.67, ""spectral_centroid"": 1457.89, ""spectral_rolloff"": 2435.12, ""duration_seconds"": 1.06}","{""pace"": ""normal"", ""volume"": ""normal"", ""pitch_variation"": ""low"", ""is_question"": false, ""has_pilot_address"": false, ""is_protocol"": false, ""is_acknowledgment"": false}",You are at the controls.
BT-7274.Voicepack/bt_clips/706_Move_the_dish_to_the_far.wav,"{""primary_emotion"": ""commanding"", ""primary_score"": 0.9, ""confidence"": 0.11, ""secondary_emotion"": null, ""all_scores"": {""commanding"": 0.9}}",706,move the dish to the far right to bring it within your reach,38,m ɒ v ɛ   θ ɛ   d ɪ ʃ   t ɒ   θ ɛ   f ɑːr   r aɪ t   t ɒ   b r ɪ ŋ   ɪ t   w ɪ θ ɪ n   y aʊ r   r iː tʃ .,"{""mean_pitch_hz"": 520.17, ""pitch_range_hz"": 2424.27, ""mean_energy"": 0.0693, ""energy_range"": 0.1779, ""tempo_bpm"": 136.0, ""spectral_centroid"": 2253.81, ""spectral_rolloff"": 3895.39, ""duration_seconds"": 2.94}","{""pace"": ""fast"", ""volume"": ""loud"", ""pitch_variation"": ""normal"", ""is_question"": false, ""has_pilot_address"": false, ""is_protocol"": false, ""is_acknowledgment"": false}",Move the dish to the far right to bring it within your reach.
BT-7274.Voicepack/bt_clips/707_IMC_dropships_headed_to_your_location.wav,"{""primary_emotion"": ""neutral"", ""primary_score"": 0.0, ""confidence"": 0.0, ""secondary_emotion"": null, ""all_scores"": {}}",707,imc dropships headed to your location,29,ɪ m c   d r ɒ s h ɪ s   h iː d ɛ d   t ɒ   y aʊ r   l ɒ c æ t ɪ ɒ n .,"{""mean_pitch_hz"": 435.27, ""pitch_range_hz"": 1053.36, ""mean_energy"": 0.1092, ""energy_range"": 0.2228, ""tempo_bpm"": 136.0, ""spectral_centroid"": 2134.74, ""spectral_rolloff"": 3657.06, ""duration_seconds"": 1.94}","{""pace"": ""normal"", ""volume"": ""normal"", ""pitch_variation"": ""low"", ""is_question"": false, ""has_pilot_address"": false, ""is_protocol"": false, ""is_acknowledgment"": false}",IMC dropships headed to your location.
BT-7274.Voicepack/bt_clips/708_Uplink_targeting_module_detected.wav,"{""primary_emotion"": ""neutral"", ""primary_score"": 0.0, ""confidence"": 0.0, ""secondary_emotion"": null, ""all_scores"": {}}",708,uplink targeting module detected,28,ʌ p l ɪ n k   t ɑːr g ɛ t ɪ ŋ   m ɒ d ʌ l ɛ   d ɛ t ɛ c t ɛ d .,"{""mean_pitch_hz"": 472.33, ""pitch_range_hz"": 984.38, ""mean_energy"": 0.0835, ""energy_range"": 0.2172, ""tempo_bpm"": 126.05, ""spectral_centroid"": 1702.86, ""spectral_rolloff"": 2990.16, ""duration_seconds"": 1.52}","{""pace"": ""normal"", ""volume"": ""normal"", ""pitch_variation"": ""low"", ""is_question"": false, ""has_pilot_address"": false, ""is_protocol"": false, ""is_acknowledgment"": false}",Uplink targeting module detected.
BT-7274.Voicepack/bt_clips/709_Check_your_HUD.wav,"{""primary_emotion"": ""neutral"", ""primary_score"": 0.0, ""confidence"": 0.0, ""secondary_emotion"": null, ""all_scores"": {}}",709,check your hud,10,tʃ ɛ k   y aʊ r   h ʌ d .,"{""mean_pitch_hz"": 841.76, ""pitch_range_hz"": 2421.19, ""mean_energy"": 0.0735, ""energy_range"": 0.1437, ""tempo_bpm"": 246.09, ""spectral_centroid"": 1980.98, ""spectral_rolloff"": 3098.09, ""duration_seconds"": 0.74}","{""pace"": ""normal"", ""volume"": ""normal"", ""pitch_variation"": ""low"", ""is_question"": false, ""has_pilot_address"": false, ""is_protocol"": false, ""is_acknowledgment"": false}",Check your HUD.
BT-7274.Voicepack/bt_clips/710_Pilot.wav,"{""primary_emotion"": ""neutral"", ""primary_score"": 0.0, ""confidence"": 0.0, ""secondary_emotion"": null, ""all_scores"": {}}",710,pilot,6,p ɪ l ɒ t .,"{""mean_pitch_hz"": 1102.85, ""pitch_range_hz"": 237.27, ""mean_energy"": 0.1593, ""energy_range"": 0.3107, ""tempo_bpm"": 139.67, ""spectral_centroid"": 1583.63, ""spectral_rolloff"": 2518.56, ""duration_seconds"": 0.3}","{""pace"": ""normal"", ""volume"": ""normal"", ""pitch_variation"": ""low"", ""is_question"": false, ""has_pilot_address"": true, ""is_protocol"": false, ""is_acknowledgment"": false}",Pilot.
BT-7274.Voicepack/bt_clips/711_The_module_is_in_the_projector.wav,"{""primary_emotion"": ""neutral"", ""primary_score"": 0.0, ""confidence"": 0.0, ""secondary_emotion"": null, ""all_scores"": {}}",711,the module is in the projector of that dish,31,θ ɛ   m ɒ d ʌ l ɛ   ɪ s   ɪ n   θ ɛ   p r ɒ j ɛ c t ɔːr   ɒ f   θ æ t   d ɪ ʃ .,"{""mean_pitch_hz"": 484.95, ""pitch_range_hz"": 930.41, ""mean_energy"": 0.1011, ""energy_range"": 0.2127, ""tempo_bpm"": 132.51, ""spectral_centroid"": 1948.16, ""spectral_rolloff"": 3270.3, ""duration_seconds"": 2.18}","{""pace"": ""normal"", ""volume"": ""normal"", ""pitch_variation"": ""low"", ""is_question"": false, ""has_pilot_address"": false, ""is_protocol"": false, ""is_acknowledgment"": false}",The module is in the projector of that dish.
BT-7274.Voicepack/bt_clips/712_Protocol_2_mission_update.wav,"{""primary_emotion"": ""determined"", ""primary_score"": 1.6, ""confidence"": 0.2, ""secondary_emotion"": null, ""all_scores"": {""determined"": 1.6}}",712,protocol 2 mission update,22,p r ɒ t ɒ c ɒ l     m ɪ s s ɪ ɒ n   ʌ p d æ t ɛ .,"{""mean_pitch_hz"": 488.49, ""pitch_range_hz"": 753.57, ""mean_energy"": 0.1, ""energy_range"": 0.2436, ""tempo_bpm"": 156.61, ""spectral_centroid"": 1828.11, ""spectral_rolloff"": 3329.38, ""duration_seconds"": 1.3}","{""pace"": ""normal"", ""volume"": ""normal"", ""pitch_variation"": ""low"", ""is_question"": false, ""has_pilot_address"": false, ""is_protocol"": true, ""is_acknowledgment"": false}",Protocol 2 mission update.
BT-7274.Voicepack/bt_clips/713_Uplink_module_acquired.wav,"{""primary_emotion"": ""neutral"", ""primary_score"": 0.0, ""confidence"": 0.0, ""secondary_emotion"": null, ""all_scores"": {}}",713,uplink module acquired,20,ʌ p l ɪ n k   m ɒ d ʌ l ɛ   æ c q ʌ ɪr ɛ d .,"{""mean_pitch_hz"": 681.33, ""pitch_range_hz"": 944.85, ""mean_energy"": 0.0829, ""energy_range"": 0.1562, ""tempo_bpm"": 136.0, ""spectral_centroid"": 1570.48, ""spectral_rolloff"": 2400.09, ""duration_seconds"": 1.16}","{""pace"": ""normal"", ""volume"": ""normal"", ""pitch_variation"": ""low"", ""is_question"": false, ""has_pilot_address"": false, ""is_protocol"": false, ""is_acknowledgment"": false}",Uplink module acquired.
BT-7274.Voicepack/bt_clips/714_Standing_by_for_your_return_Cooper.wav,"{""primary_emotion"": ""neutral"", ""primary_score"": 0.5, ""confidence"": 0.06, ""secondary_emotion"": null, ""all_scores"": {""neutral"": 0.5}}",714,standing by for your return cooper,25,"s t æ n d ɪ ŋ   b y   f ɔːr   y aʊ r   r ɛ t ɜːr n ,   c uː p ɜːr .","{""mean_pitch_hz"": 338.28, ""pitch_range_hz"": 248.2, ""mean_energy"": 0.052, ""energy_range"": 0.1316, ""tempo_bpm"": 129.2, ""spectral_centroid"": 2005.41, ""spectral_rolloff"": 3399.15, ""duration_seconds"": 2.18}","{""pace"": ""normal"", ""volume"": ""normal"", ""pitch_variation"": ""low"", ""is_question"": false, ""has_pilot_address"": false, ""is_protocol"": false, ""is_acknowledgment"": false}","Standing by for your return, Cooper."
BT-7274.Voicepack/bt_clips/715_Anti-Titan_squads_have_arrived_requestin.wav,"{""primary_emotion"": ""neutral"", ""primary_score"": 0.0, ""confidence"": 0.0, ""secondary_emotion"": null, ""all_scores"": {}}",715,antititan squads have arrived requesting assistance,46,"æ n t ɪ t ɪ t æ n   s q ʌ æ d s   h æ v ɛ   ɑːr r ɪ v ɛ d ,   r ɛ q ʌ ɛ s t ɪ ŋ   æ s s ɪ s t æ n c ɛ .","{""mean_pitch_hz"": 677.87, ""pitch_range_hz"": 943.17, ""mean_energy"": 0.0838, ""energy_range"": 0.2216, ""tempo_bpm"": 107.67, ""spectral_centroid"": 2479.72, ""spectral_rolloff"": 4144.39, ""duration_seconds"": 2.84}","{""pace"": ""normal"", ""volume"": ""normal"", ""pitch_variation"": ""low"", ""is_question"": false, ""has_pilot_address"": false, ""is_protocol"": false, ""is_acknowledgment"": false}","Anti-Titan squads have arrived, requesting assistance."
BT-7274.Voicepack/bt_clips/716_Scans_indicate_a_fallen_pilot.wav,"{""primary_emotion"": ""neutral"", ""primary_score"": 0.0, ""confidence"": 0.0, ""secondary_emotion"": null, ""all_scores"": {}}",716,scans indicate a fallen pilot,24,s c æ n s   aɪnd ɪ c æ t ɛ   æ   f æ l l ɛ n   p ɪ l ɒ t .,"{""mean_pitch_hz"": 394.0, ""pitch_range_hz"": 1111.69, ""mean_energy"": 0.0828, ""energy_range"": 0.1536, ""tempo_bpm"": 136.0, ""spectral_centroid"": 2167.69, ""spectral_rolloff"": 3832.48, ""duration_seconds"": 1.74}","{""pace"": ""normal"", ""volume"": ""normal"", ""pitch_variation"": ""low"", ""is_question"": false, ""has_pilot_address"": true, ""is_protocol"": false, ""is_acknowledgment"": false}",Scans indicate a fallen pilot.
BT-7274.Voicepack/bt_clips/717_My_memory_recalls_this_pilot_as.wav,"{""primary_emotion"": ""neutral"", ""primary_score"": 0.0, ""confidence"": 0.0, ""secondary_emotion"": null, ""all_scores"": {}}",717,my memory recalls this pilot as an exceptional fighter,42,m y   m ɛ m ɔːr y   r ɛ c æ l l s   θ ɪ s   p ɪ l ɒ t   æ s   æ n   ɛ x c ɛ p t ɪ ɒ n æ l   f aɪ t ɜːr .,"{""mean_pitch_hz"": 762.54, ""pitch_range_hz"": 626.54, ""mean_energy"": 0.0636, ""energy_range"": 0.1909, ""tempo_bpm"": 112.35, ""spectral_centroid"": 2139.88, ""spectral_rolloff"": 3646.23, ""duration_seconds"": 2.8}","{""pace"": ""normal"", ""volume"": ""normal"", ""pitch_variation"": ""low"", ""is_question"": false, ""has_pilot_address"": true, ""is_protocol"": false, ""is_acknowledgment"": false}",My memory recalls this pilot as an exceptional fighter.
BT-7274.Voicepack/bt_clips/718_Proven_well_during_the_Fracture_operatio.wav,"{""primary_emotion"": ""neutral"", ""primary_score"": 0.0, ""confidence"": 0.0, ""secondary_emotion"": null, ""all_scores"": {}}",718,proven well during the fracture operation,32,p r ɒ v ɛ n   w ɛ l l   d ɜːr ɪ ŋ   θ ɛ   f r æ c t ɜːr ɛ   ɒ p ɜːr æ t ɪ ɒ n .,"{""mean_pitch_hz"": 583.27, ""pitch_range_hz"": 2474.73, ""mean_energy"": 0.0653, ""energy_range"": 0.1291, ""tempo_bpm"": 120.19, ""spectral_centroid"": 1919.09, ""spectral_rolloff"": 3254.76, ""duration_seconds"": 1.92}","{""pace"": ""normal"", ""volume"": ""normal"", ""pitch_variation"": ""low"", ""is_question"": false, ""has_pilot_address"": false, ""is_protocol"": false, ""is_acknowledgment"": false}",Proven well during the Fracture operation.
BT-7274.Voicepack/bt_clips/719_Fracture_was_the_codename_of_a.wav,"{""primary_emotion"": ""neutral"", ""primary_score"": 0.0, ""confidence"": 0.0, ""secondary_emotion"": null, ""all_scores"": {}}",719,fracture was the codename of a major combat refueling operation conducted by the militia on the planet victor,85,f r æ c t ɜːr ɛ   w æ s   θ ɛ   c ɒ d ɛ n æ m ɛ   ɒ f   æ   m æ j ɔːr   c ɒ m b æ t   r ɛ f ʌ ɛ l ɪ ŋ   ɒ p ɜːr æ t ɪ ɒ n   c ɒ n d ʌ c t ɛ d   b y   θ ɛ   m ɪ l ɪ t ɪ æ   ɒ n   θ ɛ   p l æ n ɛ t   v ɪ c t ɔːr .,"{""mean_pitch_hz"": 636.97, ""pitch_range_hz"": 1918.49, ""mean_energy"": 0.0678, ""energy_range"": 0.2002, ""tempo_bpm"": 112.35, ""spectral_centroid"": 1656.78, ""spectral_rolloff"": 2773.04, ""duration_seconds"": 5.74}","{""pace"": ""normal"", ""volume"": ""normal"", ""pitch_variation"": ""low"", ""is_question"": false, ""has_pilot_address"": false, ""is_protocol"": false, ""is_acknowledgment"": false}",Fracture was the codename of a major combat refueling operation conducted by the militia on the planet Victor.
BT-7274.Voicepack/bt_clips/720_We_sustained_many_casualties_but_the.wav,"{""primary_emotion"": ""neutral"", ""primary_score"": 0.0, ""confidence"": 0.0, ""secondary_emotion"": null, ""all_scores"": {}}",720,we sustained many casualties but the fleet survived,41,"w ɛ   s ʌ s t eɪ n ɛ d   m æ n y   c æ s ʌ æ l t iː s ,   b ʌ t   θ ɛ   f l iː t   s ɜːr v ɪ v ɛ d .","{""mean_pitch_hz"": 538.6, ""pitch_range_hz"": 1343.33, ""mean_energy"": 0.0469, ""energy_range"": 0.1823, ""tempo_bpm"": 99.38, ""spectral_centroid"": 2291.88, ""spectral_rolloff"": 3970.37, ""duration_seconds"": 3.84}","{""pace"": ""normal"", ""volume"": ""normal"", ""pitch_variation"": ""low"", ""is_question"": false, ""has_pilot_address"": false, ""is_protocol"": false, ""is_acknowledgment"": false}","We sustained many casualties, but the fleet survived."
BT-7274.Voicepack/bt_clips/721_My_records_indicate_you_received_a.wav,"{""primary_emotion"": ""neutral"", ""primary_score"": 0.0, ""confidence"": 0.0, ""secondary_emotion"": null, ""all_scores"": {}}",721,my records indicate you received a concussion during fracture and suffered some memory loss,69,m y   r ɛ c ɔːr d s   aɪnd ɪ c æ t ɛ   y aʊ   r ɛ c eɪ v ɛ d   æ   c ɒ n c ʌ s s ɪ ɒ n   d ɜːr ɪ ŋ   f r æ c t ɜːr ɛ   æ n d   s ʌ f f ɜːr ɛ d   s ɒ m ɛ   m ɛ m ɔːr y   l ɒ s s .,"{""mean_pitch_hz"": 649.57, ""pitch_range_hz"": 1866.27, ""mean_energy"": 0.0741, ""energy_range"": 0.1781, ""tempo_bpm"": 103.36, ""spectral_centroid"": 2065.05, ""spectral_rolloff"": 3485.74, ""duration_seconds"": 4.36}","{""pace"": ""normal"", ""volume"": ""normal"", ""pitch_variation"": ""low"", ""is_question"": false, ""has_pilot_address"": false, ""is_protocol"": false, ""is_acknowledgment"": false}",My records indicate you received a concussion during fracture and suffered some memory loss.
BT-7274.Voicepack/bt_clips/722_It_was_a_major_combat_refueling.wav,"{""primary_emotion"": ""neutral"", ""primary_score"": 0.0, ""confidence"": 0.0, ""secondary_emotion"": null, ""all_scores"": {}}",722,it was a major combat refueling operation and one of your first assignments as a rifleman,68,ɪ t   w æ s   æ   m æ j ɔːr   c ɒ m b æ t   r ɛ f ʌ ɛ l ɪ ŋ   ɒ p ɜːr æ t ɪ ɒ n   æ n d   ɒ n ɛ   ɒ f   y aʊ r   f ɪr s t   æ s s aɪn m ɛ n t s   æ s   æ   r ɪ f l ɛ m æ n .,"{""mean_pitch_hz"": 531.11, ""pitch_range_hz"": 2429.73, ""mean_energy"": 0.0565, ""energy_range"": 0.1359, ""tempo_bpm"": 123.05, ""spectral_centroid"": 1841.09, ""spectral_rolloff"": 3201.98, ""duration_seconds"": 4.56}","{""pace"": ""normal"", ""volume"": ""normal"", ""pitch_variation"": ""low"", ""is_question"": false, ""has_pilot_address"": false, ""is_protocol"": false, ""is_acknowledgment"": false}",It was a major combat refueling operation and one of your first assignments as a rifleman.
BT-7274.Voicepack/bt_clips/723_My_scans_detect_a_functioning_uplink.wav,"{""primary_emotion"": ""neutral"", ""primary_score"": 0.0, ""confidence"": 0.0, ""secondary_emotion"": null, ""all_scores"": {}}",723,my scans detect a functioning uplink targeting module 428 meters northeast,56,"m y   s c æ n s   d ɛ t ɛ c t   æ   f ʌ n c t ɪ ɒ n ɪ ŋ   ʌ p l ɪ n k   t ɑːr g ɛ t ɪ ŋ   m ɒ d ʌ l ɛ ,     m ɛ t ɜːr s   n ɔːr θ iː s t .","{""mean_pitch_hz"": 486.79, ""pitch_range_hz"": 1927.1, ""mean_energy"": 0.0818, ""energy_range"": 0.2334, ""tempo_bpm"": 136.0, ""spectral_centroid"": 2064.52, ""spectral_rolloff"": 3634.17, ""duration_seconds"": 5.4}","{""pace"": ""normal"", ""volume"": ""normal"", ""pitch_variation"": ""low"", ""is_question"": false, ""has_pilot_address"": false, ""is_protocol"": false, ""is_acknowledgment"": false}","My scans detect a functioning uplink targeting module, 428 meters northeast."
BT-7274.Voicepack/bt_clips/724_My_analysis_indicates_a_throw_is.wav,"{""primary_emotion"": ""neutral"", ""primary_score"": 0.0, ""confidence"": 0.0, ""secondary_emotion"": null, ""all_scores"": {}}",724,my analysis indicates a throw is our only option here,39,m y   æ n æ l y s ɪ s   aɪnd ɪ c æ t ɛ s   æ   θ r oʊ   ɪ s   aʊ r   ɒ n l y   ɒ p t ɪ ɒ n   h ɜːr ɛ .,"{""mean_pitch_hz"": 411.92, ""pitch_range_hz"": 884.21, ""mean_energy"": 0.0725, ""energy_range"": 0.1751, ""tempo_bpm"": 120.19, ""spectral_centroid"": 2102.4, ""spectral_rolloff"": 3512.29, ""duration_seconds"": 2.94}","{""pace"": ""normal"", ""volume"": ""normal"", ""pitch_variation"": ""low"", ""is_question"": false, ""has_pilot_address"": false, ""is_protocol"": false, ""is_acknowledgment"": false}",My analysis indicates a throw is our only option here.
BT-7274.Voicepack/bt_clips/725_I_can_throw_you_across_the.wav,"{""primary_emotion"": ""neutral"", ""primary_score"": 0.0, ""confidence"": 0.0, ""secondary_emotion"": null, ""all_scores"": {}}",725,i can throw you across the gap,21,ɪ   c æ n   θ r oʊ   y aʊ   æ c r ɒ s s   θ ɛ   g æ p .,"{""mean_pitch_hz"": 856.12, ""pitch_range_hz"": 1008.69, ""mean_energy"": 0.0626, ""energy_range"": 0.1202, ""tempo_bpm"": 161.5, ""spectral_centroid"": 1925.0, ""spectral_rolloff"": 3210.63, ""duration_seconds"": 1.48}","{""pace"": ""normal"", ""volume"": ""normal"", ""pitch_variation"": ""low"", ""is_question"": false, ""has_pilot_address"": false, ""is_protocol"": false, ""is_acknowledgment"": false}",I can throw you across the gap.
BT-7274.Voicepack/bt_clips/726_There_is_a_68_chance_of.wav,"{""primary_emotion"": ""neutral"", ""primary_score"": 0.0, ""confidence"": 0.0, ""secondary_emotion"": null, ""all_scores"": {}}",726,there is a 68 chance of success,21,θ ɜːr ɛ   ɪ s   æ     tʃ æ n c ɛ   ɒ f   s ʌ c c ɛ s s .,"{""mean_pitch_hz"": 397.68, ""pitch_range_hz"": 21.94, ""mean_energy"": 0.0673, ""energy_range"": 0.1508, ""tempo_bpm"": 123.05, ""spectral_centroid"": 2692.25, ""spectral_rolloff"": 4498.71, ""duration_seconds"": 2.16}","{""pace"": ""normal"", ""volume"": ""normal"", ""pitch_variation"": ""low"", ""is_question"": false, ""has_pilot_address"": false, ""is_protocol"": false, ""is_acknowledgment"": false}",There is a 68% chance of success.
BT-7274.Voicepack/bt_clips/727_There_is_a_32_chance_of.wav,"{""primary_emotion"": ""neutral"", ""primary_score"": 0.0, ""confidence"": 0.0, ""secondary_emotion"": null, ""all_scores"": {}}",727,there is a 32 chance of an incomplete traversal resulting in catastrophic trauma massive internal bleeding and multiple compound fractures,109,"θ ɜːr ɛ   ɪ s   æ     tʃ æ n c ɛ   ɒ f   æ n   ɪ n c ɒ m p l ɛ t ɛ   t r æ v ɜːr s æ l ,   r ɛ s ʌ l t ɪ ŋ   ɪ n   c æ t æ s t r ɒ f ɪ c   t r ɔː m æ ,   m æ s s ɪ v ɛ   ɪ n t ɜːr n æ l   b l iː d ɪ ŋ ,   æ n d   m ʌ l t ɪ p l ɛ   c ɒ m p aʊ n d   f r æ c t ɜːr ɛ s .","{""mean_pitch_hz"": 289.04, ""pitch_range_hz"": 915.99, ""mean_energy"": 0.0676, ""energy_range"": 0.182, ""tempo_bpm"": 93.96, ""spectral_centroid"": 1886.79, ""spectral_rolloff"": 3294.96, ""duration_seconds"": 7.92}","{""pace"": ""normal"", ""volume"": ""normal"", ""pitch_variation"": ""low"", ""is_question"": false, ""has_pilot_address"": false, ""is_protocol"": false, ""is_acknowledgment"": false}","There is a 32% chance of an incomplete traversal, resulting in catastrophic trauma, massive internal bleeding, and multiple compound fractures."
BT-7274.Voicepack/bt_clips/728_Dismemberment_may_also_occur.wav,"{""primary_emotion"": ""neutral"", ""primary_score"": 0.0, ""confidence"": 0.0, ""secondary_emotion"": null, ""all_scores"": {}}",728,dismemberment may also occur,23,d ɪ s m ɛ m b ɜːr m ɛ n t   m eɪ   æ l s ɒ   ɒ c c ɜːr .,"{""mean_pitch_hz"": 329.04, ""pitch_range_hz"": 295.99, ""mean_energy"": 0.0523, ""energy_range"": 0.1871, ""tempo_bpm"": 112.35, ""spectral_centroid"": 1989.15, ""spectral_rolloff"": 3407.55, ""duration_seconds"": 2.26}","{""pace"": ""normal"", ""volume"": ""normal"", ""pitch_variation"": ""low"", ""is_question"": false, ""has_pilot_address"": false, ""is_protocol"": false, ""is_acknowledgment"": false}",Dismemberment may also occur.
BT-7274.Voicepack/bt_clips/729_There_is_also_the_possibility_of.wav,"{""primary_emotion"": ""neutral"", ""primary_score"": 0.0, ""confidence"": 0.0, ""secondary_emotion"": null, ""all_scores"": {}}",729,there is also the possibility of electrocution and disintegration within the toxic fog below,74,θ ɜːr ɛ   ɪ s   æ l s ɒ   θ ɛ   p ɒ s s ɪ b ɪ l ɪ t y   ɒ f   ɛ l ɛ c t r ɒ c ʌ t ɪ ɒ n   æ n d   d ɪ s ɪ n t ɛ g r æ t ɪ ɒ n   w ɪ θ ɪ n   θ ɛ   t ɒ x ɪ c   f ɒ g   b ɛ l oʊ .,"{""mean_pitch_hz"": 331.19, ""pitch_range_hz"": 299.45, ""mean_energy"": 0.0673, ""energy_range"": 0.1773, ""tempo_bpm"": 139.67, ""spectral_centroid"": 1883.55, ""spectral_rolloff"": 3216.8, ""duration_seconds"": 4.76}","{""pace"": ""normal"", ""volume"": ""normal"", ""pitch_variation"": ""low"", ""is_question"": false, ""has_pilot_address"": false, ""is_protocol"": false, ""is_acknowledgment"": false}",There is also the possibility of electrocution and disintegration within the toxic fog below.
BT-7274.Voicepack/bt_clips/730_That_sentiment_is_not_100_true.wav,"{""primary_emotion"": ""neutral"", ""primary_score"": 0.0, ""confidence"": 0.0, ""secondary_emotion"": null, ""all_scores"": {}}",730,that sentiment is not 100 true,22,θ æ t   s ɛ n t ɪ m ɛ n t   ɪ s   n ɒ t     t r ʌ ɛ .,"{""mean_pitch_hz"": 794.72, ""pitch_range_hz"": 1323.18, ""mean_energy"": 0.0772, ""energy_range"": 0.2157, ""tempo_bpm"": 129.2, ""spectral_centroid"": 1913.11, ""spectral_rolloff"": 3182.32, ""duration_seconds"": 2.28}","{""pace"": ""normal"", ""volume"": ""normal"", ""pitch_variation"": ""low"", ""is_question"": false, ""has_pilot_address"": false, ""is_protocol"": false, ""is_acknowledgment"": false}",That sentiment is not 100% true.
BT-7274.Voicepack/bt_clips/731_However_it_does_fit_this_current.wav,"{""primary_emotion"": ""questioning"", ""primary_score"": 0.6, ""confidence"": 0.07, ""secondary_emotion"": null, ""all_scores"": {""questioning"": 0.6}}",731,however it does fit this current scenario,32,"h oʊ ɛ v ɜːr ,   ɪ t   d ɒ ɛ s   f ɪ t   θ ɪ s   c ɜːr r ɛ n t   s c ɛ n ɑːr ɪ ɒ .","{""mean_pitch_hz"": 698.71, ""pitch_range_hz"": 994.93, ""mean_energy"": 0.0598, ""energy_range"": 0.149, ""tempo_bpm"": 105.47, ""spectral_centroid"": 1988.6, ""spectral_rolloff"": 3237.38, ""duration_seconds"": 2.22}","{""pace"": ""normal"", ""volume"": ""normal"", ""pitch_variation"": ""high"", ""is_question"": false, ""has_pilot_address"": false, ""is_protocol"": false, ""is_acknowledgment"": false}","However, it does fit this current scenario."
BT-7274.Voicepack/bt_clips/732_I_am_incapable_of_insanity_pilot.wav,"{""primary_emotion"": ""neutral"", ""primary_score"": 0.0, ""confidence"": 0.0, ""secondary_emotion"": null, ""all_scores"": {}}",732,i am incapable of insanity pilot,29,"ɪ   æ m   ɪ n c æ p æ b l ɛ   ɒ f   ɪ n s æ n ɪ t y ,   p ɪ l ɒ t .","{""mean_pitch_hz"": 418.75, ""pitch_range_hz"": 1793.07, ""mean_energy"": 0.0682, ""energy_range"": 0.1927, ""tempo_bpm"": 136.0, ""spectral_centroid"": 1744.38, ""spectral_rolloff"": 2975.26, ""duration_seconds"": 1.9}","{""pace"": ""normal"", ""volume"": ""normal"", ""pitch_variation"": ""low"", ""is_question"": false, ""has_pilot_address"": true, ""is_protocol"": false, ""is_acknowledgment"": false}","I am incapable of insanity, pilot."
BT-7274.Voicepack/bt_clips/733_Captain_the_uplink_targeting_module_is.wav,"{""primary_emotion"": ""neutral"", ""primary_score"": 0.0, ""confidence"": 0.0, ""secondary_emotion"": null, ""all_scores"": {}}",733,captain the uplink targeting module is offline,38,"c æ p t eɪ n ,   θ ɛ   ʌ p l ɪ n k   t ɑːr g ɛ t ɪ ŋ   m ɒ d ʌ l ɛ   ɪ s   ɒ f f l ɪ n ɛ .","{""mean_pitch_hz"": 798.01, ""pitch_range_hz"": 1310.37, ""mean_energy"": 0.0625, ""energy_range"": 0.2015, ""tempo_bpm"": 117.45, ""spectral_centroid"": 1792.07, ""spectral_rolloff"": 3106.09, ""duration_seconds"": 2.68}","{""pace"": ""normal"", ""volume"": ""normal"", ""pitch_variation"": ""low"", ""is_question"": false, ""has_pilot_address"": false, ""is_protocol"": false, ""is_acknowledgment"": false}","Captain, the uplink targeting module is offline."
BT-7274.Voicepack/bt_clips/734_That_is_a_reasonable_assumption.wav,"{""primary_emotion"": ""neutral"", ""primary_score"": 0.0, ""confidence"": 0.0, ""secondary_emotion"": null, ""all_scores"": {}}",734,that is a reasonable assumption,26,θ æ t   ɪ s   æ   r iː s ɒ n æ b l ɛ   æ s s ʌ m p t ɪ ɒ n .,"{""mean_pitch_hz"": 545.8, ""pitch_range_hz"": 1860.93, ""mean_energy"": 0.0735, ""energy_range"": 0.1155, ""tempo_bpm"": 136.0, ""spectral_centroid"": 2115.72, ""spectral_rolloff"": 3730.48, ""duration_seconds"": 1.28}","{""pace"": ""normal"", ""volume"": ""normal"", ""pitch_variation"": ""low"", ""is_question"": false, ""has_pilot_address"": false, ""is_protocol"": false, ""is_acknowledgment"": false}",That is a reasonable assumption.
BT-7274.Voicepack/bt_clips/735_Pilot_this_situation_could_use_your.wav,"{""primary_emotion"": ""neutral"", ""primary_score"": 0.0, ""confidence"": 0.0, ""secondary_emotion"": null, ""all_scores"": {}}",735,pilot this situation could use your skills,35,"p ɪ l ɒ t ,   θ ɪ s   s ɪ t ʌ æ t ɪ ɒ n   c aʊ l d   ʌ s ɛ   y aʊ r   s k ɪ l l s .","{""mean_pitch_hz"": 814.89, ""pitch_range_hz"": 1275.9, ""mean_energy"": 0.0532, ""energy_range"": 0.2301, ""tempo_bpm"": 107.67, ""spectral_centroid"": 2454.73, ""spectral_rolloff"": 4610.69, ""duration_seconds"": 2.7}","{""pace"": ""normal"", ""volume"": ""normal"", ""pitch_variation"": ""low"", ""is_question"": false, ""has_pilot_address"": true, ""is_protocol"": false, ""is_acknowledgment"": false}","Pilot, this situation could use your skills."
BT-7274.Voicepack/bt_clips/736_I_suggest_we_relocate_to_the.wav,"{""primary_emotion"": ""neutral"", ""primary_score"": 0.0, ""confidence"": 0.0, ""secondary_emotion"": null, ""all_scores"": {}}",736,i suggest we relocate to the beacon platform for repairs,43,ɪ   s ʌ g g ɛ s t   w ɛ   r ɛ l ɒ c æ t ɛ   t ɒ   θ ɛ   b iː c ɒ n   p l æ t f ɔːr m   f ɔːr   r ɛ p eɪ r s .,"{""mean_pitch_hz"": 452.03, ""pitch_range_hz"": 4.04, ""mean_energy"": 0.0648, ""energy_range"": 0.1803, ""tempo_bpm"": 129.2, ""spectral_centroid"": 2041.78, ""spectral_rolloff"": 3508.74, ""duration_seconds"": 2.98}","{""pace"": ""normal"", ""volume"": ""normal"", ""pitch_variation"": ""low"", ""is_question"": false, ""has_pilot_address"": false, ""is_protocol"": false, ""is_acknowledgment"": false}",I suggest we relocate to the beacon platform for repairs.
BT-7274.Voicepack/bt_clips/737_Embark_and_we_will_move_out.wav,"{""primary_emotion"": ""commanding"", ""primary_score"": 0.9, ""confidence"": 0.11, ""secondary_emotion"": ""determined"", ""all_scores"": {""commanding"": 0.9, ""determined"": 0.8}}",737,embark and we will move out pilot,27,"ɛ m b ɑːr k   æ n d   w ɛ   w ɪ l l   m ɒ v ɛ   aʊ t ,   p ɪ l ɒ t .","{""mean_pitch_hz"": 514.04, ""pitch_range_hz"": 1178.64, ""mean_energy"": 0.0667, ""energy_range"": 0.1457, ""tempo_bpm"": 126.05, ""spectral_centroid"": 1190.48, ""spectral_rolloff"": 1777.57, ""duration_seconds"": 1.62}","{""pace"": ""fast"", ""volume"": ""loud"", ""pitch_variation"": ""normal"", ""is_question"": false, ""has_pilot_address"": true, ""is_protocol"": false, ""is_acknowledgment"": false}","Embark and we will move out, pilot."
BT-7274.Voicepack/bt_clips/738_Good_luck.wav,"{""primary_emotion"": ""positive"", ""primary_score"": 0.9, ""confidence"": 0.11, ""secondary_emotion"": null, ""all_scores"": {""positive"": 0.9}}",738,good luck,7,g uː d   l ʌ k .,"{""mean_pitch_hz"": 752.14, ""pitch_range_hz"": 848.51, ""mean_energy"": 0.0645, ""energy_range"": 0.1845, ""tempo_bpm"": 112.35, ""spectral_centroid"": 2579.37, ""spectral_rolloff"": 4906.41, ""duration_seconds"": 0.86}","{""pace"": ""normal"", ""volume"": ""loud"", ""pitch_variation"": ""normal"", ""is_question"": false, ""has_pilot_address"": false, ""is_protocol"": false, ""is_acknowledgment"": false}",Good luck.
BT-7274.Voicepack/bt_clips/739_Copy_that_6-4.wav,"{""primary_emotion"": ""neutral"", ""primary_score"": 0.5, ""confidence"": 0.06, ""secondary_emotion"": null, ""all_scores"": {""neutral"": 0.5}}",739,copy that 64,9,"c ɒ p y   θ æ t ,   .","{""mean_pitch_hz"": 957.37, ""pitch_range_hz"": 1742.31, ""mean_energy"": 0.0812, ""energy_range"": 0.1938, ""tempo_bpm"": 129.2, ""spectral_centroid"": 2501.08, ""spectral_rolloff"": 3934.87, ""duration_seconds"": 0.96}","{""pace"": ""normal"", ""volume"": ""normal"", ""pitch_variation"": ""low"", ""is_question"": false, ""has_pilot_address"": false, ""is_protocol"": false, ""is_acknowledgment"": true}","Copy that, 6-4."
BT-7274.Voicepack/bt_clips/740_You_can_do_this_Cooper.wav,"{""primary_emotion"": ""neutral"", ""primary_score"": 0.0, ""confidence"": 0.0, ""secondary_emotion"": null, ""all_scores"": {}}",740,you can do this cooper,16,"y aʊ   c æ n   d ɒ   θ ɪ s ,   c uː p ɜːr .","{""mean_pitch_hz"": 256.09, ""pitch_range_hz"": 193.63, ""mean_energy"": 0.0738, ""energy_range"": 0.1755, ""tempo_bpm"": 112.35, ""spectral_centroid"": 2091.61, ""spectral_rolloff"": 4129.31, ""duration_seconds"": 0.98}","{""pace"": ""normal"", ""volume"": ""normal"", ""pitch_variation"": ""low"", ""is_question"": false, ""has_pilot_address"": false, ""is_protocol"": false, ""is_acknowledgment"": false}","You can do this, Cooper."
BT-7274.Voicepack/bt_clips/741_Climb_into_my_hand_and_I.wav,"{""primary_emotion"": ""determined"", ""primary_score"": 0.8, ""confidence"": 0.1, ""secondary_emotion"": null, ""all_scores"": {""determined"": 0.8}}",741,climb into my hand and i will throw you to blackbird 64,38,c l ɪ m b   ɪ n t ɒ   m y   h æ n d   æ n d   ɪ   w ɪ l l   θ r oʊ   y aʊ   t ɒ   b l æ k b ɪr d   .,"{""mean_pitch_hz"": 538.85, ""pitch_range_hz"": 1124.76, ""mean_energy"": 0.0943, ""energy_range"": 0.2029, ""tempo_bpm"": 152.0, ""spectral_centroid"": 1953.45, ""spectral_rolloff"": 3268.72, ""duration_seconds"": 3.12}","{""pace"": ""normal"", ""volume"": ""normal"", ""pitch_variation"": ""low"", ""is_question"": false, ""has_pilot_address"": false, ""is_protocol"": false, ""is_acknowledgment"": false}",Climb into my hand and I will throw you to Blackbird 6-4.
BT-7274.Voicepack/bt_clips/742_Not_exactly.wav,"{""primary_emotion"": ""neutral"", ""primary_score"": 0.0, ""confidence"": 0.0, ""secondary_emotion"": null, ""all_scores"": {}}",742,not exactly,11,n ɒ t   ɛ x æ c t l y .,"{""mean_pitch_hz"": 707.9, ""pitch_range_hz"": 1275.1, ""mean_energy"": 0.0933, ""energy_range"": 0.1472, ""tempo_bpm"": 123.05, ""spectral_centroid"": 1767.71, ""spectral_rolloff"": 3048.14, ""duration_seconds"": 0.72}","{""pace"": ""normal"", ""volume"": ""normal"", ""pitch_variation"": ""low"", ""is_question"": false, ""has_pilot_address"": false, ""is_protocol"": false, ""is_acknowledgment"": false}",Not exactly.
BT-7274.Voicepack/bt_clips/743_There_are_significantly_more_variables_t.wav,"{""primary_emotion"": ""neutral"", ""primary_score"": 0.0, ""confidence"": 0.0, ""secondary_emotion"": null, ""all_scores"": {}}",743,there are significantly more variables to throwing between two moving platforms,57,θ ɜːr ɛ   ɑːr ɛ   s aɪn ɪ f ɪ c æ n t l y   m ɔːr ɛ   v ɑːr ɪ æ b l ɛ s   t ɒ   θ r oʊ ɪ ŋ   b ɛ t w iː n   t w ɒ   m ɒ v ɪ ŋ   p l æ t f ɔːr m s .,"{""mean_pitch_hz"": 527.81, ""pitch_range_hz"": 1192.72, ""mean_energy"": 0.0664, ""energy_range"": 0.1612, ""tempo_bpm"": 123.05, ""spectral_centroid"": 1819.42, ""spectral_rolloff"": 3199.78, ""duration_seconds"": 3.98}","{""pace"": ""normal"", ""volume"": ""normal"", ""pitch_variation"": ""low"", ""is_question"": false, ""has_pilot_address"": false, ""is_protocol"": false, ""is_acknowledgment"": false}",There are significantly more variables to throwing between two moving platforms.
BT-7274.Voicepack/bt_clips/744_Trust_me.wav,"{""primary_emotion"": ""neutral"", ""primary_score"": 0.0, ""confidence"": 0.0, ""secondary_emotion"": null, ""all_scores"": {}}",744,trust me,8,t r ʌ s t   m ɛ .,"{""mean_pitch_hz"": 948.21, ""pitch_range_hz"": 1129.23, ""mean_energy"": 0.0629, ""energy_range"": 0.1829, ""tempo_bpm"": 136.0, ""spectral_centroid"": 2872.69, ""spectral_rolloff"": 5479.79, ""duration_seconds"": 0.6}","{""pace"": ""normal"", ""volume"": ""normal"", ""pitch_variation"": ""low"", ""is_question"": false, ""has_pilot_address"": false, ""is_protocol"": false, ""is_acknowledgment"": false}",Trust me.
BT-7274.Voicepack/bt_clips/745_Cooper_aim_for_the_cockpit.wav,"{""primary_emotion"": ""neutral"", ""primary_score"": 0.0, ""confidence"": 0.0, ""secondary_emotion"": null, ""all_scores"": {}}",745,cooper aim for the cockpit,18,"c uː p ɜːr ,   eɪ m   f ɔːr   θ ɛ   c ɒ k p ɪ t .","{""mean_pitch_hz"": 963.38, ""pitch_range_hz"": 520.8, ""mean_energy"": 0.084, ""energy_range"": 0.2447, ""tempo_bpm"": 123.05, ""spectral_centroid"": 2026.61, ""spectral_rolloff"": 3628.96, ""duration_seconds"": 1.42}","{""pace"": ""normal"", ""volume"": ""normal"", ""pitch_variation"": ""low"", ""is_question"": false, ""has_pilot_address"": false, ""is_protocol"": false, ""is_acknowledgment"": false}","Cooper, aim for the cockpit."
BT-7274.Voicepack/bt_clips/746_Take_the_shot.wav,"{""primary_emotion"": ""neutral"", ""primary_score"": 0.0, ""confidence"": 0.0, ""secondary_emotion"": null, ""all_scores"": {}}",746,take the shot,10,t æ k ɛ   θ ɛ   ʃ ɒ t .,"{""mean_pitch_hz"": 966.77, ""pitch_range_hz"": 1654.99, ""mean_energy"": 0.1288, ""energy_range"": 0.2831, ""tempo_bpm"": 139.67, ""spectral_centroid"": 2306.12, ""spectral_rolloff"": 3919.75, ""duration_seconds"": 0.7}","{""pace"": ""normal"", ""volume"": ""normal"", ""pitch_variation"": ""low"", ""is_question"": false, ""has_pilot_address"": false, ""is_protocol"": false, ""is_acknowledgment"": false}",Take the shot.
BT-7274.Voicepack/bt_clips/747_Left_arm_severed.wav,"{""primary_emotion"": ""neutral"", ""primary_score"": 0.0, ""confidence"": 0.0, ""secondary_emotion"": null, ""all_scores"": {}}",747,left arm severed,13,l ɛ f t   ɑːr m   s ɛ v ɜːr ɛ d .,"{""mean_pitch_hz"": 870.29, ""pitch_range_hz"": 1155.11, ""mean_energy"": 0.0857, ""energy_range"": 0.1866, ""tempo_bpm"": 132.51, ""spectral_centroid"": 2373.64, ""spectral_rolloff"": 3892.06, ""duration_seconds"": 1.0}","{""pace"": ""normal"", ""volume"": ""normal"", ""pitch_variation"": ""low"", ""is_question"": false, ""has_pilot_address"": false, ""is_protocol"": false, ""is_acknowledgment"": false}",Left arm severed.
BT-7274.Voicepack/bt_clips/748_However_I_am_still_operational.wav,"{""primary_emotion"": ""questioning"", ""primary_score"": 0.6, ""confidence"": 0.07, ""secondary_emotion"": null, ""all_scores"": {""questioning"": 0.6}}",748,however i am still operational,25,"h oʊ ɛ v ɜːr ,   ɪ   æ m   s t ɪ l l   ɒ p ɜːr æ t ɪ ɒ n æ l .","{""mean_pitch_hz"": 521.31, ""pitch_range_hz"": 907.97, ""mean_energy"": 0.0723, ""energy_range"": 0.1972, ""tempo_bpm"": 86.13, ""spectral_centroid"": 2027.17, ""spectral_rolloff"": 3272.19, ""duration_seconds"": 1.74}","{""pace"": ""normal"", ""volume"": ""normal"", ""pitch_variation"": ""high"", ""is_question"": false, ""has_pilot_address"": false, ""is_protocol"": false, ""is_acknowledgment"": false}","However, I am still operational."
BT-7274.Voicepack/bt_clips/749_We_must_uphold_the_mission.wav,"{""primary_emotion"": ""determined"", ""primary_score"": 1.6, ""confidence"": 0.2, ""secondary_emotion"": null, ""all_scores"": {""determined"": 1.6}}",749,we must uphold the mission,21,w ɛ   m ʌ s t   ʌ f ɒ l d   θ ɛ   m ɪ s s ɪ ɒ n .,"{""mean_pitch_hz"": 549.1, ""pitch_range_hz"": 954.95, ""mean_energy"": 0.0926, ""energy_range"": 0.1945, ""tempo_bpm"": 126.05, ""spectral_centroid"": 1886.8, ""spectral_rolloff"": 3071.24, ""duration_seconds"": 1.4}","{""pace"": ""normal"", ""volume"": ""normal"", ""pitch_variation"": ""low"", ""is_question"": false, ""has_pilot_address"": false, ""is_protocol"": false, ""is_acknowledgment"": false}",We must uphold the mission.
BT-7274.Voicepack/bt_clips/750_This_ship_is_rapidly_losing_altitude.wav,"{""primary_emotion"": ""neutral"", ""primary_score"": 0.0, ""confidence"": 0.0, ""secondary_emotion"": null, ""all_scores"": {}}",750,this ship is rapidly losing altitude,29,θ ɪ s   ʃ ɪ p   ɪ s   r æ p ɪ d l y   l ɒ s ɪ ŋ   æ l t ɪ t ʌ d ɛ .,"{""mean_pitch_hz"": 587.32, ""pitch_range_hz"": 1178.89, ""mean_energy"": 0.0911, ""energy_range"": 0.1542, ""tempo_bpm"": 136.0, ""spectral_centroid"": 2098.38, ""spectral_rolloff"": 3787.04, ""duration_seconds"": 1.86}","{""pace"": ""normal"", ""volume"": ""normal"", ""pitch_variation"": ""low"", ""is_question"": false, ""has_pilot_address"": false, ""is_protocol"": false, ""is_acknowledgment"": false}",This ship is rapidly losing altitude.
BT-7274.Voicepack/bt_clips/751_It_is_up_to_us_Cooper.wav,"{""primary_emotion"": ""neutral"", ""primary_score"": 0.0, ""confidence"": 0.0, ""secondary_emotion"": null, ""all_scores"": {}}",751,it is up to us cooper,16,"ɪ t   ɪ s   ʌ p   t ɒ   ʌ s ,   c uː p ɜːr .","{""mean_pitch_hz"": 824.13, ""pitch_range_hz"": 675.22, ""mean_energy"": 0.0739, ""energy_range"": 0.2187, ""tempo_bpm"": 161.5, ""spectral_centroid"": 2163.72, ""spectral_rolloff"": 3645.46, ""duration_seconds"": 1.1}","{""pace"": ""normal"", ""volume"": ""normal"", ""pitch_variation"": ""low"", ""is_question"": false, ""has_pilot_address"": false, ""is_protocol"": false, ""is_acknowledgment"": false}","It is up to us, Cooper."
BT-7274.Voicepack/bt_clips/752_Airborne_bogey_acquired.wav,"{""primary_emotion"": ""neutral"", ""primary_score"": 0.0, ""confidence"": 0.0, ""secondary_emotion"": null, ""all_scores"": {}}",752,airborne bogey acquired,18,eɪ r b ɔːr n ɛ   b ɒ g eɪ   æ c q ʌ ɪr ɛ d .,"{""mean_pitch_hz"": 666.99, ""pitch_range_hz"": 1419.43, ""mean_energy"": 0.1113, ""energy_range"": 0.2096, ""tempo_bpm"": 156.61, ""spectral_centroid"": 1394.13, ""spectral_rolloff"": 2165.72, ""duration_seconds"": 1.14}","{""pace"": ""normal"", ""volume"": ""normal"", ""pitch_variation"": ""low"", ""is_question"": false, ""has_pilot_address"": false, ""is_protocol"": false, ""is_acknowledgment"": false}",Airborne bogey acquired.
BT-7274.Voicepack/bt_clips/753_North_Star_Class_Titan.wav,"{""primary_emotion"": ""neutral"", ""primary_score"": 0.0, ""confidence"": 0.0, ""secondary_emotion"": null, ""all_scores"": {}}",753,north star class titan,17,n ɔːr θ   s t ɑːr   c l æ s s   t ɪ t æ n .,"{""mean_pitch_hz"": 588.54, ""pitch_range_hz"": 1083.77, ""mean_energy"": 0.0772, ""energy_range"": 0.2017, ""tempo_bpm"": 126.05, ""spectral_centroid"": 2082.21, ""spectral_rolloff"": 3482.6, ""duration_seconds"": 1.42}","{""pace"": ""normal"", ""volume"": ""normal"", ""pitch_variation"": ""low"", ""is_question"": false, ""has_pilot_address"": false, ""is_protocol"": false, ""is_acknowledgment"": false}",North Star Class Titan.
BT-7274.Voicepack/bt_clips/754_Heavily_modified.wav,"{""primary_emotion"": ""neutral"", ""primary_score"": 0.0, ""confidence"": 0.0, ""secondary_emotion"": null, ""all_scores"": {}}",754,heavily modified,14,h iː v ɪ l y   m ɒ d ɪ f iː d .,"{""mean_pitch_hz"": 607.94, ""pitch_range_hz"": 869.62, ""mean_energy"": 0.1146, ""energy_range"": 0.2124, ""tempo_bpm"": 172.27, ""spectral_centroid"": 1922.53, ""spectral_rolloff"": 3426.86, ""duration_seconds"": 0.72}","{""pace"": ""normal"", ""volume"": ""normal"", ""pitch_variation"": ""low"", ""is_question"": false, ""has_pilot_address"": false, ""is_protocol"": false, ""is_acknowledgment"": false}",Heavily modified.
BT-7274.Voicepack/bt_clips/755_Airborne_bogey_acquired.wav,"{""primary_emotion"": ""neutral"", ""primary_score"": 0.0, ""confidence"": 0.0, ""secondary_emotion"": null, ""all_scores"": {}}",755,airborne bogey acquired,18,eɪ r b ɔːr n ɛ   b ɒ g eɪ   æ c q ʌ ɪr ɛ d .,"{""mean_pitch_hz"": 491.91, ""pitch_range_hz"": 873.69, ""mean_energy"": 0.1182, ""energy_range"": 0.2339, ""tempo_bpm"": 139.67, ""spectral_centroid"": 1430.66, ""spectral_rolloff"": 2225.94, ""duration_seconds"": 1.18}","{""pace"": ""normal"", ""volume"": ""normal"", ""pitch_variation"": ""low"", ""is_question"": false, ""has_pilot_address"": false, ""is_protocol"": false, ""is_acknowledgment"": false}",Airborne bogey acquired.
BT-7274.Voicepack/bt_clips/756_North_Star_Class_Titan.wav,"{""primary_emotion"": ""neutral"", ""primary_score"": 0.0, ""confidence"": 0.0, ""secondary_emotion"": null, ""all_scores"": {}}",756,north star class titan,17,n ɔːr θ   s t ɑːr   c l æ s s   t ɪ t æ n .,"{""mean_pitch_hz"": 791.8, ""pitch_range_hz"": 1070.59, ""mean_energy"": 0.0943, ""energy_range"": 0.1928, ""tempo_bpm"": 129.2, ""spectral_centroid"": 2130.44, ""spectral_rolloff"": 3555.27, ""duration_seconds"": 1.08}","{""pace"": ""normal"", ""volume"": ""normal"", ""pitch_variation"": ""low"", ""is_question"": false, ""has_pilot_address"": false, ""is_protocol"": false, ""is_acknowledgment"": false}",North Star Class Titan.
BT-7274.Voicepack/bt_clips/757_Heavily_modified.wav,"{""primary_emotion"": ""neutral"", ""primary_score"": 0.0, ""confidence"": 0.0, ""secondary_emotion"": null, ""all_scores"": {}}",757,heavily modified,14,h iː v ɪ l y   m ɒ d ɪ f iː d .,"{""mean_pitch_hz"": 711.68, ""pitch_range_hz"": 909.48, ""mean_energy"": 0.1101, ""energy_range"": 0.1968, ""tempo_bpm"": 166.71, ""spectral_centroid"": 1937.94, ""spectral_rolloff"": 3422.43, ""duration_seconds"": 0.74}","{""pace"": ""normal"", ""volume"": ""normal"", ""pitch_variation"": ""low"", ""is_question"": false, ""has_pilot_address"": false, ""is_protocol"": false, ""is_acknowledgment"": false}",Heavily modified.
BT-7274.Voicepack/bt_clips/758_Adjusting_for_wind_resistance.wav,"{""primary_emotion"": ""neutral"", ""primary_score"": 0.0, ""confidence"": 0.0, ""secondary_emotion"": null, ""all_scores"": {}}",758,adjusting for wind resistance,23,æ d j ʌ s t ɪ ŋ   f ɔːr   w aɪnd   r ɛ s ɪ s t æ n c ɛ .,"{""mean_pitch_hz"": 322.15, ""pitch_range_hz"": 314.3, ""mean_energy"": 0.0786, ""energy_range"": 0.1761, ""tempo_bpm"": 129.2, ""spectral_centroid"": 2408.07, ""spectral_rolloff"": 4150.91, ""duration_seconds"": 1.44}","{""pace"": ""normal"", ""volume"": ""normal"", ""pitch_variation"": ""low"", ""is_question"": false, ""has_pilot_address"": false, ""is_protocol"": false, ""is_acknowledgment"": false}",Adjusting for wind resistance.
BT-7274.Voicepack/bt_clips/759_Calculating.wav,"{""primary_emotion"": ""neutral"", ""primary_score"": 0.0, ""confidence"": 0.0, ""secondary_emotion"": null, ""all_scores"": {}}",759,calculating,11,c æ l c ʌ l æ t ɪ ŋ .,"{""mean_pitch_hz"": 1054.15, ""pitch_range_hz"": 402.93, ""mean_energy"": 0.0629, ""energy_range"": 0.199, ""tempo_bpm"": 224.69, ""spectral_centroid"": 1843.21, ""spectral_rolloff"": 3362.91, ""duration_seconds"": 0.6}","{""pace"": ""normal"", ""volume"": ""normal"", ""pitch_variation"": ""low"", ""is_question"": false, ""has_pilot_address"": false, ""is_protocol"": false, ""is_acknowledgment"": false}",Calculating.
BT-7274.Voicepack/bt_clips/760_Down_here.wav,"{""primary_emotion"": ""neutral"", ""primary_score"": 0.0, ""confidence"": 0.0, ""secondary_emotion"": null, ""all_scores"": {}}",760,down here,7,d oʊ n   h ɜːr ɛ .,"{""mean_pitch_hz"": 877.64, ""pitch_range_hz"": 933.94, ""mean_energy"": 0.1011, ""energy_range"": 0.1692, ""tempo_bpm"": 152.0, ""spectral_centroid"": 1798.46, ""spectral_rolloff"": 2551.27, ""duration_seconds"": 0.6}","{""pace"": ""normal"", ""volume"": ""normal"", ""pitch_variation"": ""low"", ""is_question"": false, ""has_pilot_address"": false, ""is_protocol"": false, ""is_acknowledgment"": false}",Down here.
BT-7274.Voicepack/bt_clips/761_We_are_approaching_the_ARCs_containment.wav,"{""primary_emotion"": ""neutral"", ""primary_score"": 0.0, ""confidence"": 0.0, ""secondary_emotion"": null, ""all_scores"": {}}",761,we are approaching the arcs containment unit,32,w ɛ   ɑːr ɛ   æ p p r oʊ tʃ ɪ ŋ   θ ɛ   ɑːr c s   c ɒ n t eɪ n m ɛ n t   ʌ n ɪ t .,"{""mean_pitch_hz"": 550.88, ""pitch_range_hz"": 644.11, ""mean_energy"": 0.0744, ""energy_range"": 0.2161, ""tempo_bpm"": 120.19, ""spectral_centroid"": 2025.3, ""spectral_rolloff"": 3770.0, ""duration_seconds"": 1.92}","{""pace"": ""normal"", ""volume"": ""normal"", ""pitch_variation"": ""low"", ""is_question"": false, ""has_pilot_address"": false, ""is_protocol"": false, ""is_acknowledgment"": false}",We are approaching the ARC's containment unit.
BT-7274.Voicepack/bt_clips/762_The_containment_unit_is_too_large.wav,"{""primary_emotion"": ""neutral"", ""primary_score"": 0.0, ""confidence"": 0.0, ""secondary_emotion"": null, ""all_scores"": {}}",762,the containment unit is too large to carry,31,θ ɛ   c ɒ n t eɪ n m ɛ n t   ʌ n ɪ t   ɪ s   t uː   l ɑːr g ɛ   t ɒ   c ɑːr r y .,"{""mean_pitch_hz"": 413.01, ""pitch_range_hz"": 1418.62, ""mean_energy"": 0.0929, ""energy_range"": 0.172, ""tempo_bpm"": 123.05, ""spectral_centroid"": 1891.17, ""spectral_rolloff"": 3119.34, ""duration_seconds"": 2.02}","{""pace"": ""normal"", ""volume"": ""normal"", ""pitch_variation"": ""low"", ""is_question"": false, ""has_pilot_address"": false, ""is_protocol"": false, ""is_acknowledgment"": false}",The containment unit is too large to carry.
BT-7274.Voicepack/bt_clips/763_We_must_improvise.wav,"{""primary_emotion"": ""determined"", ""primary_score"": 0.8, ""confidence"": 0.1, ""secondary_emotion"": null, ""all_scores"": {""determined"": 0.8}}",763,we must improvise,16,w ɛ   m ʌ s t   ɪ m p r ɒ v ɪ s ɛ .,"{""mean_pitch_hz"": 407.87, ""pitch_range_hz"": 885.66, ""mean_energy"": 0.0668, ""energy_range"": 0.1358, ""tempo_bpm"": 136.0, ""spectral_centroid"": 2321.98, ""spectral_rolloff"": 3723.56, ""duration_seconds"": 1.18}","{""pace"": ""normal"", ""volume"": ""normal"", ""pitch_variation"": ""low"", ""is_question"": false, ""has_pilot_address"": false, ""is_protocol"": false, ""is_acknowledgment"": false}",We must improvise.
BT-7274.Voicepack/bt_clips/764_Ready_to_transfer_control_to_pilot.wav,"{""primary_emotion"": ""neutral"", ""primary_score"": 0.0, ""confidence"": 0.0, ""secondary_emotion"": null, ""all_scores"": {}}",764,ready to transfer control to pilot,28,r iː d y   t ɒ   t r æ n s f ɜːr   c ɒ n t r ɒ l   t ɒ   p ɪ l ɒ t .,"{""mean_pitch_hz"": 764.95, ""pitch_range_hz"": 880.54, ""mean_energy"": 0.0822, ""energy_range"": 0.1539, ""tempo_bpm"": 109.96, ""spectral_centroid"": 1939.61, ""spectral_rolloff"": 3310.45, ""duration_seconds"": 1.58}","{""pace"": ""normal"", ""volume"": ""normal"", ""pitch_variation"": ""low"", ""is_question"": false, ""has_pilot_address"": true, ""is_protocol"": false, ""is_acknowledgment"": false}",Ready to transfer control to pilot.
BT-7274.Voicepack/bt_clips/765_Commander_Briggs.wav,"{""primary_emotion"": ""commanding"", ""primary_score"": 0.9, ""confidence"": 0.11, ""secondary_emotion"": null, ""all_scores"": {""commanding"": 0.9}}",765,commander briggs,15,c ɒ m m æ n d ɜːr   b r ɪ g g s .,"{""mean_pitch_hz"": 362.52, ""pitch_range_hz"": 172.27, ""mean_energy"": 0.0934, ""energy_range"": 0.2229, ""tempo_bpm"": 136.0, ""spectral_centroid"": 1690.56, ""spectral_rolloff"": 2667.93, ""duration_seconds"": 0.8}","{""pace"": ""fast"", ""volume"": ""loud"", ""pitch_variation"": ""normal"", ""is_question"": false, ""has_pilot_address"": false, ""is_protocol"": false, ""is_acknowledgment"": false}",Commander Briggs.
BT-7274.Voicepack/bt_clips/766_This_is_BT-7274.wav,"{""primary_emotion"": ""neutral"", ""primary_score"": 0.0, ""confidence"": 0.0, ""secondary_emotion"": null, ""all_scores"": {}}",766,this is bt7274,8,θ ɪ s   ɪ s   b t .,"{""mean_pitch_hz"": 358.47, ""pitch_range_hz"": 1944.33, ""mean_energy"": 0.0798, ""energy_range"": 0.1485, ""tempo_bpm"": 152.0, ""spectral_centroid"": 2372.86, ""spectral_rolloff"": 4228.46, ""duration_seconds"": 2.04}","{""pace"": ""normal"", ""volume"": ""normal"", ""pitch_variation"": ""low"", ""is_question"": false, ""has_pilot_address"": false, ""is_protocol"": false, ""is_acknowledgment"": false}",This is BT-7274.
BT-7274.Voicepack/bt_clips/767_Viper_is_down.wav,"{""primary_emotion"": ""neutral"", ""primary_score"": 0.0, ""confidence"": 0.0, ""secondary_emotion"": null, ""all_scores"": {}}",767,viper is down,10,v ɪ p ɜːr   ɪ s   d oʊ n .,"{""mean_pitch_hz"": 844.13, ""pitch_range_hz"": 1158.67, ""mean_energy"": 0.0753, ""energy_range"": 0.1557, ""tempo_bpm"": 129.2, ""spectral_centroid"": 1926.35, ""spectral_rolloff"": 3164.89, ""duration_seconds"": 1.0}","{""pace"": ""normal"", ""volume"": ""normal"", ""pitch_variation"": ""low"", ""is_question"": false, ""has_pilot_address"": false, ""is_protocol"": false, ""is_acknowledgment"": false}",Viper is down.
BT-7274.Voicepack/bt_clips/768_Cooper.wav,"{""primary_emotion"": ""neutral"", ""primary_score"": 0.0, ""confidence"": 0.0, ""secondary_emotion"": null, ""all_scores"": {}}",768,cooper,5,c uː p ɜːr .,"{""mean_pitch_hz"": 459.26, ""pitch_range_hz"": 723.66, ""mean_energy"": 0.0953, ""energy_range"": 0.1302, ""tempo_bpm"": 136.0, ""spectral_centroid"": 1657.52, ""spectral_rolloff"": 2955.67, ""duration_seconds"": 0.26}","{""pace"": ""normal"", ""volume"": ""normal"", ""pitch_variation"": ""low"", ""is_question"": false, ""has_pilot_address"": false, ""is_protocol"": false, ""is_acknowledgment"": false}",Cooper.
BT-7274.Voicepack/bt_clips/769_Ready_for_fastball.wav,"{""primary_emotion"": ""neutral"", ""primary_score"": 0.0, ""confidence"": 0.0, ""secondary_emotion"": null, ""all_scores"": {}}",769,ready for fastball,15,r iː d y   f ɔːr   f æ s t b æ l l .,"{""mean_pitch_hz"": 718.02, ""pitch_range_hz"": 1137.96, ""mean_energy"": 0.0691, ""energy_range"": 0.1766, ""tempo_bpm"": 139.67, ""spectral_centroid"": 2155.56, ""spectral_rolloff"": 3739.29, ""duration_seconds"": 1.06}","{""pace"": ""normal"", ""volume"": ""normal"", ""pitch_variation"": ""low"", ""is_question"": false, ""has_pilot_address"": false, ""is_protocol"": false, ""is_acknowledgment"": false}",Ready for fastball.
BT-7274.Voicepack/bt_clips/770_Recommend_you_disembark.wav,"{""primary_emotion"": ""neutral"", ""primary_score"": 0.0, ""confidence"": 0.0, ""secondary_emotion"": null, ""all_scores"": {}}",770,recommend you disembark,20,r ɛ c ɒ m m ɛ n d   y aʊ   d ɪ s ɛ m b ɑːr k .,"{""mean_pitch_hz"": 598.76, ""pitch_range_hz"": 1177.85, ""mean_energy"": 0.098, ""energy_range"": 0.1925, ""tempo_bpm"": 132.51, ""spectral_centroid"": 1653.75, ""spectral_rolloff"": 2628.27, ""duration_seconds"": 1.22}","{""pace"": ""normal"", ""volume"": ""normal"", ""pitch_variation"": ""low"", ""is_question"": false, ""has_pilot_address"": false, ""is_protocol"": false, ""is_acknowledgment"": false}",Recommend you disembark.
BT-7274.Voicepack/bt_clips/771_Cooper.wav,"{""primary_emotion"": ""neutral"", ""primary_score"": 0.0, ""confidence"": 0.0, ""secondary_emotion"": null, ""all_scores"": {}}",771,cooper,5,c uː p ɜːr .,"{""mean_pitch_hz"": 328.11, ""pitch_range_hz"": 0.36, ""mean_energy"": 0.0397, ""energy_range"": 0.2099, ""tempo_bpm"": 215.33, ""spectral_centroid"": 2808.1, ""spectral_rolloff"": 5183.27, ""duration_seconds"": 0.44}","{""pace"": ""normal"", ""volume"": ""normal"", ""pitch_variation"": ""low"", ""is_question"": false, ""has_pilot_address"": false, ""is_protocol"": false, ""is_acknowledgment"": false}",Cooper.
BT-7274.Voicepack/bt_clips/772_Cooper.wav,"{""primary_emotion"": ""neutral"", ""primary_score"": 0.0, ""confidence"": 0.0, ""secondary_emotion"": null, ""all_scores"": {}}",772,cooper,5,c uː p ɜːr .,"{""mean_pitch_hz"": 588.85, ""pitch_range_hz"": 757.82, ""mean_energy"": 0.0816, ""energy_range"": 0.0517, ""tempo_bpm"": 139.67, ""spectral_centroid"": 1363.54, ""spectral_rolloff"": 2123.96, ""duration_seconds"": 0.12}","{""pace"": ""normal"", ""volume"": ""normal"", ""pitch_variation"": ""low"", ""is_question"": false, ""has_pilot_address"": false, ""is_protocol"": false, ""is_acknowledgment"": false}",Cooper.
BT-7274.Voicepack/bt_clips/773_I_recommend_you_disembark_so_I.wav,"{""primary_emotion"": ""neutral"", ""primary_score"": 0.0, ""confidence"": 0.0, ""secondary_emotion"": null, ""all_scores"": {}}",773,i recommend you disembark so i may throw you to the draconis,43,ɪ   r ɛ c ɒ m m ɛ n d   y aʊ   d ɪ s ɛ m b ɑːr k   s ɒ   ɪ   m eɪ   θ r oʊ   y aʊ   t ɒ   θ ɛ   d r æ c ɒ n ɪ s .,"{""mean_pitch_hz"": 426.9, ""pitch_range_hz"": 1241.05, ""mean_energy"": 0.0773, ""energy_range"": 0.1651, ""tempo_bpm"": 178.21, ""spectral_centroid"": 1966.62, ""spectral_rolloff"": 3275.62, ""duration_seconds"": 3.1}","{""pace"": ""normal"", ""volume"": ""normal"", ""pitch_variation"": ""low"", ""is_question"": false, ""has_pilot_address"": false, ""is_protocol"": false, ""is_acknowledgment"": false}",I recommend you disembark so I may throw you to the Draconis.
BT-7274.Voicepack/bt_clips/774_Climb_into_my_hand_and_I.wav,"{""primary_emotion"": ""determined"", ""primary_score"": 0.8, ""confidence"": 0.1, ""secondary_emotion"": null, ""all_scores"": {""determined"": 0.8}}",774,climb into my hand and i will throw you to the draconis,41,c l ɪ m b   ɪ n t ɒ   m y   h æ n d   æ n d   ɪ   w ɪ l l   θ r oʊ   y aʊ   t ɒ   θ ɛ   d r æ c ɒ n ɪ s .,"{""mean_pitch_hz"": 445.99, ""pitch_range_hz"": 944.16, ""mean_energy"": 0.0741, ""energy_range"": 0.2364, ""tempo_bpm"": 114.84, ""spectral_centroid"": 2075.28, ""spectral_rolloff"": 3491.74, ""duration_seconds"": 2.9}","{""pace"": ""normal"", ""volume"": ""normal"", ""pitch_variation"": ""low"", ""is_question"": false, ""has_pilot_address"": false, ""is_protocol"": false, ""is_acknowledgment"": false}",Climb into my hand and I will throw you to the Draconis.
BT-7274.Voicepack/bt_clips/775_Cooper.wav,"{""primary_emotion"": ""neutral"", ""primary_score"": 0.0, ""confidence"": 0.0, ""secondary_emotion"": null, ""all_scores"": {}}",775,cooper,5,c uː p ɜːr .,"{""mean_pitch_hz"": 356.38, ""pitch_range_hz"": 206.83, ""mean_energy"": 0.0974, ""energy_range"": 0.1163, ""tempo_bpm"": 136.0, ""spectral_centroid"": 1345.7, ""spectral_rolloff"": 2082.17, ""duration_seconds"": 0.26}","{""pace"": ""normal"", ""volume"": ""normal"", ""pitch_variation"": ""low"", ""is_question"": false, ""has_pilot_address"": false, ""is_protocol"": false, ""is_acknowledgment"": false}",Cooper.
BT-7274.Voicepack/bt_clips/776_Use_the_cargo_lift.wav,"{""primary_emotion"": ""neutral"", ""primary_score"": 0.0, ""confidence"": 0.0, ""secondary_emotion"": null, ""all_scores"": {}}",776,use the cargo lift,14,ʌ s ɛ   θ ɛ   c ɑːr g ɒ   l ɪ f t .,"{""mean_pitch_hz"": 684.31, ""pitch_range_hz"": 1111.48, ""mean_energy"": 0.0819, ""energy_range"": 0.2033, ""tempo_bpm"": 147.66, ""spectral_centroid"": 1856.86, ""spectral_rolloff"": 3345.23, ""duration_seconds"": 1.02}","{""pace"": ""normal"", ""volume"": ""normal"", ""pitch_variation"": ""low"", ""is_question"": false, ""has_pilot_address"": false, ""is_protocol"": false, ""is_acknowledgment"": false}",Use the cargo lift.
BT-7274.Voicepack/bt_clips/777_There_are_still_anti-air_cannons_active.wav,"{""primary_emotion"": ""neutral"", ""primary_score"": 0.0, ""confidence"": 0.0, ""secondary_emotion"": null, ""all_scores"": {}}",777,there are still antiair cannons active on the deck of the malta,46,θ ɜːr ɛ   ɑːr ɛ   s t ɪ l l   æ n t ɪ eɪ r   c æ n n ɒ n s   æ c t ɪ v ɛ   ɒ n   θ ɛ   d ɛ k   ɒ f   θ ɛ   m æ l t æ .,"{""mean_pitch_hz"": 539.01, ""pitch_range_hz"": 1243.61, ""mean_energy"": 0.0759, ""energy_range"": 0.1484, ""tempo_bpm"": 143.55, ""spectral_centroid"": 1906.45, ""spectral_rolloff"": 3207.85, ""duration_seconds"": 2.94}","{""pace"": ""normal"", ""volume"": ""normal"", ""pitch_variation"": ""low"", ""is_question"": false, ""has_pilot_address"": false, ""is_protocol"": false, ""is_acknowledgment"": false}",There are still anti-air cannons active on the deck of the Malta.
BT-7274.Voicepack/bt_clips/778_They_must_be_disabled_from_the.wav,"{""primary_emotion"": ""determined"", ""primary_score"": 0.8, ""confidence"": 0.1, ""secondary_emotion"": null, ""all_scores"": {""determined"": 0.8}}",778,they must be disabled from the bridge before we can approach,45,θ eɪ   m ʌ s t   b ɛ   d ɪ s æ b l ɛ d   f r ɒ m   θ ɛ   b r ɪ d g ɛ   b ɛ f ɔːr ɛ   w ɛ   c æ n   æ p p r oʊ tʃ .,"{""mean_pitch_hz"": 563.41, ""pitch_range_hz"": 941.33, ""mean_energy"": 0.0749, ""energy_range"": 0.1562, ""tempo_bpm"": 112.35, ""spectral_centroid"": 2089.95, ""spectral_rolloff"": 3536.97, ""duration_seconds"": 2.66}","{""pace"": ""normal"", ""volume"": ""normal"", ""pitch_variation"": ""low"", ""is_question"": false, ""has_pilot_address"": false, ""is_protocol"": false, ""is_acknowledgment"": false}",They must be disabled from the bridge before we can approach.
BT-7274.Voicepack/bt_clips/779_I_cannot_reach_the_ARC.wav,"{""primary_emotion"": ""neutral"", ""primary_score"": 0.0, ""confidence"": 0.0, ""secondary_emotion"": null, ""all_scores"": {}}",779,i cannot reach the arc,15,ɪ   c æ n n ɒ t   r iː tʃ   θ ɛ   ɑːr c .,"{""mean_pitch_hz"": 883.17, ""pitch_range_hz"": 1031.98, ""mean_energy"": 0.0834, ""energy_range"": 0.1698, ""tempo_bpm"": 117.45, ""spectral_centroid"": 1907.54, ""spectral_rolloff"": 2928.52, ""duration_seconds"": 1.26}","{""pace"": ""normal"", ""volume"": ""normal"", ""pitch_variation"": ""low"", ""is_question"": false, ""has_pilot_address"": false, ""is_protocol"": false, ""is_acknowledgment"": false}",I cannot reach the ARC.
BT-7274.Voicepack/bt_clips/780_Cooper.wav,"{""primary_emotion"": ""neutral"", ""primary_score"": 0.0, ""confidence"": 0.0, ""secondary_emotion"": null, ""all_scores"": {}}",780,cooper,5,c uː p ɜːr .,"{""mean_pitch_hz"": 592.26, ""pitch_range_hz"": 732.66, ""mean_energy"": 0.0754, ""energy_range"": 0.1124, ""tempo_bpm"": 139.67, ""spectral_centroid"": 1756.44, ""spectral_rolloff"": 3172.56, ""duration_seconds"": 0.24}","{""pace"": ""normal"", ""volume"": ""normal"", ""pitch_variation"": ""low"", ""is_question"": false, ""has_pilot_address"": false, ""is_protocol"": false, ""is_acknowledgment"": false}",Cooper.
BT-7274.Voicepack/bt_clips/781_I_need_your_help.wav,"{""primary_emotion"": ""neutral"", ""primary_score"": 0.0, ""confidence"": 0.0, ""secondary_emotion"": null, ""all_scores"": {}}",781,i need your help,12,ɪ   n iː d   y aʊ r   h ɛ l p .,"{""mean_pitch_hz"": 528.6, ""pitch_range_hz"": 1064.84, ""mean_energy"": 0.0701, ""energy_range"": 0.1306, ""tempo_bpm"": 172.27, ""spectral_centroid"": 1694.31, ""spectral_rolloff"": 2752.28, ""duration_seconds"": 0.88}","{""pace"": ""normal"", ""volume"": ""normal"", ""pitch_variation"": ""low"", ""is_question"": false, ""has_pilot_address"": false, ""is_protocol"": false, ""is_acknowledgment"": false}",I need your help.
BT-7274.Voicepack/bt_clips/782_I_cannot_reach_the_ARC.wav,"{""primary_emotion"": ""neutral"", ""primary_score"": 0.0, ""confidence"": 0.0, ""secondary_emotion"": null, ""all_scores"": {}}",782,i cannot reach the arc,15,ɪ   c æ n n ɒ t   r iː tʃ   θ ɛ   ɑːr c .,"{""mean_pitch_hz"": 977.4, ""pitch_range_hz"": 570.17, ""mean_energy"": 0.0903, ""energy_range"": 0.2552, ""tempo_bpm"": 112.35, ""spectral_centroid"": 1941.26, ""spectral_rolloff"": 3082.35, ""duration_seconds"": 1.28}","{""pace"": ""normal"", ""volume"": ""normal"", ""pitch_variation"": ""low"", ""is_question"": false, ""has_pilot_address"": false, ""is_protocol"": false, ""is_acknowledgment"": false}",I cannot reach the ARC.
BT-7274.Voicepack/bt_clips/783_I_need_your_help.wav,"{""primary_emotion"": ""neutral"", ""primary_score"": 0.0, ""confidence"": 0.0, ""secondary_emotion"": null, ""all_scores"": {}}",783,i need your help,12,ɪ   n iː d   y aʊ r   h ɛ l p .,"{""mean_pitch_hz"": 531.06, ""pitch_range_hz"": 1190.43, ""mean_energy"": 0.0906, ""energy_range"": 0.2001, ""tempo_bpm"": 123.05, ""spectral_centroid"": 1528.64, ""spectral_rolloff"": 2641.14, ""duration_seconds"": 0.94}","{""pace"": ""normal"", ""volume"": ""normal"", ""pitch_variation"": ""low"", ""is_question"": false, ""has_pilot_address"": false, ""is_protocol"": false, ""is_acknowledgment"": false}",I need your help.
BT-7274.Voicepack/bt_clips/784_Quickly.wav,"{""primary_emotion"": ""urgent"", ""primary_score"": 1.0, ""confidence"": 0.12, ""secondary_emotion"": null, ""all_scores"": {""urgent"": 1.0}}",784,quickly,7,q ʌ ɪ k l y .,"{""mean_pitch_hz"": 441.71, ""pitch_range_hz"": 8.99, ""mean_energy"": 0.1, ""energy_range"": 0.2444, ""tempo_bpm"": 136.0, ""spectral_centroid"": 1950.66, ""spectral_rolloff"": 3742.1, ""duration_seconds"": 0.26}","{""pace"": ""fast"", ""volume"": ""loud"", ""pitch_variation"": ""normal"", ""is_question"": false, ""has_pilot_address"": false, ""is_protocol"": false, ""is_acknowledgment"": false}",Quickly.
BT-7274.Voicepack/bt_clips/785_We_need_to_get_off_the.wav,"{""primary_emotion"": ""neutral"", ""primary_score"": 0.0, ""confidence"": 0.0, ""secondary_emotion"": null, ""all_scores"": {}}",785,we need to get off the ship,19,w ɛ   n iː d   t ɒ   g ɛ t   ɒ f f   θ ɛ   ʃ ɪ p .,"{""mean_pitch_hz"": 625.09, ""pitch_range_hz"": 1212.46, ""mean_energy"": 0.0751, ""energy_range"": 0.1732, ""tempo_bpm"": 126.05, ""spectral_centroid"": 2044.15, ""spectral_rolloff"": 3556.73, ""duration_seconds"": 1.26}","{""pace"": ""normal"", ""volume"": ""normal"", ""pitch_variation"": ""low"", ""is_question"": false, ""has_pilot_address"": false, ""is_protocol"": false, ""is_acknowledgment"": false}",We need to get off the ship.
BT-7274.Voicepack/bt_clips/786_We_are_running_out_of_time.wav,"{""primary_emotion"": ""neutral"", ""primary_score"": 0.0, ""confidence"": 0.0, ""secondary_emotion"": null, ""all_scores"": {}}",786,we are running out of time,19,w ɛ   ɑːr ɛ   r ʌ n n ɪ ŋ   aʊ t   ɒ f   t ɪ m ɛ .,"{""mean_pitch_hz"": 698.77, ""pitch_range_hz"": 1080.29, ""mean_energy"": 0.0862, ""energy_range"": 0.1607, ""tempo_bpm"": 129.2, ""spectral_centroid"": 1467.87, ""spectral_rolloff"": 2354.67, ""duration_seconds"": 1.12}","{""pace"": ""normal"", ""volume"": ""normal"", ""pitch_variation"": ""low"", ""is_question"": false, ""has_pilot_address"": false, ""is_protocol"": false, ""is_acknowledgment"": false}",We are running out of time.
BT-7274.Voicepack/bt_clips/787_This_way_Cooper.wav,"{""primary_emotion"": ""neutral"", ""primary_score"": 0.0, ""confidence"": 0.0, ""secondary_emotion"": null, ""all_scores"": {}}",787,this way cooper,11,"θ ɪ s   w eɪ ,   c uː p ɜːr .","{""mean_pitch_hz"": 449.89, ""pitch_range_hz"": 124.31, ""mean_energy"": 0.0734, ""energy_range"": 0.2027, ""tempo_bpm"": 123.05, ""spectral_centroid"": 2061.62, ""spectral_rolloff"": 3381.4, ""duration_seconds"": 0.72}","{""pace"": ""normal"", ""volume"": ""normal"", ""pitch_variation"": ""low"", ""is_question"": false, ""has_pilot_address"": false, ""is_protocol"": false, ""is_acknowledgment"": false}","This way, Cooper."
BT-7274.Voicepack/bt_clips/788_Negative.wav,"{""primary_emotion"": ""neutral"", ""primary_score"": 0.0, ""confidence"": 0.0, ""secondary_emotion"": null, ""all_scores"": {}}",788,negative,9,n ɛ g æ t ɪ v ɛ .,"{""mean_pitch_hz"": 934.59, ""pitch_range_hz"": 1973.95, ""mean_energy"": 0.0991, ""energy_range"": 0.1512, ""tempo_bpm"": 136.0, ""spectral_centroid"": 1595.22, ""spectral_rolloff"": 2390.19, ""duration_seconds"": 0.28}","{""pace"": ""normal"", ""volume"": ""normal"", ""pitch_variation"": ""low"", ""is_question"": false, ""has_pilot_address"": false, ""is_protocol"": false, ""is_acknowledgment"": false}",Negative.
BT-7274.Voicepack/bt_clips/789_We_are_trapped.wav,"{""primary_emotion"": ""neutral"", ""primary_score"": 0.0, ""confidence"": 0.0, ""secondary_emotion"": null, ""all_scores"": {}}",789,we are trapped,12,w ɛ   ɑːr ɛ   t r æ p p ɛ d .,"{""mean_pitch_hz"": 1226.67, ""pitch_range_hz"": 278.09, ""mean_energy"": 0.0703, ""energy_range"": 0.1868, ""tempo_bpm"": 156.61, ""spectral_centroid"": 1626.43, ""spectral_rolloff"": 2642.94, ""duration_seconds"": 0.7}","{""pace"": ""normal"", ""volume"": ""normal"", ""pitch_variation"": ""low"", ""is_question"": false, ""has_pilot_address"": false, ""is_protocol"": false, ""is_acknowledgment"": false}",We are trapped.
BT-7274.Voicepack/bt_clips/790_I_will_not_lose_another_pilot.wav,"{""primary_emotion"": ""determined"", ""primary_score"": 0.8, ""confidence"": 0.1, ""secondary_emotion"": null, ""all_scores"": {""determined"": 0.8}}",790,i will not lose another pilot,23,ɪ   w ɪ l l   n ɒ t   l ɒ s ɛ   æ n ɒ θ ɜːr   p ɪ l ɒ t .,"{""mean_pitch_hz"": 885.72, ""pitch_range_hz"": 707.54, ""mean_energy"": 0.0698, ""energy_range"": 0.2112, ""tempo_bpm"": 184.57, ""spectral_centroid"": 1993.15, ""spectral_rolloff"": 3591.15, ""duration_seconds"": 2.04}","{""pace"": ""normal"", ""volume"": ""normal"", ""pitch_variation"": ""low"", ""is_question"": false, ""has_pilot_address"": true, ""is_protocol"": false, ""is_acknowledgment"": false}",I will not lose another pilot.
BT-7274.Voicepack/bt_clips/791_Protocol_3.wav,"{""primary_emotion"": ""determined"", ""primary_score"": 0.8, ""confidence"": 0.1, ""secondary_emotion"": null, ""all_scores"": {""determined"": 0.8}}",791,protocol 3,9,p r ɒ t ɒ c ɒ l   .,"{""mean_pitch_hz"": 453.13, ""pitch_range_hz"": 394.59, ""mean_energy"": 0.0991, ""energy_range"": 0.2232, ""tempo_bpm"": 152.0, ""spectral_centroid"": 1719.67, ""spectral_rolloff"": 2925.58, ""duration_seconds"": 0.76}","{""pace"": ""normal"", ""volume"": ""normal"", ""pitch_variation"": ""low"", ""is_question"": false, ""has_pilot_address"": false, ""is_protocol"": true, ""is_acknowledgment"": false}",Protocol 3.
BT-7274.Voicepack/bt_clips/792_I_will_not_lose_another_pilot.wav,"{""primary_emotion"": ""determined"", ""primary_score"": 0.8, ""confidence"": 0.1, ""secondary_emotion"": null, ""all_scores"": {""determined"": 0.8}}",792,i will not lose another pilot,23,ɪ   w ɪ l l   n ɒ t   l ɒ s ɛ   æ n ɒ θ ɜːr   p ɪ l ɒ t .,"{""mean_pitch_hz"": 972.04, ""pitch_range_hz"": 536.74, ""mean_energy"": 0.0731, ""energy_range"": 0.2079, ""tempo_bpm"": 156.61, ""spectral_centroid"": 1465.7, ""spectral_rolloff"": 2369.46, ""duration_seconds"": 1.84}","{""pace"": ""normal"", ""volume"": ""normal"", ""pitch_variation"": ""low"", ""is_question"": false, ""has_pilot_address"": true, ""is_protocol"": false, ""is_acknowledgment"": false}",I will not lose another pilot.
BT-7274.Voicepack/bt_clips/793_Brace_for_impact.wav,"{""primary_emotion"": ""neutral"", ""primary_score"": 0.0, ""confidence"": 0.0, ""secondary_emotion"": null, ""all_scores"": {}}",793,brace for impact,14,b r æ c ɛ   f ɔːr   ɪ m p æ c t .,"{""mean_pitch_hz"": 442.23, ""pitch_range_hz"": 941.4, ""mean_energy"": 0.0773, ""energy_range"": 0.1379, ""tempo_bpm"": 105.47, ""spectral_centroid"": 2245.68, ""spectral_rolloff"": 3710.89, ""duration_seconds"": 0.9}","{""pace"": ""normal"", ""volume"": ""normal"", ""pitch_variation"": ""low"", ""is_question"": false, ""has_pilot_address"": false, ""is_protocol"": false, ""is_acknowledgment"": false}",Brace for impact.
BT-7274.Voicepack/bt_clips/794_Brace_for_impact.wav,"{""primary_emotion"": ""neutral"", ""primary_score"": 0.0, ""confidence"": 0.0, ""secondary_emotion"": null, ""all_scores"": {}}",794,brace for impact,14,b r æ c ɛ   f ɔːr   ɪ m p æ c t .,"{""mean_pitch_hz"": 689.26, ""pitch_range_hz"": 1173.09, ""mean_energy"": 0.0797, ""energy_range"": 0.1821, ""tempo_bpm"": 152.0, ""spectral_centroid"": 2441.26, ""spectral_rolloff"": 3731.68, ""duration_seconds"": 1.0}","{""pace"": ""normal"", ""volume"": ""normal"", ""pitch_variation"": ""low"", ""is_question"": false, ""has_pilot_address"": false, ""is_protocol"": false, ""is_acknowledgment"": false}",Brace for impact.
BT-7274.Voicepack/bt_clips/795_C-c-c-cooper.wav,"{""primary_emotion"": ""neutral"", ""primary_score"": 0.0, ""confidence"": 0.0, ""secondary_emotion"": null, ""all_scores"": {}}",795,ccccooper,8,c c c c uː p ɜːr .,"{""mean_pitch_hz"": 593.11, ""pitch_range_hz"": 842.96, ""mean_energy"": 0.0272, ""energy_range"": 0.1379, ""tempo_bpm"": 105.47, ""spectral_centroid"": 2272.94, ""spectral_rolloff"": 4875.61, ""duration_seconds"": 1.8}","{""pace"": ""normal"", ""volume"": ""normal"", ""pitch_variation"": ""low"", ""is_question"": false, ""has_pilot_address"": false, ""is_protocol"": false, ""is_acknowledgment"": false}",C-c-c-cooper.
BT-7274.Voicepack/bt_clips/796_The_injector_backblast_has_overloaded_my.wav,"{""primary_emotion"": ""urgent"", ""primary_score"": 1.0, ""confidence"": 0.12, ""secondary_emotion"": null, ""all_scores"": {""urgent"": 1.0}}",796,the injector backblast has overloaded my critical internal systems,53,θ ɛ   ɪ n j ɛ c t ɔːr   b æ k b l æ s t   h æ s   ɒ v ɜːr l oʊ d ɛ d   m y   c r ɪ t ɪ c æ l   ɪ n t ɜːr n æ l   s y s t ɛ m s .,"{""mean_pitch_hz"": 690.12, ""pitch_range_hz"": 687.95, ""mean_energy"": 0.0622, ""energy_range"": 0.1687, ""tempo_bpm"": 120.19, ""spectral_centroid"": 2570.74, ""spectral_rolloff"": 4895.91, ""duration_seconds"": 6.12}","{""pace"": ""fast"", ""volume"": ""loud"", ""pitch_variation"": ""normal"", ""is_question"": false, ""has_pilot_address"": false, ""is_protocol"": false, ""is_acknowledgment"": false}",The injector backblast has overloaded my critical internal systems.
BT-7274.Voicepack/bt_clips/797_Attempting_to_restore_ocular_systems.wav,"{""primary_emotion"": ""neutral"", ""primary_score"": 0.0, ""confidence"": 0.0, ""secondary_emotion"": null, ""all_scores"": {}}",797,attempting to restore ocular systems,30,æ t t ɛ m p t ɪ ŋ   t ɒ   r ɛ s t ɔːr ɛ   ɒ c ʌ l ɑːr   s y s t ɛ m s .,"{""mean_pitch_hz"": 620.26, ""pitch_range_hz"": 635.36, ""mean_energy"": 0.0663, ""energy_range"": 0.1428, ""tempo_bpm"": 126.05, ""spectral_centroid"": 2674.59, ""spectral_rolloff"": 4703.38, ""duration_seconds"": 2.76}","{""pace"": ""normal"", ""volume"": ""normal"", ""pitch_variation"": ""low"", ""is_question"": false, ""has_pilot_address"": false, ""is_protocol"": false, ""is_acknowledgment"": false}",Attempting to restore ocular systems.
BT-7274.Voicepack/bt_clips/798_Neural_link_pathways_deteriorating.wav,"{""primary_emotion"": ""neutral"", ""primary_score"": 0.0, ""confidence"": 0.0, ""secondary_emotion"": null, ""all_scores"": {}}",798,neural link pathways deteriorating,26,n ɛ ɜːr æ l   l ɪ n k   p æ θ w eɪ s   d ɛ t ɜːr ɪ ɔːr æ t ɪ ŋ .,"{""mean_pitch_hz"": 719.76, ""pitch_range_hz"": 485.02, ""mean_energy"": 0.0527, ""energy_range"": 0.1307, ""tempo_bpm"": 117.45, ""spectral_centroid"": 2555.24, ""spectral_rolloff"": 4606.86, ""duration_seconds"": 2.2}","{""pace"": ""normal"", ""volume"": ""normal"", ""pitch_variation"": ""low"", ""is_question"": false, ""has_pilot_address"": false, ""is_protocol"": false, ""is_acknowledgment"": false}",Neural link pathways deteriorating.
BT-7274.Voicepack/bt_clips/799_Reactor_core.wav,"{""primary_emotion"": ""neutral"", ""primary_score"": 0.0, ""confidence"": 0.0, ""secondary_emotion"": null, ""all_scores"": {}}",799,reactor core,9,r iː c t ɔːr   c ɔːr ɛ .,"{""mean_pitch_hz"": 691.05, ""pitch_range_hz"": 1208.3, ""mean_energy"": 0.0658, ""energy_range"": 0.1352, ""tempo_bpm"": 191.41, ""spectral_centroid"": 1838.3, ""spectral_rolloff"": 2692.27, ""duration_seconds"": 0.8}","{""pace"": ""normal"", ""volume"": ""normal"", ""pitch_variation"": ""low"", ""is_question"": false, ""has_pilot_address"": false, ""is_protocol"": false, ""is_acknowledgment"": false}",Reactor core.
BT-7274.Voicepack/bt_clips/800_Unstable_Weapon_systems_offline_Auto_nav.wav,"{""primary_emotion"": ""neutral"", ""primary_score"": 0.0, ""confidence"": 0.0, ""secondary_emotion"": null, ""all_scores"": {}}",800,unstable weapon systems offline auto navigation system offline ocular killer systems restored,81,ʌ n s t æ b l ɛ .   w iː p ɒ n   s y s t ɛ m s   ɒ f f l ɪ n ɛ .   ɔː t ɒ   n æ v ɪ g æ t ɪ ɒ n   s y s t ɛ m   ɒ f f l ɪ n ɛ .   ɒ c ʌ l ɑːr   k ɪ l l ɜːr   s y s t ɛ m s   r ɛ s t ɔːr ɛ d .,"{""mean_pitch_hz"": 809.99, ""pitch_range_hz"": 880.42, ""mean_energy"": 0.0526, ""energy_range"": 0.1947, ""tempo_bpm"": 147.66, ""spectral_centroid"": 2672.28, ""spectral_rolloff"": 4685.97, ""duration_seconds"": 8.0}","{""pace"": ""normal"", ""volume"": ""normal"", ""pitch_variation"": ""low"", ""is_question"": false, ""has_pilot_address"": false, ""is_protocol"": false, ""is_acknowledgment"": false}",Unstable. Weapon systems offline. Auto navigation system offline. Ocular killer systems restored.
BT-7274.Voicepack/bt_clips/801_Warning_Hostile.wav,"{""primary_emotion"": ""urgent"", ""primary_score"": 1.0, ""confidence"": 0.12, ""secondary_emotion"": null, ""all_scores"": {""urgent"": 1.0}}",801,warning hostile,14,w ɑːr n ɪ ŋ .   h ɒ s t ɪ l ɛ .,"{""mean_pitch_hz"": 868.52, ""pitch_range_hz"": 693.17, ""mean_energy"": 0.0575, ""energy_range"": 0.2464, ""tempo_bpm"": 112.35, ""spectral_centroid"": 3193.82, ""spectral_rolloff"": 5163.36, ""duration_seconds"": 2.0}","{""pace"": ""fast"", ""volume"": ""loud"", ""pitch_variation"": ""normal"", ""is_question"": false, ""has_pilot_address"": false, ""is_protocol"": false, ""is_acknowledgment"": false}",Warning. Hostile.
BT-7274.Voicepack/bt_clips/802_Hostile_Titan_detect.wav,"{""primary_emotion"": ""neutral"", ""primary_score"": 0.0, ""confidence"": 0.0, ""secondary_emotion"": null, ""all_scores"": {}}",802,hostile titan detect,20,h ɒ s t ɪ l ɛ .   t ɪ t æ n   d ɛ t ɛ c t .,"{""mean_pitch_hz"": 1022.09, ""pitch_range_hz"": 1694.23, ""mean_energy"": 0.0796, ""energy_range"": 0.2306, ""tempo_bpm"": 97.51, ""spectral_centroid"": 2444.15, ""spectral_rolloff"": 4547.06, ""duration_seconds"": 4.0}","{""pace"": ""normal"", ""volume"": ""normal"", ""pitch_variation"": ""low"", ""is_question"": false, ""has_pilot_address"": false, ""is_protocol"": false, ""is_acknowledgment"": false}",Hostile. Titan detect.
BT-7274.Voicepack/bt_clips/803_I_require_your_assistance_My_auto.wav,"{""primary_emotion"": ""neutral"", ""primary_score"": 0.0, ""confidence"": 0.0, ""secondary_emotion"": null, ""all_scores"": {}}",803,i require your assistance my auto navigation systems are offline,53,ɪ   r ɛ q ʌ ɪr ɛ   y aʊ r   æ s s ɪ s t æ n c ɛ .   m y   ɔː t ɒ   n æ v ɪ g æ t ɪ ɒ n   s y s t ɛ m s   ɑːr ɛ   ɒ f f l ɪ n ɛ .,"{""mean_pitch_hz"": 663.93, ""pitch_range_hz"": 642.49, ""mean_energy"": 0.0696, ""energy_range"": 0.3262, ""tempo_bpm"": 114.84, ""spectral_centroid"": 2685.62, ""spectral_rolloff"": 4911.71, ""duration_seconds"": 7.0}","{""pace"": ""normal"", ""volume"": ""normal"", ""pitch_variation"": ""low"", ""is_question"": false, ""has_pilot_address"": false, ""is_protocol"": false, ""is_acknowledgment"": false}",I require your assistance. My auto navigation systems are offline.
BT-7274.Voicepack/bt_clips/804_Get_me_into_that_injector_assembly.wav,"{""primary_emotion"": ""determined"", ""primary_score"": 0.8, ""confidence"": 0.1, ""secondary_emotion"": null, ""all_scores"": {""determined"": 0.8}}",804,get me into that injector assembly we must do this together,46,g ɛ t   m ɛ   ɪ n t ɒ   θ æ t   ɪ n j ɛ c t ɔːr   æ s s ɛ m b l y .   w ɛ   m ʌ s t   d ɒ   θ ɪ s   t ɒ g ɛ θ ɜːr .,"{""mean_pitch_hz"": 710.27, ""pitch_range_hz"": 1795.63, ""mean_energy"": 0.0598, ""energy_range"": 0.1588, ""tempo_bpm"": 107.67, ""spectral_centroid"": 2622.33, ""spectral_rolloff"": 5134.7, ""duration_seconds"": 4.0}","{""pace"": ""normal"", ""volume"": ""normal"", ""pitch_variation"": ""low"", ""is_question"": false, ""has_pilot_address"": false, ""is_protocol"": false, ""is_acknowledgment"": false}",Get me into that injector assembly. We must do this together.
BT-7274.Voicepack/bt_clips/805_Commander_Briggs_I_believe_I_have.wav,"{""primary_emotion"": ""commanding"", ""primary_score"": 0.9, ""confidence"": 0.11, ""secondary_emotion"": null, ""all_scores"": {""commanding"": 0.9}}",805,commander briggs i believe i have a solution in its exposed state my reactor core may be able to destabilize the arc at the center of the full weapon,113,"c ɒ m m æ n d ɜːr   b r ɪ g g s ,   ɪ   b ɛ l iː v ɛ   ɪ   h æ v ɛ   æ   s ɒ l ʌ t ɪ ɒ n .   ɪ n   ɪ t s   ɛ x p ɒ s ɛ d   s t æ t ɛ ,   m y   r iː c t ɔːr   c ɔːr ɛ   m eɪ   b ɛ   æ b l ɛ   t ɒ   d ɛ s t æ b ɪ l ɪ z ɛ   θ ɛ   ɑːr c   æ t   θ ɛ   c ɛ n t ɜːr   ɒ f   θ ɛ   f ʌ l l   w iː p ɒ n .","{""mean_pitch_hz"": 506.49, ""pitch_range_hz"": 861.11, ""mean_energy"": 0.0614, ""energy_range"": 0.1953, ""tempo_bpm"": 143.55, ""spectral_centroid"": 2579.78, ""spectral_rolloff"": 4445.48, ""duration_seconds"": 10.0}","{""pace"": ""fast"", ""volume"": ""loud"", ""pitch_variation"": ""normal"", ""is_question"": false, ""has_pilot_address"": false, ""is_protocol"": false, ""is_acknowledgment"": false}","Commander Briggs, I believe I have a solution. In its exposed state, my reactor core may be able to destabilize the arc at the center of the full weapon."
BT-7274.Voicepack/bt_clips/806_We_can_blow_it_up_Im.wav,"{""primary_emotion"": ""neutral"", ""primary_score"": 0.0, ""confidence"": 0.0, ""secondary_emotion"": null, ""all_scores"": {}}",806,we can blow it up im sending you coordinates for a dropship rendezvous,53,w ɛ   c æ n   b l oʊ   ɪ t   ʌ p .   ɪ m   s ɛ n d ɪ ŋ   y aʊ   c uː r d ɪ n æ t ɛ s   f ɔːr   æ   d r ɒ s h ɪ p   r ɛ n d ɛ z v aʊ s .,"{""mean_pitch_hz"": 468.95, ""pitch_range_hz"": 991.21, ""mean_energy"": 0.0805, ""energy_range"": 0.3013, ""tempo_bpm"": 126.05, ""spectral_centroid"": 2369.37, ""spectral_rolloff"": 4241.89, ""duration_seconds"": 5.0}","{""pace"": ""normal"", ""volume"": ""normal"", ""pitch_variation"": ""low"", ""is_question"": false, ""has_pilot_address"": false, ""is_protocol"": false, ""is_acknowledgment"": false}",We can blow it up. I'm sending you coordinates for a dropship rendezvous.
BT-7274.Voicepack/bt_clips/807_Trust_me_I_have_double_done.wav,"{""primary_emotion"": ""neutral"", ""primary_score"": 0.0, ""confidence"": 0.0, ""secondary_emotion"": null, ""all_scores"": {}}",807,trust me i have double done the math,28,"t r ʌ s t   m ɛ ,   ɪ   h æ v ɛ   d aʊ b l ɛ   d ɒ n ɛ   θ ɛ   m æ θ .","{""mean_pitch_hz"": 778.21, ""pitch_range_hz"": 1410.94, ""mean_energy"": 0.0423, ""energy_range"": 0.204, ""tempo_bpm"": 114.84, ""spectral_centroid"": 3096.74, ""spectral_rolloff"": 5794.37, ""duration_seconds"": 4.0}","{""pace"": ""normal"", ""volume"": ""normal"", ""pitch_variation"": ""low"", ""is_question"": false, ""has_pilot_address"": false, ""is_protocol"": false, ""is_acknowledgment"": false}","Trust me, I have double done the math."
BT-7274.Voicepack/bt_clips/808_We_must_keep_going_Cooper_Our.wav,"{""primary_emotion"": ""determined"", ""primary_score"": 0.8, ""confidence"": 0.1, ""secondary_emotion"": null, ""all_scores"": {""determined"": 0.8}}",808,we must keep going cooper our reactor core has become very very very unstable,57,"w ɛ   m ʌ s t   k iː p   g ɔɪ ŋ ,   c uː p ɜːr .   aʊ r   r iː c t ɔːr   c ɔːr ɛ   h æ s   b ɛ c ɒ m ɛ   v ɜːr y ,   v ɜːr y ,   v ɜːr y   ʌ n s t æ b l ɛ .","{""mean_pitch_hz"": 652.49, ""pitch_range_hz"": 1066.48, ""mean_energy"": 0.0798, ""energy_range"": 0.2573, ""tempo_bpm"": 156.61, ""spectral_centroid"": 2111.25, ""spectral_rolloff"": 3664.94, ""duration_seconds"": 5.0}","{""pace"": ""normal"", ""volume"": ""normal"", ""pitch_variation"": ""low"", ""is_question"": false, ""has_pilot_address"": false, ""is_protocol"": false, ""is_acknowledgment"": false}","We must keep going, Cooper. Our reactor core has become very, very, very unstable."
BT-7274.Voicepack/bt_clips/809_I_do_not_know_how_long.wav,"{""primary_emotion"": ""questioning"", ""primary_score"": 0.6, ""confidence"": 0.07, ""secondary_emotion"": null, ""all_scores"": {""questioning"": 0.6}}",809,i do not know how long we have the full weapon has energized its final phase using the arc,63,ɪ   d ɒ   n ɒ t   n oʊ   h oʊ   l ɒ ŋ   w ɛ   h æ v ɛ .   θ ɛ   f ʌ l l   w iː p ɒ n   h æ s   ɛ n ɜːr g ɪ z ɛ d   ɪ t s   f ɪ n æ l   f æ s ɛ   ʌ s ɪ ŋ   θ ɛ   ɑːr c .,"{""mean_pitch_hz"": 717.97, ""pitch_range_hz"": 1312.57, ""mean_energy"": 0.0819, ""energy_range"": 0.2984, ""tempo_bpm"": 152.0, ""spectral_centroid"": 2689.07, ""spectral_rolloff"": 4863.58, ""duration_seconds"": 7.0}","{""pace"": ""normal"", ""volume"": ""normal"", ""pitch_variation"": ""high"", ""is_question"": false, ""has_pilot_address"": false, ""is_protocol"": false, ""is_acknowledgment"": false}",I do not know how long we have. The full weapon has energized its final phase using the arc.
BT-7274.Voicepack/bt_clips/810_We_are_running_out_of_time.wav,"{""primary_emotion"": ""commanding"", ""primary_score"": 0.9, ""confidence"": 0.11, ""secondary_emotion"": null, ""all_scores"": {""commanding"": 0.9}}",810,we are running out of time move cooper move,34,"w ɛ   ɑːr ɛ   r ʌ n n ɪ ŋ   aʊ t   ɒ f   t ɪ m ɛ .   m ɒ v ɛ ,   c uː p ɜːr .   m ɒ v ɛ .","{""mean_pitch_hz"": 923.5, ""pitch_range_hz"": 929.37, ""mean_energy"": 0.0798, ""energy_range"": 0.1804, ""tempo_bpm"": 136.0, ""spectral_centroid"": 2181.67, ""spectral_rolloff"": 3617.08, ""duration_seconds"": 3.0}","{""pace"": ""fast"", ""volume"": ""loud"", ""pitch_variation"": ""normal"", ""is_question"": false, ""has_pilot_address"": false, ""is_protocol"": false, ""is_acknowledgment"": false}","We are running out of time. Move, Cooper. Move."
BT-7274.Voicepack/bt_clips/811_Not_for_me.wav,"{""primary_emotion"": ""neutral"", ""primary_score"": 0.0, ""confidence"": 0.0, ""secondary_emotion"": null, ""all_scores"": {}}",811,not for me,8,n ɒ t   f ɔːr   m ɛ .,"{""mean_pitch_hz"": 437.7, ""pitch_range_hz"": 10.13, ""mean_energy"": 0.0675, ""energy_range"": 0.2101, ""tempo_bpm"": 129.2, ""spectral_centroid"": 2988.2, ""spectral_rolloff"": 6575.47, ""duration_seconds"": 2.0}","{""pace"": ""normal"", ""volume"": ""normal"", ""pitch_variation"": ""low"", ""is_question"": false, ""has_pilot_address"": false, ""is_protocol"": false, ""is_acknowledgment"": false}",Not for me.
BT-7274.Voicepack/bt_clips/812_That_is_not_in_the_plan.wav,"{""primary_emotion"": ""neutral"", ""primary_score"": 0.0, ""confidence"": 0.0, ""secondary_emotion"": null, ""all_scores"": {}}",812,that is not in the plan,17,θ æ t   ɪ s   n ɒ t   ɪ n   θ ɛ   p l æ n .,"{""mean_pitch_hz"": 915.39, ""pitch_range_hz"": 1107.67, ""mean_energy"": 0.05, ""energy_range"": 0.1535, ""tempo_bpm"": 152.0, ""spectral_centroid"": 2347.96, ""spectral_rolloff"": 4832.58, ""duration_seconds"": 3.0}","{""pace"": ""normal"", ""volume"": ""normal"", ""pitch_variation"": ""low"", ""is_question"": false, ""has_pilot_address"": false, ""is_protocol"": false, ""is_acknowledgment"": false}",That is not in the plan.
BT-7274.Voicepack/bt_clips/813_Goodbye_Jack_Good_luck.wav,"{""primary_emotion"": ""positive"", ""primary_score"": 0.9, ""confidence"": 0.11, ""secondary_emotion"": null, ""all_scores"": {""positive"": 0.9}}",813,goodbye jack good luck,18,"g uː d b y ɛ ,   j æ k .   g uː d   l ʌ k .","{""mean_pitch_hz"": 813.29, ""pitch_range_hz"": 828.4, ""mean_energy"": 0.0439, ""energy_range"": 0.1866, ""tempo_bpm"": 120.19, ""spectral_centroid"": 2719.96, ""spectral_rolloff"": 4957.71, ""duration_seconds"": 3.0}","{""pace"": ""normal"", ""volume"": ""loud"", ""pitch_variation"": ""normal"", ""is_question"": false, ""has_pilot_address"": false, ""is_protocol"": false, ""is_acknowledgment"": false}","Goodbye, Jack. Good luck."
BT-7274.Voicepack/bt_clips/814_Pilot_Analysis_Low_clearance_Pilot_I.wav,"{""primary_emotion"": ""determined"", ""primary_score"": 2.4, ""confidence"": 0.3, ""secondary_emotion"": null, ""all_scores"": {""determined"": 2.4}}",814,pilot analysis low clearance pilot i will be able to fit with a lowered stance pilot if positioned to a lower stance i will be able to fit through this doorway hello jack we must uphold our mission,154,"p ɪ l ɒ t .   æ n æ l y s ɪ s .   l oʊ   c l iː r æ n c ɛ .   p ɪ l ɒ t ,   ɪ   w ɪ l l   b ɛ   æ b l ɛ   t ɒ   f ɪ t   w ɪ θ   æ   l oʊ ɜːr ɛ d   s t æ n c ɛ .   p ɪ l ɒ t .   ɪ f   p ɒ s ɪ t ɪ ɒ n ɛ d   t ɒ   æ   l oʊ ɜːr   s t æ n c ɛ ,   ɪ   w ɪ l l   b ɛ   æ b l ɛ   t ɒ   f ɪ t   θ r oʊ   θ ɪ s   d uː r w eɪ .   h ɛ l l ɒ ,   j æ k .   w ɛ   m ʌ s t   ʌ f ɒ l d   aʊ r   m ɪ s s ɪ ɒ n .","{""mean_pitch_hz"": 876.63, ""pitch_range_hz"": 986.22, ""mean_energy"": 0.0538, ""energy_range"": 0.2234, ""tempo_bpm"": 112.35, ""spectral_centroid"": 2848.21, ""spectral_rolloff"": 4999.66, ""duration_seconds"": 13.0}","{""pace"": ""normal"", ""volume"": ""normal"", ""pitch_variation"": ""low"", ""is_question"": false, ""has_pilot_address"": true, ""is_protocol"": false, ""is_acknowledgment"": false}","Pilot. Analysis. Low clearance. Pilot, I will be able to fit with a lowered stance. Pilot. If positioned to a lower stance, I will be able to fit through this doorway. Hello, Jack. We must uphold our mission."
BT-7274.Voicepack/bt_clips/815_Incorrect_Im_constructed_from_a_multitud.wav,"{""primary_emotion"": ""neutral"", ""primary_score"": 0.0, ""confidence"": 0.0, ""secondary_emotion"": null, ""all_scores"": {}}",815,incorrect im constructed from a multitude of machined parts over 25000 actually,64,"ɪ n c ɔːr r ɛ c t .   ɪ m   c ɒ n s t r ʌ c t ɛ d   f r ɒ m   æ   m ʌ l t ɪ t ʌ d ɛ   ɒ f   m æ tʃ ɪ n ɛ d   p ɑːr t s .   ɒ v ɜːr   , ,   æ c t ʌ æ l l y .","{""mean_pitch_hz"": 606.23, ""pitch_range_hz"": 1185.31, ""mean_energy"": 0.0566, ""energy_range"": 0.1594, ""tempo_bpm"": 139.67, ""spectral_centroid"": 2710.28, ""spectral_rolloff"": 4821.34, ""duration_seconds"": 5.0}","{""pace"": ""normal"", ""volume"": ""normal"", ""pitch_variation"": ""low"", ""is_question"": false, ""has_pilot_address"": false, ""is_protocol"": false, ""is_acknowledgment"": false}","Incorrect. I'm constructed from a multitude of machined parts. Over 25,000, actually."
BT-7274.Voicepack/bt_clips/816_BT-7274_online_and_ready_for_combat.wav,"{""primary_emotion"": ""neutral"", ""primary_score"": 0.0, ""confidence"": 0.0, ""secondary_emotion"": null, ""all_scores"": {}}",816,bt7274 online and ready for combat old paint same data core,44,b t   ɒ n l ɪ n ɛ   æ n d   r iː d y   f ɔːr   c ɒ m b æ t .   ɒ l d   p eɪ n t .   s æ m ɛ   d æ t æ   c ɔːr ɛ .,"{""mean_pitch_hz"": 656.73, ""pitch_range_hz"": 1191.74, ""mean_energy"": 0.051, ""energy_range"": 0.175, ""tempo_bpm"": 103.36, ""spectral_centroid"": 2490.46, ""spectral_rolloff"": 4290.36, ""duration_seconds"": 7.0}","{""pace"": ""normal"", ""volume"": ""normal"", ""pitch_variation"": ""low"", ""is_question"": false, ""has_pilot_address"": false, ""is_protocol"": false, ""is_acknowledgment"": false}",BT-7274 online and ready for combat. Old paint. Same data core.
BT-7274.Voicepack/bt_clips/817_BT-7274_good_to_go_New_chassis.wav,"{""primary_emotion"": ""positive"", ""primary_score"": 0.9, ""confidence"": 0.11, ""secondary_emotion"": null, ""all_scores"": {""positive"": 0.9}}",817,bt7274 good to go new chassis same data core bt7274 good to go new paint same data core,60,b t   g uː d   t ɒ   g ɒ .   n juː   tʃ æ s s ɪ s .   s æ m ɛ   d æ t æ   c ɔːr ɛ .   b t   g uː d   t ɒ   g ɒ .   n juː   p eɪ n t .   s æ m ɛ   d æ t æ   c ɔːr ɛ .,"{""mean_pitch_hz"": 321.51, ""pitch_range_hz"": 461.14, ""mean_energy"": 0.0496, ""energy_range"": 0.1791, ""tempo_bpm"": 114.84, ""spectral_centroid"": 2675.16, ""spectral_rolloff"": 4864.38, ""duration_seconds"": 10.0}","{""pace"": ""normal"", ""volume"": ""loud"", ""pitch_variation"": ""normal"", ""is_question"": false, ""has_pilot_address"": false, ""is_protocol"": false, ""is_acknowledgment"": false}",BT-7274 good to go. New chassis. Same data core. BT-7274 good to go. New paint. Same data core.
BT-7274.Voicepack/bt_clips/818_BT-7274_good_to_go_I_detect.wav,"{""primary_emotion"": ""positive"", ""primary_score"": 0.9, ""confidence"": 0.11, ""secondary_emotion"": null, ""all_scores"": {""positive"": 0.9}}",818,bt7274 good to go i detect joy bt7274 online and ready for combat it is good to see you as well,64,b t   g uː d   t ɒ   g ɒ .   ɪ   d ɛ t ɛ c t   j ɔɪ .   b t   ɒ n l ɪ n ɛ   æ n d   r iː d y   f ɔːr   c ɒ m b æ t .   ɪ t   ɪ s   g uː d   t ɒ   s iː   y aʊ   æ s   w ɛ l l .,"{""mean_pitch_hz"": 530.62, ""pitch_range_hz"": 1364.34, ""mean_energy"": 0.0549, ""energy_range"": 0.1992, ""tempo_bpm"": 103.36, ""spectral_centroid"": 2603.67, ""spectral_rolloff"": 4717.89, ""duration_seconds"": 10.0}","{""pace"": ""normal"", ""volume"": ""loud"", ""pitch_variation"": ""normal"", ""is_question"": false, ""has_pilot_address"": false, ""is_protocol"": false, ""is_acknowledgment"": false}",BT-7274 good to go. I detect joy. BT-7274 online and ready for combat. It is good to see you as well.
BT-7274.Voicepack/bt_clips/819_It_is_time_to_complete_our.wav,"{""primary_emotion"": ""determined"", ""primary_score"": 1.6, ""confidence"": 0.2, ""secondary_emotion"": null, ""all_scores"": {""determined"": 1.6}}",819,it is time to complete our mission pilot we must keep advancing,52,"ɪ t   ɪ s   t ɪ m ɛ   t ɒ   c ɒ m p l ɛ t ɛ   aʊ r   m ɪ s s ɪ ɒ n .   p ɪ l ɒ t ,   w ɛ   m ʌ s t   k iː p   æ d v æ n c ɪ ŋ .","{""mean_pitch_hz"": 825.25, ""pitch_range_hz"": 1473.68, ""mean_energy"": 0.0558, ""energy_range"": 0.1829, ""tempo_bpm"": 97.51, ""spectral_centroid"": 2563.54, ""spectral_rolloff"": 4728.76, ""duration_seconds"": 5.0}","{""pace"": ""normal"", ""volume"": ""normal"", ""pitch_variation"": ""low"", ""is_question"": false, ""has_pilot_address"": true, ""is_protocol"": false, ""is_acknowledgment"": false}","It is time to complete our mission. Pilot, we must keep advancing."
BT-7274.Voicepack/bt_clips/820_Voice_command_Not_recognized_Pilot_in.wav,"{""primary_emotion"": ""commanding"", ""primary_score"": 0.9, ""confidence"": 0.11, ""secondary_emotion"": null, ""all_scores"": {""commanding"": 0.9}}",820,voice command not recognized pilot in jeopardy ocular systems marginal cannot visually acquire pilot functions compromised by severe crash damage,127,v ɔɪ c ɛ   c ɒ m m æ n d .   n ɒ t   r ɛ c ɒ n ɪ z ɛ d .   p ɪ l ɒ t   ɪ n   j ɛ ɒ p ɑːr d y .   ɒ c ʌ l ɑːr   s y s t ɛ m s .   m ɑːr g ɪ n æ l .   c æ n n ɒ t   v ɪ s ʌ æ l l y   æ c q ʌ ɪr ɛ .   p ɪ l ɒ t .   f ʌ n c t ɪ ɒ n s .   c ɒ m p r ɒ m ɪ s ɛ d   b y   s ɛ v ɜːr ɛ   c r æ ʃ   d æ m æ g ɛ .,"{""mean_pitch_hz"": 488.09, ""pitch_range_hz"": 926.3, ""mean_energy"": 0.0421, ""energy_range"": 0.1931, ""tempo_bpm"": 120.19, ""spectral_centroid"": 2365.44, ""spectral_rolloff"": 4470.59, ""duration_seconds"": 15.0}","{""pace"": ""fast"", ""volume"": ""loud"", ""pitch_variation"": ""normal"", ""is_question"": false, ""has_pilot_address"": true, ""is_protocol"": false, ""is_acknowledgment"": false}",Voice command. Not recognized. Pilot in jeopardy. Ocular systems. Marginal. Cannot visually acquire. Pilot. Functions. Compromised by severe crash damage.
BT-7274.Voicepack/bt_clips/821_Cooper_Over_here_Cooper_I_can.wav,"{""primary_emotion"": ""determined"", ""primary_score"": 0.8, ""confidence"": 0.1, ""secondary_emotion"": null, ""all_scores"": {""determined"": 0.8}}",821,cooper over here cooper i can no longer uphold the mission but you still can,56,c uː p ɜːr .   ɒ v ɜːr   h ɜːr ɛ .   c uː p ɜːr .   ɪ   c æ n   n ɒ   l ɒ ŋ ɜːr   ʌ f ɒ l d   θ ɛ   m ɪ s s ɪ ɒ n .   b ʌ t   y aʊ   s t ɪ l l   c æ n .,"{""mean_pitch_hz"": 179.42, ""pitch_range_hz"": 188.5, ""mean_energy"": 0.0366, ""energy_range"": 0.1667, ""tempo_bpm"": 147.66, ""spectral_centroid"": 2052.6, ""spectral_rolloff"": 3788.85, ""duration_seconds"": 8.0}","{""pace"": ""normal"", ""volume"": ""normal"", ""pitch_variation"": ""low"", ""is_question"": false, ""has_pilot_address"": false, ""is_protocol"": false, ""is_acknowledgment"": false}",Cooper. Over here. Cooper. I can no longer uphold the mission. But you still can.
BT-7274.Voicepack/bt_clips/822_Take_the_seer_kit_It_is.wav,"{""primary_emotion"": ""neutral"", ""primary_score"": 0.0, ""confidence"": 0.0, ""secondary_emotion"": null, ""all_scores"": {}}",822,take the seer kit it is your best chance for survival,39,t æ k ɛ   θ ɛ   s iː r   k ɪ t .   ɪ t   ɪ s   y aʊ r   b ɛ s t   tʃ æ n c ɛ   f ɔːr   s ɜːr v ɪ v æ l .,"{""mean_pitch_hz"": 543.04, ""pitch_range_hz"": 1619.14, ""mean_energy"": 0.0328, ""energy_range"": 0.1853, ""tempo_bpm"": 152.0, ""spectral_centroid"": 2642.73, ""spectral_rolloff"": 4789.05, ""duration_seconds"": 7.0}","{""pace"": ""normal"", ""volume"": ""normal"", ""pitch_variation"": ""low"", ""is_question"": false, ""has_pilot_address"": false, ""is_protocol"": false, ""is_acknowledgment"": false}",Take the seer kit. It is your best chance for survival.
BT-7274.Voicepack/bt_clips/823_I_do_not_Sleep_is_not.wav,"{""primary_emotion"": ""determined"", ""primary_score"": 1.6, ""confidence"": 0.2, ""secondary_emotion"": null, ""all_scores"": {""determined"": 1.6}}",823,i do not sleep is not in my programming but if i am programmed to sleep then i will as long as it does not interfere with my protocols,103,"ɪ   d ɒ   n ɒ t .   s l iː p   ɪ s   n ɒ t   ɪ n   m y   p r ɒ g r æ m m ɪ ŋ .   b ʌ t   ɪ f   ɪ   æ m   p r ɒ g r æ m m ɛ d   t ɒ   s l iː p ,   θ ɛ n   ɪ   w ɪ l l .   æ s   l ɒ ŋ   æ s   ɪ t   d ɒ ɛ s   n ɒ t   ɪ n t ɜːr f ɜːr ɛ   w ɪ θ   m y   p r ɒ t ɒ c ɒ l s .","{""mean_pitch_hz"": 857.86, ""pitch_range_hz"": 882.1, ""mean_energy"": 0.0482, ""energy_range"": 0.1334, ""tempo_bpm"": 123.05, ""spectral_centroid"": 2467.93, ""spectral_rolloff"": 4252.21, ""duration_seconds"": 8.0}","{""pace"": ""normal"", ""volume"": ""normal"", ""pitch_variation"": ""low"", ""is_question"": false, ""has_pilot_address"": false, ""is_protocol"": false, ""is_acknowledgment"": false}","I do not. Sleep is not in my programming. But if I am programmed to sleep, then I will. As long as it does not interfere with my protocols."
BT-7274.Voicepack/bt_clips/824_We_are_going_to_the_rendezvous.wav,"{""primary_emotion"": ""determined"", ""primary_score"": 0.8, ""confidence"": 0.1, ""secondary_emotion"": null, ""all_scores"": {""determined"": 0.8}}",824,we are going to the rendezvous point set by major anderson further information on our original intended mission is classified by the srs for operational security,119,w ɛ   ɑːr ɛ   g ɔɪ ŋ   t ɒ   θ ɛ   r ɛ n d ɛ z v aʊ s   p ɔɪ n t   s ɛ t   b y   m æ j ɔːr   æ n d ɜːr s ɒ n .   f ɜːr θ ɜːr   ɪ n f ɔːr m æ t ɪ ɒ n   ɒ n   aʊ r   ɔːr ɪ g ɪ n æ l   ɪ n t ɛ n d ɛ d   m ɪ s s ɪ ɒ n   ɪ s   c l æ s s ɪ f iː d   b y   θ ɛ   s r s   f ɔːr   ɒ p ɜːr æ t ɪ ɒ n æ l   s ɛ c ɜːr ɪ t y .,"{""mean_pitch_hz"": 444.05, ""pitch_range_hz"": 926.1, ""mean_energy"": 0.0526, ""energy_range"": 0.1553, ""tempo_bpm"": 112.35, ""spectral_centroid"": 2416.64, ""spectral_rolloff"": 4046.69, ""duration_seconds"": 9.0}","{""pace"": ""normal"", ""volume"": ""normal"", ""pitch_variation"": ""low"", ""is_question"": false, ""has_pilot_address"": false, ""is_protocol"": false, ""is_acknowledgment"": false}",We are going to the rendezvous point set by Major Anderson. Further information on our original intended mission is classified by the SRS for operational security.
BT-7274.Voicepack/bt_clips/825_Captain_Lastimosa_linked_with_me_973.wav,"{""primary_emotion"": ""positive"", ""primary_score"": 1.8, ""confidence"": 0.23, ""secondary_emotion"": ""questioning"", ""all_scores"": {""positive"": 1.8, ""questioning"": 0.6}}",825,captain lastimosa linked with me 973 days ago he was an excellent pilot and a good friend do you require rest your vitals appear to be stable,108,c æ p t eɪ n   l æ s t ɪ m ɒ s æ   l ɪ n k ɛ d   w ɪ θ   m ɛ     d eɪ s   æ g ɒ .   h ɛ   w æ s   æ n   ɛ x c ɛ l l ɛ n t   p ɪ l ɒ t .   æ n d   æ   g uː d   f r iː n d .   d ɒ   y aʊ   r ɛ q ʌ ɪr ɛ   r ɛ s t ?   y aʊ r   v ɪ t æ l s   æ p p iː r   t ɒ   b ɛ   s t æ b l ɛ .,"{""mean_pitch_hz"": 687.04, ""pitch_range_hz"": 1075.27, ""mean_energy"": 0.047, ""energy_range"": 0.1746, ""tempo_bpm"": 166.71, ""spectral_centroid"": 2636.87, ""spectral_rolloff"": 4797.82, ""duration_seconds"": 11.0}","{""pace"": ""normal"", ""volume"": ""loud"", ""pitch_variation"": ""normal"", ""is_question"": true, ""has_pilot_address"": true, ""is_protocol"": false, ""is_acknowledgment"": false}",Captain Lastimosa linked with me 973 days ago. He was an excellent pilot. And a good friend. Do you require rest? Your vitals appear to be stable.
BT-7274.Voicepack/bt_clips/826_We_must_uphold_the_mission_Your.wav,"{""primary_emotion"": ""determined"", ""primary_score"": 1.6, ""confidence"": 0.2, ""secondary_emotion"": ""positive"", ""all_scores"": {""determined"": 1.6, ""positive"": 0.9}}",826,we must uphold the mission your vitals appear to be stable there is no time for rest good there is no time for rest we must uphold the mission follow me pilot,121,"w ɛ   m ʌ s t   ʌ f ɒ l d   θ ɛ   m ɪ s s ɪ ɒ n .   y aʊ r   v ɪ t æ l s   æ p p iː r   t ɒ   b ɛ   s t æ b l ɛ .   θ ɜːr ɛ   ɪ s   n ɒ   t ɪ m ɛ   f ɔːr   r ɛ s t .   g uː d .   θ ɜːr ɛ   ɪ s   n ɒ   t ɪ m ɛ   f ɔːr   r ɛ s t .   w ɛ   m ʌ s t   ʌ f ɒ l d   θ ɛ   m ɪ s s ɪ ɒ n .   f ɒ l l oʊ   m ɛ ,   p ɪ l ɒ t .","{""mean_pitch_hz"": 831.9, ""pitch_range_hz"": 942.33, ""mean_energy"": 0.0476, ""energy_range"": 0.1637, ""tempo_bpm"": 109.96, ""spectral_centroid"": 2451.27, ""spectral_rolloff"": 4337.12, ""duration_seconds"": 11.0}","{""pace"": ""normal"", ""volume"": ""normal"", ""pitch_variation"": ""low"", ""is_question"": false, ""has_pilot_address"": true, ""is_protocol"": false, ""is_acknowledgment"": false}","We must uphold the mission. Your vitals appear to be stable. There is no time for rest. Good. There is no time for rest. We must uphold the mission. Follow me, pilot."
BT-7274.Voicepack/bt_clips/827_This_way_pilot_I_detect_an.wav,"{""primary_emotion"": ""urgent"", ""primary_score"": 1.0, ""confidence"": 0.12, ""secondary_emotion"": ""determined"", ""all_scores"": {""urgent"": 1.0, ""determined"": 0.8}}",827,this way pilot i detect an exit up ahead im detecting incoming enemy forces we must hurry with the militia growing in numbers the imc are prepared to do anything to defeat us,131,"θ ɪ s   w eɪ ,   p ɪ l ɒ t .   ɪ   d ɛ t ɛ c t   æ n   ɛ x ɪ t   ʌ p   æ h iː d .   ɪ m   d ɛ t ɛ c t ɪ ŋ   ɪ n c ɒ m ɪ ŋ   ɛ n ɛ m y   f ɔːr c ɛ s .   w ɛ   m ʌ s t   h ɜːr r y .   w ɪ θ   θ ɛ   m ɪ l ɪ t ɪ æ   g r oʊ ɪ ŋ   ɪ n   n ʌ m b ɜːr s ,   θ ɛ   ɪ m c   ɑːr ɛ   p r ɛ p ɑːr ɛ d   t ɒ   d ɒ   æ n y θ ɪ ŋ   t ɒ   d ɛ f iː t   ʌ s .","{""mean_pitch_hz"": 631.84, ""pitch_range_hz"": 973.73, ""mean_energy"": 0.0538, ""energy_range"": 0.192, ""tempo_bpm"": 112.35, ""spectral_centroid"": 2505.37, ""spectral_rolloff"": 4309.33, ""duration_seconds"": 12.0}","{""pace"": ""fast"", ""volume"": ""loud"", ""pitch_variation"": ""normal"", ""is_question"": false, ""has_pilot_address"": true, ""is_protocol"": false, ""is_acknowledgment"": false}","This way, pilot. I detect an exit up ahead. I'm detecting incoming enemy forces. We must hurry. With the militia growing in numbers, the IMC are prepared to do anything to defeat us."
BT-7274.Voicepack/bt_clips/828_Pilot_the_dash_maneuver_will_allow.wav,"{""primary_emotion"": ""urgent"", ""primary_score"": 1.0, ""confidence"": 0.12, ""secondary_emotion"": ""determined"", ""all_scores"": {""urgent"": 1.0, ""determined"": 0.8}}",828,pilot the dash maneuver will allow you to get to cover quickly i recommend you use the vortex shield to block incoming fire pilot,95,"p ɪ l ɒ t ,   θ ɛ   d æ ʃ   m æ n ɛ ʌ v ɜːr   w ɪ l l   æ l l oʊ   y aʊ   t ɒ   g ɛ t   t ɒ   c ɒ v ɜːr   q ʌ ɪ k l y .   ɪ   r ɛ c ɒ m m ɛ n d   y aʊ   ʌ s ɛ   θ ɛ   v ɔːr t ɛ x   ʃ iː l d   t ɒ   b l ɒ k   ɪ n c ɒ m ɪ ŋ   f ɪr ɛ ,   p ɪ l ɒ t .","{""mean_pitch_hz"": 687.76, ""pitch_range_hz"": 1521.12, ""mean_energy"": 0.0597, ""energy_range"": 0.1677, ""tempo_bpm"": 117.45, ""spectral_centroid"": 2407.2, ""spectral_rolloff"": 4374.06, ""duration_seconds"": 7.0}","{""pace"": ""fast"", ""volume"": ""loud"", ""pitch_variation"": ""normal"", ""is_question"": false, ""has_pilot_address"": true, ""is_protocol"": false, ""is_acknowledgment"": false}","Pilot, the dash maneuver will allow you to get to cover quickly. I recommend you use the vortex shield to block incoming fire, pilot."
BT-7274.Voicepack/bt_clips/829_Pilot_there_are_several_loadouts_availab.wav,"{""primary_emotion"": ""neutral"", ""primary_score"": 0.0, ""confidence"": 0.0, ""secondary_emotion"": null, ""all_scores"": {}}",829,pilot there are several loadouts available for your use i recommend you familiarize yourself with all of them,81,"p ɪ l ɒ t ,   θ ɜːr ɛ   ɑːr ɛ   s ɛ v ɜːr æ l   l oʊ d aʊ t s   æ v eɪ l æ b l ɛ   f ɔːr   y aʊ r   ʌ s ɛ .   ɪ   r ɛ c ɒ m m ɛ n d   y aʊ   f æ m ɪ l ɪ ɑːr ɪ z ɛ   y aʊ r s ɛ l f   w ɪ θ   æ l l   ɒ f   θ ɛ m .","{""mean_pitch_hz"": 737.81, ""pitch_range_hz"": 1139.33, ""mean_energy"": 0.0588, ""energy_range"": 0.1954, ""tempo_bpm"": 90.67, ""spectral_centroid"": 2623.96, ""spectral_rolloff"": 4764.63, ""duration_seconds"": 6.0}","{""pace"": ""normal"", ""volume"": ""normal"", ""pitch_variation"": ""low"", ""is_question"": false, ""has_pilot_address"": true, ""is_protocol"": false, ""is_acknowledgment"": false}","Pilot, there are several loadouts available for your use. I recommend you familiarize yourself with all of them."
BT-7274.Voicepack/bt_clips/830_Pilot_the_tracking_rockets_require_three.wav,"{""primary_emotion"": ""neutral"", ""primary_score"": 0.0, ""confidence"": 0.0, ""secondary_emotion"": null, ""all_scores"": {}}",830,pilot the tracking rockets require three locks from the tracker cannon these incendiary traps may be ignited with thermite,87,"p ɪ l ɒ t ,   θ ɛ   t r æ k ɪ ŋ   r ɒ k ɛ t s   r ɛ q ʌ ɪr ɛ   θ r iː   l ɒ k s   f r ɒ m   θ ɛ   t r æ k ɜːr   c æ n n ɒ n .   θ ɛ s ɛ   ɪ n c ɛ n d ɪ ɑːr y   t r æ s   m eɪ   b ɛ   aɪn ɪ t ɛ d   w ɪ θ   θ ɜːr m ɪ t ɛ .","{""mean_pitch_hz"": 874.04, ""pitch_range_hz"": 1684.29, ""mean_energy"": 0.0478, ""energy_range"": 0.1375, ""tempo_bpm"": 147.66, ""spectral_centroid"": 2600.31, ""spectral_rolloff"": 4533.79, ""duration_seconds"": 7.0}","{""pace"": ""normal"", ""volume"": ""normal"", ""pitch_variation"": ""low"", ""is_question"": false, ""has_pilot_address"": true, ""is_protocol"": false, ""is_acknowledgment"": false}","Pilot, the tracking rockets require three locks from the tracker cannon. These incendiary traps may be ignited with thermite."
BT-7274.Voicepack/bt_clips/831_The_ion_abilities_draw_from_a.wav,"{""primary_emotion"": ""neutral"", ""primary_score"": 0.0, ""confidence"": 0.0, ""secondary_emotion"": null, ""all_scores"": {}}",831,the ion abilities draw from a stored energy pool conserve your energy the predator cannon has two range settings long and short,94,θ ɛ   ɪ ɒ n   æ b ɪ l ɪ t iː s   d r ɔː   f r ɒ m   æ   s t ɔːr ɛ d   ɛ n ɜːr g y   p uː l .   c ɒ n s ɜːr v ɛ   y aʊ r   ɛ n ɜːr g y .   θ ɛ   p r ɛ d æ t ɔːr   c æ n n ɒ n   h æ s   t w ɒ   r æ ŋ ɛ   s ɛ t t ɪ ŋ s .   l ɒ ŋ   æ n d   ʃ ɔːr t .,"{""mean_pitch_hz"": 867.68, ""pitch_range_hz"": 702.97, ""mean_energy"": 0.0503, ""energy_range"": 0.1826, ""tempo_bpm"": 114.84, ""spectral_centroid"": 2600.72, ""spectral_rolloff"": 4636.53, ""duration_seconds"": 10.0}","{""pace"": ""normal"", ""volume"": ""normal"", ""pitch_variation"": ""low"", ""is_question"": false, ""has_pilot_address"": false, ""is_protocol"": false, ""is_acknowledgment"": false}",The ion abilities draw from a stored energy pool. Conserve your energy. The predator cannon has two range settings. Long and short.
BT-7274.Voicepack/bt_clips/832_Pilot_recommend_you_switch_to_short.wav,"{""primary_emotion"": ""neutral"", ""primary_score"": 0.0, ""confidence"": 0.0, ""secondary_emotion"": null, ""all_scores"": {}}",832,pilot recommend you switch to short range mode pilot recommend you switch to long range mode,72,"p ɪ l ɒ t ,   r ɛ c ɒ m m ɛ n d   y aʊ   s w ɪ t tʃ   t ɒ   ʃ ɔːr t   r æ ŋ ɛ   m ɒ d ɛ .   p ɪ l ɒ t ,   r ɛ c ɒ m m ɛ n d   y aʊ   s w ɪ t tʃ   t ɒ   l ɒ ŋ   r æ ŋ ɛ   m ɒ d ɛ .","{""mean_pitch_hz"": 710.13, ""pitch_range_hz"": 2381.03, ""mean_energy"": 0.052, ""energy_range"": 0.1507, ""tempo_bpm"": 143.55, ""spectral_centroid"": 2478.85, ""spectral_rolloff"": 4452.13, ""duration_seconds"": 6.0}","{""pace"": ""normal"", ""volume"": ""normal"", ""pitch_variation"": ""low"", ""is_question"": false, ""has_pilot_address"": true, ""is_protocol"": false, ""is_acknowledgment"": false}","Pilot, recommend you switch to short range mode. Pilot, recommend you switch to long range mode."
BT-7274.Voicepack/bt_clips/833_These_tether_traps_are_restricting_our.wav,"{""primary_emotion"": ""commanding"", ""primary_score"": 0.9, ""confidence"": 0.11, ""secondary_emotion"": null, ""all_scores"": {""commanding"": 0.9}}",833,these tether traps are restricting our movement destroying their anchor points should restore our mobility,76,θ ɛ s ɛ   t ɛ θ ɜːr   t r æ s   ɑːr ɛ   r ɛ s t r ɪ c t ɪ ŋ   aʊ r   m ɒ v ɛ m ɛ n t .   d ɛ s t r ɔɪ ɪ ŋ   θ eɪ r   æ n tʃ ɔːr   p ɔɪ n t s   ʃ aʊ l d   r ɛ s t ɔːr ɛ   aʊ r   m ɒ b ɪ l ɪ t y .,"{""mean_pitch_hz"": 372.98, ""pitch_range_hz"": 275.97, ""mean_energy"": 0.0623, ""energy_range"": 0.1897, ""tempo_bpm"": 117.45, ""spectral_centroid"": 2559.17, ""spectral_rolloff"": 4290.25, ""duration_seconds"": 5.0}","{""pace"": ""fast"", ""volume"": ""loud"", ""pitch_variation"": ""normal"", ""is_question"": false, ""has_pilot_address"": false, ""is_protocol"": false, ""is_acknowledgment"": false}",These tether traps are restricting our movement. Destroying their anchor points should restore our mobility.
BT-7274.Voicepack/bt_clips/834_Pilot_we_have_picked_up_the.wav,"{""primary_emotion"": ""questioning"", ""primary_score"": 0.6, ""confidence"": 0.07, ""secondary_emotion"": null, ""all_scores"": {""questioning"": 0.6}}",834,pilot we have picked up the legion loadout its main cannon is powerful but has a delay when spooling up,77,"p ɪ l ɒ t ,   w ɛ   h æ v ɛ   p ɪ k ɛ d   ʌ p   θ ɛ   l ɛ g ɪ ɒ n   l oʊ d aʊ t .   ɪ t s   m eɪ n   c æ n n ɒ n   ɪ s   p oʊ ɜːr f ʌ l ,   b ʌ t   h æ s   æ   d ɛ l eɪ   w ɛ n   s p uː l ɪ ŋ   ʌ p .","{""mean_pitch_hz"": 365.46, ""pitch_range_hz"": 254.64, ""mean_energy"": 0.0546, ""energy_range"": 0.2532, ""tempo_bpm"": 132.51, ""spectral_centroid"": 2430.51, ""spectral_rolloff"": 4546.04, ""duration_seconds"": 7.0}","{""pace"": ""normal"", ""volume"": ""normal"", ""pitch_variation"": ""high"", ""is_question"": false, ""has_pilot_address"": true, ""is_protocol"": false, ""is_acknowledgment"": false}","Pilot, we have picked up the Legion loadout. Its main cannon is powerful, but has a delay when spooling up."
BT-7274.Voicepack/bt_clips/835_Pilot_this_is_a_scorched_loadout.wav,"{""primary_emotion"": ""neutral"", ""primary_score"": 0.0, ""confidence"": 0.0, ""secondary_emotion"": null, ""all_scores"": {}}",835,pilot this is a scorched loadout it is designed to lock down areas with thermite,55,"p ɪ l ɒ t ,   θ ɪ s   ɪ s   æ   s c ɔːr tʃ ɛ d   l oʊ d aʊ t .   ɪ t   ɪ s   d ɛ s aɪn ɛ d   t ɒ   l ɒ k   d oʊ n   ɑːr iː s   w ɪ θ   θ ɜːr m ɪ t ɛ .","{""mean_pitch_hz"": 554.26, ""pitch_range_hz"": 798.31, ""mean_energy"": 0.0569, ""energy_range"": 0.1772, ""tempo_bpm"": 132.51, ""spectral_centroid"": 2656.19, ""spectral_rolloff"": 4518.23, ""duration_seconds"": 5.0}","{""pace"": ""normal"", ""volume"": ""normal"", ""pitch_variation"": ""low"", ""is_question"": false, ""has_pilot_address"": true, ""is_protocol"": false, ""is_acknowledgment"": false}","Pilot, this is a scorched loadout. It is designed to lock down areas with thermite."
BT-7274.Voicepack/bt_clips/836_Ion_loadout_acquired_These_versatile_ene.wav,"{""primary_emotion"": ""determined"", ""primary_score"": 0.8, ""confidence"": 0.1, ""secondary_emotion"": null, ""all_scores"": {""determined"": 0.8}}",836,ion loadout acquired these versatile energy weapons are precise they will be useful,64,ɪ ɒ n   l oʊ d aʊ t   æ c q ʌ ɪr ɛ d .   θ ɛ s ɛ   v ɜːr s æ t ɪ l ɛ   ɛ n ɜːr g y   w iː p ɒ n s   ɑːr ɛ   p r ɛ c ɪ s ɛ .   θ eɪ   w ɪ l l   b ɛ   ʌ s ɛ f ʌ l .,"{""mean_pitch_hz"": 756.08, ""pitch_range_hz"": 861.87, ""mean_energy"": 0.056, ""energy_range"": 0.1808, ""tempo_bpm"": 147.66, ""spectral_centroid"": 2663.48, ""spectral_rolloff"": 4796.96, ""duration_seconds"": 5.0}","{""pace"": ""normal"", ""volume"": ""normal"", ""pitch_variation"": ""low"", ""is_question"": false, ""has_pilot_address"": false, ""is_protocol"": false, ""is_acknowledgment"": false}",Ion loadout acquired. These versatile energy weapons are precise. They will be useful.
BT-7274.Voicepack/bt_clips/837_Ronin_loadout_picked_up_The_Ronin.wav,"{""primary_emotion"": ""neutral"", ""primary_score"": 0.0, ""confidence"": 0.0, ""secondary_emotion"": null, ""all_scores"": {}}",837,ronin loadout picked up the ronin titan is equipped with a powerful sword and is built on speed and close range combat,89,r ɒ n ɪ n   l oʊ d aʊ t   p ɪ k ɛ d   ʌ p .   θ ɛ   r ɒ n ɪ n   t ɪ t æ n   ɪ s   ɛ q ʌ ɪ p p ɛ d   w ɪ θ   æ   p oʊ ɜːr f ʌ l   s w ɔːr d   æ n d   ɪ s   b ʌ ɪ l t   ɒ n   s p iː d   æ n d   c l ɒ s ɛ   r æ ŋ ɛ   c ɒ m b æ t .,"{""mean_pitch_hz"": 376.12, ""pitch_range_hz"": 255.05, ""mean_energy"": 0.0554, ""energy_range"": 0.207, ""tempo_bpm"": 123.05, ""spectral_centroid"": 2314.21, ""spectral_rolloff"": 4017.25, ""duration_seconds"": 7.0}","{""pace"": ""normal"", ""volume"": ""normal"", ""pitch_variation"": ""low"", ""is_question"": false, ""has_pilot_address"": false, ""is_protocol"": false, ""is_acknowledgment"": false}",Ronin loadout picked up. The Ronin Titan is equipped with a powerful sword and is built on speed and close range combat.
BT-7274.Voicepack/bt_clips/838_Pilot_the_plasma_railgun_in_the.wav,"{""primary_emotion"": ""questioning"", ""primary_score"": 0.6, ""confidence"": 0.07, ""secondary_emotion"": null, ""all_scores"": {""questioning"": 0.6}}",838,pilot the plasma railgun in the north star loadout can deal massive damage when fully charged its flight core can give us the advantage from above,108,"p ɪ l ɒ t ,   θ ɛ   p l æ s m æ   r eɪ l g ʌ n   ɪ n   θ ɛ   n ɔːr θ   s t ɑːr   l oʊ d aʊ t   c æ n   d iː l   m æ s s ɪ v ɛ   d æ m æ g ɛ   w ɛ n   f ʌ l l y   tʃ ɑːr g ɛ d .   ɪ t s   f l aɪ t   c ɔːr ɛ   c æ n   g ɪ v ɛ   ʌ s   θ ɛ   æ d v æ n t æ g ɛ   f r ɒ m   æ b ɒ v ɛ .","{""mean_pitch_hz"": 882.08, ""pitch_range_hz"": 1225.53, ""mean_energy"": 0.0578, ""energy_range"": 0.2037, ""tempo_bpm"": 126.05, ""spectral_centroid"": 2397.66, ""spectral_rolloff"": 4171.03, ""duration_seconds"": 9.0}","{""pace"": ""normal"", ""volume"": ""normal"", ""pitch_variation"": ""high"", ""is_question"": false, ""has_pilot_address"": true, ""is_protocol"": false, ""is_acknowledgment"": false}","Pilot, the plasma railgun in the North Star loadout can deal massive damage when fully charged. Its flight core can give us the advantage from above."
BT-7274.Voicepack/bt_clips/839_Pilot_with_the_Tone_loadout_we.wav,"{""primary_emotion"": ""determined"", ""primary_score"": 0.8, ""confidence"": 0.1, ""secondary_emotion"": null, ""all_scores"": {""determined"": 0.8}}",839,pilot with the tone loadout we can lock onto enemies and target them with tracking rockets this will be useful in direct combat,95,"p ɪ l ɒ t ,   w ɪ θ   θ ɛ   t ɒ n ɛ   l oʊ d aʊ t ,   w ɛ   c æ n   l ɒ k   ɒ n t ɒ   ɛ n ɛ m iː s   æ n d   t ɑːr g ɛ t   θ ɛ m   w ɪ θ   t r æ k ɪ ŋ   r ɒ k ɛ t s .   θ ɪ s   w ɪ l l   b ɛ   ʌ s ɛ f ʌ l   ɪ n   d ɪr ɛ c t   c ɒ m b æ t .","{""mean_pitch_hz"": 867.8, ""pitch_range_hz"": 988.46, ""mean_energy"": 0.0556, ""energy_range"": 0.2127, ""tempo_bpm"": 105.47, ""spectral_centroid"": 2608.27, ""spectral_rolloff"": 4690.77, ""duration_seconds"": 7.0}","{""pace"": ""normal"", ""volume"": ""normal"", ""pitch_variation"": ""low"", ""is_question"": false, ""has_pilot_address"": true, ""is_protocol"": false, ""is_acknowledgment"": false}","Pilot, with the Tone loadout, we can lock onto enemies and target them with tracking rockets. This will be useful in direct combat."
BT-7274.Voicepack/bt_clips/840_Multi-lock_missiles_are_a_key_component.wav,"{""primary_emotion"": ""neutral"", ""primary_score"": 0.0, ""confidence"": 0.0, ""secondary_emotion"": null, ""all_scores"": {}}",840,multilock missiles are a key component to the brute loadout i have seen this in battle and it was very effective,86,"m ʌ l t ɪ l ɒ k   m ɪ s s ɪ l ɛ s   ɑːr ɛ   æ   k eɪ   c ɒ m p ɒ n ɛ n t   t ɒ   θ ɛ   b r ʌ t ɛ   l oʊ d aʊ t .   ɪ   h æ v ɛ   s iː n   θ ɪ s   ɪ n   b æ t t l ɛ ,   æ n d   ɪ t   w æ s   v ɜːr y   ɛ f f ɛ c t ɪ v ɛ .","{""mean_pitch_hz"": 780.86, ""pitch_range_hz"": 1328.42, ""mean_energy"": 0.056, ""energy_range"": 0.1855, ""tempo_bpm"": 120.19, ""spectral_centroid"": 2420.2, ""spectral_rolloff"": 4272.86, ""duration_seconds"": 7.0}","{""pace"": ""normal"", ""volume"": ""normal"", ""pitch_variation"": ""low"", ""is_question"": false, ""has_pilot_address"": false, ""is_protocol"": false, ""is_acknowledgment"": false}","Multi-lock missiles are a key component to the brute loadout. I have seen this in battle, and it was very effective."
BT-7274.Voicepack/bt_clips/841_You_have_lock_Recommend_you_fire.wav,"{""primary_emotion"": ""commanding"", ""primary_score"": 0.9, ""confidence"": 0.11, ""secondary_emotion"": null, ""all_scores"": {""commanding"": 0.9}}",841,you have lock recommend you fire your rockets these tether traps are restricting our movement,69,y aʊ   h æ v ɛ   l ɒ k .   r ɛ c ɒ m m ɛ n d   y aʊ   f ɪr ɛ   y aʊ r   r ɒ k ɛ t s .   θ ɛ s ɛ   t ɛ θ ɜːr   t r æ s   ɑːr ɛ   r ɛ s t r ɪ c t ɪ ŋ   aʊ r   m ɒ v ɛ m ɛ n t .,"{""mean_pitch_hz"": 906.9, ""pitch_range_hz"": 1196.88, ""mean_energy"": 0.0596, ""energy_range"": 0.1974, ""tempo_bpm"": 112.35, ""spectral_centroid"": 2905.28, ""spectral_rolloff"": 5074.39, ""duration_seconds"": 5.0}","{""pace"": ""fast"", ""volume"": ""loud"", ""pitch_variation"": ""normal"", ""is_question"": false, ""has_pilot_address"": false, ""is_protocol"": false, ""is_acknowledgment"": false}",You have lock. Recommend you fire your rockets. These tether traps are restricting our movement.
BT-7274.Voicepack/bt_clips/842_Pilot_you_have_not_used_your.wav,"{""primary_emotion"": ""neutral"", ""primary_score"": 0.0, ""confidence"": 0.0, ""secondary_emotion"": null, ""all_scores"": {}}",842,pilot you have not used your alternate loadouts it is important you familiarize yourself with the full complement of weapons,96,"p ɪ l ɒ t ,   y aʊ   h æ v ɛ   n ɒ t   ʌ s ɛ d   y aʊ r   æ l t ɜːr n æ t ɛ   l oʊ d aʊ t s .   ɪ t   ɪ s   ɪ m p ɔːr t æ n t   y aʊ   f æ m ɪ l ɪ ɑːr ɪ z ɛ   y aʊ r s ɛ l f   w ɪ θ   θ ɛ   f ʌ l l   c ɒ m p l ɛ m ɛ n t   ɒ f   w iː p ɒ n s .","{""mean_pitch_hz"": 479.47, ""pitch_range_hz"": 1181.11, ""mean_energy"": 0.0548, ""energy_range"": 0.1876, ""tempo_bpm"": 112.35, ""spectral_centroid"": 2622.29, ""spectral_rolloff"": 4720.88, ""duration_seconds"": 7.0}","{""pace"": ""normal"", ""volume"": ""normal"", ""pitch_variation"": ""low"", ""is_question"": false, ""has_pilot_address"": true, ""is_protocol"": false, ""is_acknowledgment"": false}","Pilot, you have not used your alternate loadouts. It is important you familiarize yourself with the full complement of weapons."
BT-7274.Voicepack/bt_clips/843_Pilot_hold_down_the_ordnance_button.wav,"{""primary_emotion"": ""urgent"", ""primary_score"": 1.0, ""confidence"": 0.12, ""secondary_emotion"": null, ""all_scores"": {""urgent"": 1.0}}",843,pilot hold down the ordnance button longer to fire more missiles your vortex shield is disengaging too quickly holding down the button has a longer lasting effect,119,"p ɪ l ɒ t ,   h ɒ l d   d oʊ n   θ ɛ   ɔːr d n æ n c ɛ   b ʌ t t ɒ n   l ɒ ŋ ɜːr   t ɒ   f ɪr ɛ   m ɔːr ɛ   m ɪ s s ɪ l ɛ s .   y aʊ r   v ɔːr t ɛ x   ʃ iː l d   ɪ s   d ɪ s ɛ ŋ æ g ɪ ŋ   t uː   q ʌ ɪ k l y .   h ɒ l d ɪ ŋ   d oʊ n   θ ɛ   b ʌ t t ɒ n   h æ s   æ   l ɒ ŋ ɜːr   l æ s t ɪ ŋ   ɛ f f ɛ c t .","{""mean_pitch_hz"": 623.17, ""pitch_range_hz"": 957.37, ""mean_energy"": 0.0517, ""energy_range"": 0.2032, ""tempo_bpm"": 147.66, ""spectral_centroid"": 2544.44, ""spectral_rolloff"": 4513.5, ""duration_seconds"": 10.0}","{""pace"": ""fast"", ""volume"": ""loud"", ""pitch_variation"": ""normal"", ""is_question"": false, ""has_pilot_address"": true, ""is_protocol"": false, ""is_acknowledgment"": false}","Pilot, hold down the ordnance button longer to fire more missiles. Your vortex shield is disengaging too quickly. Holding down the button has a longer lasting effect."
BT-7274.Voicepack/bt_clips/844_There_is_a_battery_nearby_Pick.wav,"{""primary_emotion"": ""neutral"", ""primary_score"": 0.0, ""confidence"": 0.0, ""secondary_emotion"": null, ""all_scores"": {}}",844,there is a battery nearby pick it up to repair some damage our hull is compromised i recommend you find a battery,85,θ ɜːr ɛ   ɪ s   æ   b æ t t ɜːr y   n iː r b y .   p ɪ k   ɪ t   ʌ p   t ɒ   r ɛ p eɪ r   s ɒ m ɛ   d æ m æ g ɛ .   aʊ r   h ʌ l l   ɪ s   c ɒ m p r ɒ m ɪ s ɛ d .   ɪ   r ɛ c ɒ m m ɛ n d   y aʊ   f aɪnd   æ   b æ t t ɜːr y .,"{""mean_pitch_hz"": 777.47, ""pitch_range_hz"": 771.15, ""mean_energy"": 0.0585, ""energy_range"": 0.1751, ""tempo_bpm"": 152.0, ""spectral_centroid"": 2385.1, ""spectral_rolloff"": 4021.96, ""duration_seconds"": 7.0}","{""pace"": ""normal"", ""volume"": ""normal"", ""pitch_variation"": ""low"", ""is_question"": false, ""has_pilot_address"": false, ""is_protocol"": false, ""is_acknowledgment"": false}",There is a battery nearby. Pick it up to repair some damage. Our hull is compromised. I recommend you find a battery.
BT-7274.Voicepack/bt_clips/845_Picking_up_weapons_from_destroyed_enemy.wav,"{""primary_emotion"": ""neutral"", ""primary_score"": 0.0, ""confidence"": 0.0, ""secondary_emotion"": null, ""all_scores"": {}}",845,picking up weapons from destroyed enemy titans gives us access to those titans full loadouts,72,p ɪ k ɪ ŋ   ʌ p   w iː p ɒ n s   f r ɒ m   d ɛ s t r ɔɪ ɛ d   ɛ n ɛ m y   t ɪ t æ n s   g ɪ v ɛ s   ʌ s   æ c c ɛ s s   t ɒ   θ ɒ s ɛ   t ɪ t æ n s   f ʌ l l   l oʊ d aʊ t s .,"{""mean_pitch_hz"": 474.0, ""pitch_range_hz"": 1117.59, ""mean_energy"": 0.0576, ""energy_range"": 0.1784, ""tempo_bpm"": 123.05, ""spectral_centroid"": 2715.64, ""spectral_rolloff"": 4682.05, ""duration_seconds"": 5.0}","{""pace"": ""normal"", ""volume"": ""normal"", ""pitch_variation"": ""low"", ""is_question"": false, ""has_pilot_address"": false, ""is_protocol"": false, ""is_acknowledgment"": false}",Picking up weapons from destroyed enemy titans gives us access to those titans full loadouts.
BT-7274.Voicepack/bt_clips/846_Pilot_we_have_picked_up_an.wav,"{""primary_emotion"": ""neutral"", ""primary_score"": 0.0, ""confidence"": 0.0, ""secondary_emotion"": null, ""all_scores"": {}}",846,pilot we have picked up an enemy titan weapon loadout pilot we have picked up an enemy titan weapon,79,"p ɪ l ɒ t ,   w ɛ   h æ v ɛ   p ɪ k ɛ d   ʌ p   æ n   ɛ n ɛ m y   t ɪ t æ n   w iː p ɒ n   l oʊ d aʊ t .   p ɪ l ɒ t ,   w ɛ   h æ v ɛ   p ɪ k ɛ d   ʌ p   æ n   ɛ n ɛ m y   t ɪ t æ n   w iː p ɒ n .","{""mean_pitch_hz"": 825.05, ""pitch_range_hz"": 1747.98, ""mean_energy"": 0.0554, ""energy_range"": 0.1908, ""tempo_bpm"": 143.55, ""spectral_centroid"": 2400.99, ""spectral_rolloff"": 4015.21, ""duration_seconds"": 7.0}","{""pace"": ""normal"", ""volume"": ""normal"", ""pitch_variation"": ""low"", ""is_question"": false, ""has_pilot_address"": true, ""is_protocol"": false, ""is_acknowledgment"": false}","Pilot, we have picked up an enemy titan weapon loadout. Pilot, we have picked up an enemy titan weapon."
BT-7274.Voicepack/bt_clips/847_It_is_now_in_our_weapon.wav,"{""primary_emotion"": ""neutral"", ""primary_score"": 0.0, ""confidence"": 0.0, ""secondary_emotion"": null, ""all_scores"": {}}",847,it is now in our weapon loadout database it is now in our database,48,ɪ t   ɪ s   n oʊ   ɪ n   aʊ r   w iː p ɒ n   l oʊ d aʊ t   d æ t æ b æ s ɛ .   ɪ t   ɪ s   n oʊ   ɪ n   aʊ r   d æ t æ b æ s ɛ .,"{""mean_pitch_hz"": 645.45, ""pitch_range_hz"": 883.86, ""mean_energy"": 0.0631, ""energy_range"": 0.1572, ""tempo_bpm"": 107.67, ""spectral_centroid"": 2321.37, ""spectral_rolloff"": 3867.05, ""duration_seconds"": 4.0}","{""pace"": ""normal"", ""volume"": ""normal"", ""pitch_variation"": ""low"", ""is_question"": false, ""has_pilot_address"": false, ""is_protocol"": false, ""is_acknowledgment"": false}",It is now in our weapon loadout database. It is now in our database.
BT-7274.Voicepack/bt_clips/848_Pilot_you_do_not_have_enough.wav,"{""primary_emotion"": ""determined"", ""primary_score"": 0.8, ""confidence"": 0.1, ""secondary_emotion"": null, ""all_scores"": {""determined"": 0.8}}",848,pilot you do not have enough lock ons to fire your tracking rockets you must first tag a target three times with a tracker cannon,90,"p ɪ l ɒ t ,   y aʊ   d ɒ   n ɒ t   h æ v ɛ   ɛ n oʊ   l ɒ k   ɒ n s   t ɒ   f ɪr ɛ   y aʊ r   t r æ k ɪ ŋ   r ɒ k ɛ t s .   y aʊ   m ʌ s t   f ɪr s t   t æ g   æ   t ɑːr g ɛ t   θ r iː   t ɪ m ɛ s   w ɪ θ   æ   t r æ k ɜːr   c æ n n ɒ n .","{""mean_pitch_hz"": 889.06, ""pitch_range_hz"": 1269.28, ""mean_energy"": 0.0613, ""energy_range"": 0.213, ""tempo_bpm"": 114.84, ""spectral_centroid"": 2581.88, ""spectral_rolloff"": 4298.5, ""duration_seconds"": 7.0}","{""pace"": ""normal"", ""volume"": ""normal"", ""pitch_variation"": ""low"", ""is_question"": false, ""has_pilot_address"": true, ""is_protocol"": false, ""is_acknowledgment"": false}","Pilot, you do not have enough lock ons to fire your tracking rockets. You must first tag a target three times with a tracker cannon."
BT-7274.Voicepack/bt_clips/849_You_may_equip_any_of_the.wav,"{""primary_emotion"": ""neutral"", ""primary_score"": 0.0, ""confidence"": 0.0, ""secondary_emotion"": null, ""all_scores"": {}}",849,you may equip any of the weapon loadouts within our database at any time i require a third battery for full power,79,y aʊ   m eɪ   ɛ q ʌ ɪ p   æ n y   ɒ f   θ ɛ   w iː p ɒ n   l oʊ d aʊ t s   w ɪ θ ɪ n   aʊ r   d æ t æ b æ s ɛ   æ t   æ n y   t ɪ m ɛ .   ɪ   r ɛ q ʌ ɪr ɛ   æ   θ ɪr d   b æ t t ɜːr y   f ɔːr   f ʌ l l   p oʊ ɜːr .,"{""mean_pitch_hz"": 395.6, ""pitch_range_hz"": 763.17, ""mean_energy"": 0.0568, ""energy_range"": 0.2152, ""tempo_bpm"": 136.0, ""spectral_centroid"": 2344.26, ""spectral_rolloff"": 3953.0, ""duration_seconds"": 7.0}","{""pace"": ""normal"", ""volume"": ""normal"", ""pitch_variation"": ""low"", ""is_question"": false, ""has_pilot_address"": false, ""is_protocol"": false, ""is_acknowledgment"": false}",You may equip any of the weapon loadouts within our database at any time. I require a third battery for full power.
BT-7274.Voicepack/bt_clips/850_Without_it_we_may_not_survive.wav,"{""primary_emotion"": ""neutral"", ""primary_score"": 0.0, ""confidence"": 0.0, ""secondary_emotion"": null, ""all_scores"": {}}",850,without it we may not survive through enemy territory,37,"w ɪ θ aʊ t   ɪ t ,   w ɛ   m eɪ   n ɒ t   s ɜːr v ɪ v ɛ   θ r oʊ   ɛ n ɛ m y   t ɜːr r ɪ t ɔːr y .","{""mean_pitch_hz"": 806.36, ""pitch_range_hz"": 865.84, ""mean_energy"": 0.0512, ""energy_range"": 0.1345, ""tempo_bpm"": 132.51, ""spectral_centroid"": 2482.74, ""spectral_rolloff"": 4124.65, ""duration_seconds"": 3.0}","{""pace"": ""normal"", ""volume"": ""normal"", ""pitch_variation"": ""low"", ""is_question"": false, ""has_pilot_address"": false, ""is_protocol"": false, ""is_acknowledgment"": false}","Without it, we may not survive through enemy territory."
BT-7274.Voicepack/bt_clips/851_We_must_proceed_through_this_facility.wav,"{""primary_emotion"": ""commanding"", ""primary_score"": 0.9, ""confidence"": 0.11, ""secondary_emotion"": ""determined"", ""all_scores"": {""commanding"": 0.9, ""determined"": 0.8}}",851,we must proceed through this facility and continue to the rendezvous point with major anderson,69,w ɛ   m ʌ s t   p r ɒ c iː d   θ r oʊ   θ ɪ s   f æ c ɪ l ɪ t y   æ n d   c ɒ n t ɪ n ʌ ɛ   t ɒ   θ ɛ   r ɛ n d ɛ z v aʊ s   p ɔɪ n t   w ɪ θ   m æ j ɔːr   æ n d ɜːr s ɒ n .,"{""mean_pitch_hz"": 683.83, ""pitch_range_hz"": 825.78, ""mean_energy"": 0.0503, ""energy_range"": 0.1675, ""tempo_bpm"": 132.51, ""spectral_centroid"": 2481.6, ""spectral_rolloff"": 4343.11, ""duration_seconds"": 5.0}","{""pace"": ""fast"", ""volume"": ""loud"", ""pitch_variation"": ""normal"", ""is_question"": false, ""has_pilot_address"": false, ""is_protocol"": false, ""is_acknowledgment"": false}",We must proceed through this facility and continue to the rendezvous point with Major Anderson.
BT-7274.Voicepack/bt_clips/852_It_is_our_only_chance_of.wav,"{""primary_emotion"": ""determined"", ""primary_score"": 0.8, ""confidence"": 0.1, ""secondary_emotion"": null, ""all_scores"": {""determined"": 0.8}}",852,it is our only chance of survival with the imc searching for us this shortcut will reduce our exposure to the enemy,82,"ɪ t   ɪ s   aʊ r   ɒ n l y   tʃ æ n c ɛ   ɒ f   s ɜːr v ɪ v æ l .   w ɪ θ   θ ɛ   ɪ m c   s iː r tʃ ɪ ŋ   f ɔːr   ʌ s ,   θ ɪ s   ʃ ɔːr t c ʌ t   w ɪ l l   r ɛ d ʌ c ɛ   aʊ r   ɛ x p ɒ s ɜːr ɛ   t ɒ   θ ɛ   ɛ n ɛ m y .","{""mean_pitch_hz"": 697.51, ""pitch_range_hz"": 1147.57, ""mean_energy"": 0.0485, ""energy_range"": 0.138, ""tempo_bpm"": 126.05, ""spectral_centroid"": 2621.77, ""spectral_rolloff"": 4622.96, ""duration_seconds"": 7.0}","{""pace"": ""normal"", ""volume"": ""normal"", ""pitch_variation"": ""low"", ""is_question"": false, ""has_pilot_address"": false, ""is_protocol"": false, ""is_acknowledgment"": false}","It is our only chance of survival. With the IMC searching for us, this shortcut will reduce our exposure to the enemy."
BT-7274.Voicepack/bt_clips/853_We_must_continue_to_our_rendezvous.wav,"{""primary_emotion"": ""determined"", ""primary_score"": 0.8, ""confidence"": 0.1, ""secondary_emotion"": null, ""all_scores"": {""determined"": 0.8}}",853,we must continue to our rendezvous point with major anderson we must locate and rendezvous with major anderson,85,w ɛ   m ʌ s t   c ɒ n t ɪ n ʌ ɛ   t ɒ   aʊ r   r ɛ n d ɛ z v aʊ s   p ɔɪ n t   w ɪ θ   m æ j ɔːr   æ n d ɜːr s ɒ n .   w ɛ   m ʌ s t   l ɒ c æ t ɛ   æ n d   r ɛ n d ɛ z v aʊ s   w ɪ θ   m æ j ɔːr   æ n d ɜːr s ɒ n .,"{""mean_pitch_hz"": 833.74, ""pitch_range_hz"": 600.78, ""mean_energy"": 0.0506, ""energy_range"": 0.2026, ""tempo_bpm"": 105.47, ""spectral_centroid"": 2313.1, ""spectral_rolloff"": 4103.24, ""duration_seconds"": 7.0}","{""pace"": ""normal"", ""volume"": ""normal"", ""pitch_variation"": ""low"", ""is_question"": false, ""has_pilot_address"": false, ""is_protocol"": false, ""is_acknowledgment"": false}",We must continue to our rendezvous point with Major Anderson. We must locate and rendezvous with Major Anderson.
BT-7274.Voicepack/bt_clips/854_He_will_have_detailed_mission_orders.wav,"{""primary_emotion"": ""determined"", ""primary_score"": 1.6, ""confidence"": 0.2, ""secondary_emotion"": ""commanding"", ""all_scores"": {""determined"": 1.6, ""commanding"": 0.9}}",854,he will have detailed mission orders the rendezvous coordinates match the location of this research facility,84,h ɛ   w ɪ l l   h æ v ɛ   d ɛ t eɪ l ɛ d   m ɪ s s ɪ ɒ n   ɔːr d ɜːr s .   θ ɛ   r ɛ n d ɛ z v aʊ s   c uː r d ɪ n æ t ɛ s   m æ t tʃ   θ ɛ   l ɒ c æ t ɪ ɒ n   ɒ f   θ ɪ s   r ɛ s iː r tʃ   f æ c ɪ l ɪ t y .,"{""mean_pitch_hz"": 852.15, ""pitch_range_hz"": 1666.6, ""mean_energy"": 0.0509, ""energy_range"": 0.1342, ""tempo_bpm"": 129.2, ""spectral_centroid"": 2675.01, ""spectral_rolloff"": 4732.76, ""duration_seconds"": 5.0}","{""pace"": ""normal"", ""volume"": ""normal"", ""pitch_variation"": ""low"", ""is_question"": false, ""has_pilot_address"": false, ""is_protocol"": false, ""is_acknowledgment"": false}",He will have detailed mission orders. The rendezvous coordinates match the location of this research facility.
BT-7274.Voicepack/bt_clips/855_We_must_send_a_message_to.wav,"{""primary_emotion"": ""determined"", ""primary_score"": 0.8, ""confidence"": 0.1, ""secondary_emotion"": null, ""all_scores"": {""determined"": 0.8}}",855,we must send a message to the militia fleet and inform them of the imcs recent fold weapon experiment,77,w ɛ   m ʌ s t   s ɛ n d   æ   m ɛ s s æ g ɛ   t ɒ   θ ɛ   m ɪ l ɪ t ɪ æ   f l iː t   æ n d   ɪ n f ɔːr m   θ ɛ m   ɒ f   θ ɛ   ɪ m c s   r ɛ c ɛ n t   f ɒ l d   w iː p ɒ n   ɛ x p ɜːr ɪ m ɛ n t .,"{""mean_pitch_hz"": 597.4, ""pitch_range_hz"": 812.28, ""mean_energy"": 0.0511, ""energy_range"": 0.1605, ""tempo_bpm"": 136.0, ""spectral_centroid"": 2627.58, ""spectral_rolloff"": 4635.26, ""duration_seconds"": 6.0}","{""pace"": ""normal"", ""volume"": ""normal"", ""pitch_variation"": ""low"", ""is_question"": false, ""has_pilot_address"": false, ""is_protocol"": false, ""is_acknowledgment"": false}",We must send a message to the militia fleet and inform them of the IMC's recent fold weapon experiment.
BT-7274.Voicepack/bt_clips/856_40_million_souls_on_the_planet.wav,"{""primary_emotion"": ""neutral"", ""primary_score"": 0.0, ""confidence"": 0.0, ""secondary_emotion"": null, ""all_scores"": {}}",856,40 million souls on the planet harmony are at stake,37,  m ɪ l l ɪ ɒ n   s aʊ l s   ɒ n   θ ɛ   p l æ n ɛ t   h ɑːr m ɒ n y   ɑːr ɛ   æ t   s t æ k ɛ .,"{""mean_pitch_hz"": 631.89, ""pitch_range_hz"": 1026.67, ""mean_energy"": 0.0454, ""energy_range"": 0.1292, ""tempo_bpm"": 93.96, ""spectral_centroid"": 2581.28, ""spectral_rolloff"": 4741.55, ""duration_seconds"": 4.0}","{""pace"": ""normal"", ""volume"": ""normal"", ""pitch_variation"": ""low"", ""is_question"": false, ""has_pilot_address"": false, ""is_protocol"": false, ""is_acknowledgment"": false}",40 million souls on the planet Harmony are at stake.
BT-7274.Voicepack/bt_clips/857_We_must_capture_the_Ark_before.wav,"{""primary_emotion"": ""urgent"", ""primary_score"": 1.0, ""confidence"": 0.12, ""secondary_emotion"": ""determined"", ""all_scores"": {""urgent"": 1.0, ""determined"": 0.8}}",857,we must capture the ark before it is taken away aboard the ims draconis the ark is the critical power source needed to operate the fold weapon,100,w ɛ   m ʌ s t   c æ p t ɜːr ɛ   θ ɛ   ɑːr k   b ɛ f ɔːr ɛ   ɪ t   ɪ s   t æ k ɛ n   ɔː eɪ   æ b oʊ r d   θ ɛ   ɪ m s   d r æ c ɒ n ɪ s .   θ ɛ   ɑːr k   ɪ s   θ ɛ   c r ɪ t ɪ c æ l   p oʊ ɜːr   s aʊ r c ɛ   n iː d ɛ d   t ɒ   ɒ p ɜːr æ t ɛ   θ ɛ   f ɒ l d   w iː p ɒ n .,"{""mean_pitch_hz"": 822.55, ""pitch_range_hz"": 1196.0, ""mean_energy"": 0.0636, ""energy_range"": 0.184, ""tempo_bpm"": 147.66, ""spectral_centroid"": 2457.34, ""spectral_rolloff"": 4183.18, ""duration_seconds"": 8.0}","{""pace"": ""fast"", ""volume"": ""loud"", ""pitch_variation"": ""normal"", ""is_question"": false, ""has_pilot_address"": false, ""is_protocol"": false, ""is_acknowledgment"": false}",We must capture the Ark before it is taken away aboard the IMS Draconis. The Ark is the critical power source needed to operate the fold weapon.
BT-7274.Voicepack/bt_clips/858_We_must_recover_the_Ark_If.wav,"{""primary_emotion"": ""determined"", ""primary_score"": 1.6, ""confidence"": 0.2, ""secondary_emotion"": null, ""all_scores"": {""determined"": 1.6}}",858,we must recover the ark if stripped of this power source the imc will be unable to use the fold weapon to destroy harmony,89,"w ɛ   m ʌ s t   r ɛ c ɒ v ɜːr   θ ɛ   ɑːr k .   ɪ f   s t r ɪ p p ɛ d   ɒ f   θ ɪ s   p oʊ ɜːr   s aʊ r c ɛ ,   θ ɛ   ɪ m c   w ɪ l l   b ɛ   ʌ n æ b l ɛ   t ɒ   ʌ s ɛ   θ ɛ   f ɒ l d   w iː p ɒ n   t ɒ   d ɛ s t r ɔɪ   h ɑːr m ɒ n y .","{""mean_pitch_hz"": 613.95, ""pitch_range_hz"": 863.15, ""mean_energy"": 0.055, ""energy_range"": 0.2037, ""tempo_bpm"": 136.0, ""spectral_centroid"": 2633.22, ""spectral_rolloff"": 4676.7, ""duration_seconds"": 7.0}","{""pace"": ""normal"", ""volume"": ""normal"", ""pitch_variation"": ""low"", ""is_question"": false, ""has_pilot_address"": false, ""is_protocol"": false, ""is_acknowledgment"": false}","We must recover the Ark. If stripped of this power source, the IMC will be unable to use the fold weapon to destroy Harmony."
BT-7274.Voicepack/bt_clips/859_We_must_stop_the_IMC_from.wav,"{""primary_emotion"": ""determined"", ""primary_score"": 1.6, ""confidence"": 0.2, ""secondary_emotion"": null, ""all_scores"": {""determined"": 1.6}}",859,we must stop the imc from using the fold weapon at all costs if we fail the militia planet of harmony will be destroyed,91,"w ɛ   m ʌ s t   s t ɒ p   θ ɛ   ɪ m c   f r ɒ m   ʌ s ɪ ŋ   θ ɛ   f ɒ l d   w iː p ɒ n   æ t   æ l l   c ɒ s t s .   ɪ f   w ɛ   f eɪ l ,   θ ɛ   m ɪ l ɪ t ɪ æ   p l æ n ɛ t   ɒ f   h ɑːr m ɒ n y   w ɪ l l   b ɛ   d ɛ s t r ɔɪ ɛ d .","{""mean_pitch_hz"": 593.43, ""pitch_range_hz"": 1083.96, ""mean_energy"": 0.0564, ""energy_range"": 0.1486, ""tempo_bpm"": 112.35, ""spectral_centroid"": 2550.35, ""spectral_rolloff"": 4400.36, ""duration_seconds"": 8.0}","{""pace"": ""normal"", ""volume"": ""normal"", ""pitch_variation"": ""low"", ""is_question"": false, ""has_pilot_address"": false, ""is_protocol"": false, ""is_acknowledgment"": false}","We must stop the IMC from using the fold weapon at all costs. If we fail, the militia planet of Harmony will be destroyed."
BT-7274.Voicepack/bt_clips/860_Pilot_the_IMC_will_continue_to.wav,"{""primary_emotion"": ""determined"", ""primary_score"": 0.8, ""confidence"": 0.1, ""secondary_emotion"": null, ""all_scores"": {""determined"": 0.8}}",860,pilot the imc will continue to search for us our only chance of survival is to rendezvous with major anderson 60 clicks from our current location,107,"p ɪ l ɒ t   θ ɛ   ɪ m c   w ɪ l l   c ɒ n t ɪ n ʌ ɛ   t ɒ   s iː r tʃ   f ɔːr   ʌ s .   aʊ r   ɒ n l y   tʃ æ n c ɛ   ɒ f   s ɜːr v ɪ v æ l   ɪ s   t ɒ   r ɛ n d ɛ z v aʊ s   w ɪ θ   m æ j ɔːr   æ n d ɜːr s ɒ n ,     c l ɪ k s   f r ɒ m   aʊ r   c ɜːr r ɛ n t   l ɒ c æ t ɪ ɒ n .","{""mean_pitch_hz"": 655.37, ""pitch_range_hz"": 1433.19, ""mean_energy"": 0.0597, ""energy_range"": 0.1668, ""tempo_bpm"": 129.2, ""spectral_centroid"": 2591.81, ""spectral_rolloff"": 4519.6, ""duration_seconds"": 8.0}","{""pace"": ""normal"", ""volume"": ""normal"", ""pitch_variation"": ""low"", ""is_question"": false, ""has_pilot_address"": true, ""is_protocol"": false, ""is_acknowledgment"": false}","Pilot the IMC will continue to search for us. Our only chance of survival is to rendezvous with Major Anderson, 60 clicks from our current location."
BT-7274.Voicepack/bt_clips/861_Improvisation_and_adaptation_are_importa.wav,"{""primary_emotion"": ""determined"", ""primary_score"": 0.8, ""confidence"": 0.1, ""secondary_emotion"": null, ""all_scores"": {""determined"": 0.8}}",861,improvisation and adaptation are important traits of a pilot we must accumulate weapons and intel to ensure our survival,97,ɪ m p r ɒ v ɪ s æ t ɪ ɒ n   æ n d   æ d æ p t æ t ɪ ɒ n   ɑːr ɛ   ɪ m p ɔːr t æ n t   t r eɪ t s   ɒ f   æ   p ɪ l ɒ t .   w ɛ   m ʌ s t   æ c c ʌ m ʌ l æ t ɛ   w iː p ɒ n s   æ n d   ɪ n t ɛ l   t ɒ   ɛ n s ɜːr ɛ   aʊ r   s ɜːr v ɪ v æ l .,"{""mean_pitch_hz"": 459.02, ""pitch_range_hz"": 1057.77, ""mean_energy"": 0.0656, ""energy_range"": 0.1953, ""tempo_bpm"": 112.35, ""spectral_centroid"": 2135.13, ""spectral_rolloff"": 3714.76, ""duration_seconds"": 8.0}","{""pace"": ""normal"", ""volume"": ""normal"", ""pitch_variation"": ""low"", ""is_question"": false, ""has_pilot_address"": true, ""is_protocol"": false, ""is_acknowledgment"": false}",Improvisation and adaptation are important traits of a pilot. We must accumulate weapons and intel to ensure our survival.
BT-7274.Voicepack/bt_clips/862_Keep_your_eyes_open_pilot_We.wav,"{""primary_emotion"": ""determined"", ""primary_score"": 0.8, ""confidence"": 0.1, ""secondary_emotion"": null, ""all_scores"": {""determined"": 0.8}}",862,keep your eyes open pilot we have a long journey through unknown enemy occupied territory we had no choice we must be resourceful,94,"k iː p   y aʊ r   eɪ ɛ s   ɒ p ɛ n ,   p ɪ l ɒ t .   w ɛ   h æ v ɛ   æ   l ɒ ŋ   j aʊ r n eɪ   θ r oʊ   ʌ n n oʊ n   ɛ n ɛ m y   ɒ c c ʌ p iː d   t ɜːr r ɪ t ɔːr y .   w ɛ   h æ d   n ɒ   tʃ ɔɪ c ɛ .   w ɛ   m ʌ s t   b ɛ   r ɛ s aʊ r c ɛ f ʌ l .","{""mean_pitch_hz"": 817.83, ""pitch_range_hz"": 1198.08, ""mean_energy"": 0.0519, ""energy_range"": 0.1905, ""tempo_bpm"": 132.51, ""spectral_centroid"": 2441.15, ""spectral_rolloff"": 4430.5, ""duration_seconds"": 8.0}","{""pace"": ""normal"", ""volume"": ""normal"", ""pitch_variation"": ""low"", ""is_question"": false, ""has_pilot_address"": true, ""is_protocol"": false, ""is_acknowledgment"": false}","Keep your eyes open, pilot. We have a long journey through unknown enemy occupied territory. We had no choice. We must be resourceful."
BT-7274.Voicepack/bt_clips/863_We_have_a_long_journey_ahead.wav,"{""primary_emotion"": ""determined"", ""primary_score"": 0.8, ""confidence"": 0.1, ""secondary_emotion"": null, ""all_scores"": {""determined"": 0.8}}",863,we have a long journey ahead of us pilot we will have to improvise and adapt if we wish to survive,75,"w ɛ   h æ v ɛ   æ   l ɒ ŋ   j aʊ r n eɪ   æ h iː d   ɒ f   ʌ s ,   p ɪ l ɒ t .   w ɛ   w ɪ l l   h æ v ɛ   t ɒ   ɪ m p r ɒ v ɪ s ɛ   æ n d   æ d æ p t   ɪ f   w ɛ   w ɪ ʃ   t ɒ   s ɜːr v ɪ v ɛ .","{""mean_pitch_hz"": 422.27, ""pitch_range_hz"": 676.7, ""mean_energy"": 0.0611, ""energy_range"": 0.2145, ""tempo_bpm"": 143.55, ""spectral_centroid"": 2529.76, ""spectral_rolloff"": 4600.98, ""duration_seconds"": 6.0}","{""pace"": ""normal"", ""volume"": ""normal"", ""pitch_variation"": ""low"", ""is_question"": false, ""has_pilot_address"": true, ""is_protocol"": false, ""is_acknowledgment"": false}","We have a long journey ahead of us, pilot. We will have to improvise and adapt if we wish to survive."
BT-7274.Voicepack/bt_clips/864_Noted_We_must_complete_the_neural.wav,"{""primary_emotion"": ""urgent"", ""primary_score"": 1.0, ""confidence"": 0.12, ""secondary_emotion"": ""determined"", ""all_scores"": {""urgent"": 1.0, ""determined"": 0.8}}",864,noted we must complete the neural link immediately please install the final battery,69,n ɒ t ɛ d .   w ɛ   m ʌ s t   c ɒ m p l ɛ t ɛ   θ ɛ   n ɛ ɜːr æ l   l ɪ n k   ɪ m m ɛ d ɪ æ t ɛ l y .   p l iː s ɛ   ɪ n s t æ l l   θ ɛ   f ɪ n æ l   b æ t t ɜːr y .,"{""mean_pitch_hz"": 489.08, ""pitch_range_hz"": 1099.29, ""mean_energy"": 0.0533, ""energy_range"": 0.1601, ""tempo_bpm"": 152.0, ""spectral_centroid"": 2559.09, ""spectral_rolloff"": 4801.82, ""duration_seconds"": 6.0}","{""pace"": ""fast"", ""volume"": ""loud"", ""pitch_variation"": ""normal"", ""is_question"": false, ""has_pilot_address"": false, ""is_protocol"": false, ""is_acknowledgment"": false}",Noted. We must complete the neural link immediately. Please install the final battery.
BT-7274.Voicepack/bt_clips/865_Transferring_controls_to_pilot_Accessing.wav,"{""primary_emotion"": ""neutral"", ""primary_score"": 0.0, ""confidence"": 0.0, ""secondary_emotion"": null, ""all_scores"": {}}",865,transferring controls to pilot accessing files unknown calculating,57,t r æ n s f ɜːr r ɪ ŋ   c ɒ n t r ɒ l s   t ɒ   p ɪ l ɒ t .   æ c c ɛ s s ɪ ŋ   f ɪ l ɛ s .   ʌ n n oʊ n .   c æ l c ʌ l æ t ɪ ŋ .,"{""mean_pitch_hz"": 617.86, ""pitch_range_hz"": 1931.47, ""mean_energy"": 0.0614, ""energy_range"": 0.2534, ""tempo_bpm"": 112.35, ""spectral_centroid"": 2481.47, ""spectral_rolloff"": 4822.77, ""duration_seconds"": 6.0}","{""pace"": ""normal"", ""volume"": ""normal"", ""pitch_variation"": ""low"", ""is_question"": false, ""has_pilot_address"": true, ""is_protocol"": false, ""is_acknowledgment"": false}",Transferring controls to pilot. Accessing files. Unknown. Calculating.
BT-7274.Voicepack/bt_clips/866_The_file_camerazk_prenders_also_appropri.wav,"{""primary_emotion"": ""neutral"", ""primary_score"": 0.0, ""confidence"": 0.0, ""secondary_emotion"": null, ""all_scores"": {}}",866,the file camerazk prenders also approprises,36,θ ɛ   f ɪ l ɛ   c æ m ɜːr æ z k   p r ɛ n d ɜːr s   æ l s ɒ   æ p p r ɒ p r ɪ s ɛ s .,"{""mean_pitch_hz"": 1014.19, ""pitch_range_hz"": 1942.06, ""mean_energy"": 0.0723, ""energy_range"": 0.1591, ""tempo_bpm"": 143.55, ""spectral_centroid"": 1899.21, ""spectral_rolloff"": 3225.0, ""duration_seconds"": 2.0}","{""pace"": ""normal"", ""volume"": ""normal"", ""pitch_variation"": ""low"", ""is_question"": false, ""has_pilot_address"": false, ""is_protocol"": false, ""is_acknowledgment"": false}",The file camerazk prenders also approprises.
BT-7274.Voicepack/bt_clips/867_Terror_headrests_produccin.wav,"{""primary_emotion"": ""neutral"", ""primary_score"": 0.0, ""confidence"": 0.0, ""secondary_emotion"": null, ""all_scores"": {}}",867,terror headrest往s producción,24,t ɜːr r ɔːr   h iː d r ɛ s t 往 s   p r ɒ d ʌ c c ɪ ó n .,"{""mean_pitch_hz"": 772.21, ""pitch_range_hz"": 1265.79, ""mean_energy"": 0.0793, ""energy_range"": 0.2082, ""tempo_bpm"": 156.61, ""spectral_centroid"": 3128.2, ""spectral_rolloff"": 5796.04, ""duration_seconds"": 2.0}","{""pace"": ""normal"", ""volume"": ""normal"", ""pitch_variation"": ""low"", ""is_question"": false, ""has_pilot_address"": false, ""is_protocol"": false, ""is_acknowledgment"": false}",Terror headrest往s producción.
BT-7274.Voicepack/bt_clips/868__Buzz_Collins_taket.wav,"{""primary_emotion"": ""neutral"", ""primary_score"": 0.0, ""confidence"": 0.0, ""secondary_emotion"": null, ""all_scores"": {}}",868,扔ини buzz collins taket,22,"扔 и н и ,   b ʌ z z   c ɒ l l ɪ n s   t æ k ɛ t .","{""mean_pitch_hz"": 798.95, ""pitch_range_hz"": 1323.65, ""mean_energy"": 0.0945, ""energy_range"": 0.2068, ""tempo_bpm"": 136.0, ""spectral_centroid"": 1866.94, ""spectral_rolloff"": 3617.7, ""duration_seconds"": 2.0}","{""pace"": ""normal"", ""volume"": ""normal"", ""pitch_variation"": ""low"", ""is_question"": false, ""has_pilot_address"": false, ""is_protocol"": false, ""is_acknowledgment"": false}","扔ини, Buzz Collins taket."
BT-7274.Voicepack/bt_clips/869_Testix_our_wings_have_a_large.wav,"{""primary_emotion"": ""neutral"", ""primary_score"": 0.0, ""confidence"": 0.0, ""secondary_emotion"": null, ""all_scores"": {}}",869,testix our wings have a large variety ofcido cuisine,40,t ɛ s t ɪ x   aʊ r   w ɪ ŋ s   h æ v ɛ   æ   l ɑːr g ɛ   v ɑːr iː t y   ɒ f c ɪ d ɒ   c ʌ ɪ s ɪ n ɛ .,"{""mean_pitch_hz"": 532.18, ""pitch_range_hz"": 794.71, ""mean_energy"": 0.0263, ""energy_range"": 0.1556, ""tempo_bpm"": 103.36, ""spectral_centroid"": 2560.03, ""spectral_rolloff"": 4397.01, ""duration_seconds"": 2.0}","{""pace"": ""normal"", ""volume"": ""normal"", ""pitch_variation"": ""low"", ""is_question"": false, ""has_pilot_address"": false, ""is_protocol"": false, ""is_acknowledgment"": false}",Testix our wings have a large variety ofcido��� cuisine.
BT-7274.Voicepack/bt_clips/870_Youll_crush_inside_your_wings.wav,"{""primary_emotion"": ""neutral"", ""primary_score"": 0.0, ""confidence"": 0.0, ""secondary_emotion"": null, ""all_scores"": {}}",870,youll crush inside your wings,22,y aʊ l l   c r ʌ ʃ   ɪ n s ɪ d ɛ   y aʊ r   w ɪ ŋ s .,"{""mean_pitch_hz"": 899.68, ""pitch_range_hz"": 1848.34, ""mean_energy"": 0.1213, ""energy_range"": 0.1736, ""tempo_bpm"": 120.19, ""spectral_centroid"": 1927.55, ""spectral_rolloff"": 3230.48, ""duration_seconds"": 2.0}","{""pace"": ""normal"", ""volume"": ""normal"", ""pitch_variation"": ""low"", ""is_question"": false, ""has_pilot_address"": false, ""is_protocol"": false, ""is_acknowledgment"": false}",You'll crush inside your wings.
BT-7274.Voicepack/bt_clips/871_Dont_cut_any_consciences_on_a.wav,"{""primary_emotion"": ""neutral"", ""primary_score"": 0.0, ""confidence"": 0.0, ""secondary_emotion"": null, ""all_scores"": {}}",871,dont cut any consciences on a metal antenna,36,d ɒ n t   c ʌ t   æ n y   c ɒ n s c iː n c ɛ s   ɒ n   æ   m ɛ t æ l   æ n t ɛ n n æ .,"{""mean_pitch_hz"": 693.69, ""pitch_range_hz"": 1576.62, ""mean_energy"": 0.0657, ""energy_range"": 0.1651, ""tempo_bpm"": 143.55, ""spectral_centroid"": 2780.33, ""spectral_rolloff"": 4986.99, ""duration_seconds"": 2.0}","{""pace"": ""normal"", ""volume"": ""normal"", ""pitch_variation"": ""low"", ""is_question"": false, ""has_pilot_address"": false, ""is_protocol"": false, ""is_acknowledgment"": false}",Don't cut any consciences on a metal antenna.
BT-7274.Voicepack/bt_clips/872_worshipping_black_units_along_with_your.wav,"{""primary_emotion"": ""questioning"", ""primary_score"": 0.6, ""confidence"": 0.07, ""secondary_emotion"": null, ""all_scores"": {""questioning"": 0.6}}",872,worshipping black units along with your troops so you cant remember what you have to do and go,65,w ɔːr ʃ ɪ p p ɪ ŋ   b l æ k   ʌ n ɪ t s   æ l ɒ ŋ   w ɪ θ   y aʊ r   t r uː s   s ɒ   y aʊ   c æ n t   r ɛ m ɛ m b ɜːr   w æ t   y aʊ   h æ v ɛ   t ɒ   d ɒ   æ n d   g ɒ .,"{""mean_pitch_hz"": 486.95, ""pitch_range_hz"": 901.61, ""mean_energy"": 0.0615, ""energy_range"": 0.1766, ""tempo_bpm"": 136.0, ""spectral_centroid"": 1684.1, ""spectral_rolloff"": 2928.89, ""duration_seconds"": 2.0}","{""pace"": ""normal"", ""volume"": ""normal"", ""pitch_variation"": ""high"", ""is_question"": false, ""has_pilot_address"": false, ""is_protocol"": false, ""is_acknowledgment"": false}",worshipping black units along with your troops so you can't remember what you have to do and go.
BT-7274.Voicepack/bt_clips/873_line.wav,"{""primary_emotion"": ""neutral"", ""primary_score"": 0.0, ""confidence"": 0.0, ""secondary_emotion"": null, ""all_scores"": {}}",873,한다,3,한 다 .,"{""mean_pitch_hz"": 787.88, ""pitch_range_hz"": 1059.99, ""mean_energy"": 0.0257, ""energy_range"": 0.0717, ""tempo_bpm"": 166.71, ""spectral_centroid"": 1530.03, ""spectral_rolloff"": 2618.64, ""duration_seconds"": 1.0}","{""pace"": ""normal"", ""volume"": ""normal"", ""pitch_variation"": ""low"", ""is_question"": false, ""has_pilot_address"": false, ""is_protocol"": false, ""is_acknowledgment"": false}",한다.
BT-7274.Voicepack/bt_clips/874_96AY.wav,"{""primary_emotion"": ""neutral"", ""primary_score"": 0.0, ""confidence"": 0.0, ""secondary_emotion"": null, ""all_scores"": {}}",874,96ayėėėėėėėėėėėėėėėėėėėėėėėėęė,28,eɪ ė ė ė ė ė ė ė ė ė ė ė ė ė ė ė ė ė ė ė ė ė ė ė ė ę ė .,"{""mean_pitch_hz"": 579.13, ""pitch_range_hz"": 1418.4, ""mean_energy"": 0.0631, ""energy_range"": 0.1821, ""tempo_bpm"": 132.51, ""spectral_centroid"": 2464.3, ""spectral_rolloff"": 4501.13, ""duration_seconds"": 3.64}","{""pace"": ""normal"", ""volume"": ""normal"", ""pitch_variation"": ""low"", ""is_question"": false, ""has_pilot_address"": false, ""is_protocol"": false, ""is_acknowledgment"": false}",96AYėėėėėėėėėėėėėėėėėėėėėėėėęė.
BT-7274.Voicepack/bt_clips/875_I_will_whip_at_all_Lockjawis.wav,"{""primary_emotion"": ""determined"", ""primary_score"": 0.8, ""confidence"": 0.1, ""secondary_emotion"": null, ""all_scores"": {""determined"": 0.8}}",875,i will whip at all lockjawis,21,ɪ   w ɪ l l   w ɪ p   æ t   æ l l   l ɒ k j ɔː ɪ s .,"{""mean_pitch_hz"": 924.51, ""pitch_range_hz"": 1898.34, ""mean_energy"": 0.0549, ""energy_range"": 0.2013, ""tempo_bpm"": 129.2, ""spectral_centroid"": 2374.71, ""spectral_rolloff"": 4338.13, ""duration_seconds"": 9.36}","{""pace"": ""normal"", ""volume"": ""normal"", ""pitch_variation"": ""low"", ""is_question"": false, ""has_pilot_address"": false, ""is_protocol"": false, ""is_acknowledgment"": false}",I will whip at all Lockjawis.
BT-7274.Voicepack/bt_clips/876_LOT_premiers_though.wav,"{""primary_emotion"": ""neutral"", ""primary_score"": 0.0, ""confidence"": 0.0, ""secondary_emotion"": null, ""all_scores"": {}}",876,lot premiers though겠어요,16,l ɒ t   p r ɛ m iː r s   θ oʊ 겠 어 요 .,"{""mean_pitch_hz"": 319.7, ""pitch_range_hz"": 11.97, ""mean_energy"": 0.0454, ""energy_range"": 0.2368, ""tempo_bpm"": 86.13, ""spectral_centroid"": 2431.45, ""spectral_rolloff"": 4443.88, ""duration_seconds"": 1.64}","{""pace"": ""normal"", ""volume"": ""normal"", ""pitch_variation"": ""low"", ""is_question"": false, ""has_pilot_address"": false, ""is_protocol"": false, ""is_acknowledgment"": false}",LOT premiers though겠어요.
BT-7274.Voicepack/bt_clips/877_militia_pilot_is_attacking_your_target.wav,"{""primary_emotion"": ""urgent"", ""primary_score"": 1.0, ""confidence"": 0.12, ""secondary_emotion"": null, ""all_scores"": {""urgent"": 1.0}}",877,militia pilot is attacking your target a militia titan is attacking your target recommend you assist i am engaging hostile infantry i am engaging a hostile titan warning i am engaging multiple titans titan battery received battery received battery locked in battery acquired,218,m ɪ l ɪ t ɪ æ   p ɪ l ɒ t   ɪ s   æ t t æ k ɪ ŋ   y aʊ r   t ɑːr g ɛ t .   æ   m ɪ l ɪ t ɪ æ   t ɪ t æ n   ɪ s   æ t t æ k ɪ ŋ   y aʊ r   t ɑːr g ɛ t .   r ɛ c ɒ m m ɛ n d   y aʊ   æ s s ɪ s t .   ɪ   æ m   ɛ ŋ æ g ɪ ŋ   h ɒ s t ɪ l ɛ   ɪ n f æ n t r y .   ɪ   æ m   ɛ ŋ æ g ɪ ŋ   æ   h ɒ s t ɪ l ɛ   t ɪ t æ n .   w ɑːr n ɪ ŋ .   ɪ   æ m   ɛ ŋ æ g ɪ ŋ   m ʌ l t ɪ p l ɛ   t ɪ t æ n s .   t ɪ t æ n   b æ t t ɜːr y   r ɛ c eɪ v ɛ d .   b æ t t ɜːr y   r ɛ c eɪ v ɛ d .   b æ t t ɜːr y   l ɒ k ɛ d   ɪ n .   b æ t t ɜːr y   æ c q ʌ ɪr ɛ d .,"{""mean_pitch_hz"": 710.28, ""pitch_range_hz"": 1211.57, ""mean_energy"": 0.0695, ""energy_range"": 0.2313, ""tempo_bpm"": 132.51, ""spectral_centroid"": 2185.19, ""spectral_rolloff"": 3789.27, ""duration_seconds"": 17.34}","{""pace"": ""fast"", ""volume"": ""loud"", ""pitch_variation"": ""normal"", ""is_question"": false, ""has_pilot_address"": true, ""is_protocol"": false, ""is_acknowledgment"": false}",militia pilot is attacking your target. A militia titan is attacking your target. Recommend you assist. I am engaging hostile infantry. I am engaging a hostile titan. Warning. I am engaging multiple titans. Titan battery received. Battery received. Battery locked in. Battery acquired.
BT-7274.Voicepack/bt_clips/878_Combat_effectiveness_increased_Excessive.wav,"{""primary_emotion"": ""urgent"", ""primary_score"": 1.0, ""confidence"": 0.12, ""secondary_emotion"": null, ""all_scores"": {""urgent"": 1.0}}",878,combat effectiveness increased excessive damage warning warning warning detecting hull damage,81,c ɒ m b æ t   ɛ f f ɛ c t ɪ v ɛ n ɛ s s   ɪ n c r iː s ɛ d .   ɛ x c ɛ s s ɪ v ɛ   d æ m æ g ɛ .   w ɑːr n ɪ ŋ .   w ɑːr n ɪ ŋ .   w ɑːr n ɪ ŋ .   d ɛ t ɛ c t ɪ ŋ   h ʌ l l   d æ m æ g ɛ .,"{""mean_pitch_hz"": 726.35, ""pitch_range_hz"": 1047.96, ""mean_energy"": 0.0596, ""energy_range"": 0.2165, ""tempo_bpm"": 114.84, ""spectral_centroid"": 2198.2, ""spectral_rolloff"": 3646.62, ""duration_seconds"": 5.98}","{""pace"": ""fast"", ""volume"": ""loud"", ""pitch_variation"": ""normal"", ""is_question"": false, ""has_pilot_address"": false, ""is_protocol"": false, ""is_acknowledgment"": false}",Combat effectiveness increased. Excessive damage. Warning. Warning. Warning. Detecting hull damage.
BT-7274.Voicepack/bt_clips/879_Caution_Core_activated_Burst_core_activa.wav,"{""primary_emotion"": ""cautious"", ""primary_score"": 0.8, ""confidence"": 0.1, ""secondary_emotion"": null, ""all_scores"": {""cautious"": 0.8}}",879,caution core activated burst core activated burst core offline burst core ready dash core activated dash core offline dash core ready flame core activated flame core offline flame core ready flight core activated flight core offline flight core ready laser core activated laser core offline laser core ready core is recharging core offline core ready salvo core offline,288,c ɔː t ɪ ɒ n .   c ɔːr ɛ   æ c t ɪ v æ t ɛ d .   b ɜːr s t   c ɔːr ɛ   æ c t ɪ v æ t ɛ d .   b ɜːr s t   c ɔːr ɛ   ɒ f f l ɪ n ɛ .   b ɜːr s t   c ɔːr ɛ   r iː d y .   d æ ʃ   c ɔːr ɛ   æ c t ɪ v æ t ɛ d .   d æ ʃ   c ɔːr ɛ   ɒ f f l ɪ n ɛ .   d æ ʃ   c ɔːr ɛ   r iː d y .   f l æ m ɛ   c ɔːr ɛ   æ c t ɪ v æ t ɛ d .   f l æ m ɛ   c ɔːr ɛ   ɒ f f l ɪ n ɛ .   f l æ m ɛ   c ɔːr ɛ   r iː d y .   f l aɪ t   c ɔːr ɛ   æ c t ɪ v æ t ɛ d .   f l aɪ t   c ɔːr ɛ   ɒ f f l ɪ n ɛ .   f l aɪ t   c ɔːr ɛ   r iː d y .   l æ s ɜːr   c ɔːr ɛ   æ c t ɪ v æ t ɛ d .   l æ s ɜːr   c ɔːr ɛ   ɒ f f l ɪ n ɛ .   l æ s ɜːr   c ɔːr ɛ   r iː d y .   c ɔːr ɛ   ɪ s   r ɛ tʃ ɑːr g ɪ ŋ .   c ɔːr ɛ   ɒ f f l ɪ n ɛ .   c ɔːr ɛ   r iː d y .   s æ l v ɒ   c ɔːr ɛ   ɒ f f l ɪ n ɛ .,"{""mean_pitch_hz"": 554.58, ""pitch_range_hz"": 664.48, ""mean_energy"": 0.0619, ""energy_range"": 0.2582, ""tempo_bpm"": 132.51, ""spectral_centroid"": 2158.04, ""spectral_rolloff"": 3755.08, ""duration_seconds"": 30.54}","{""pace"": ""slow"", ""volume"": ""soft"", ""pitch_variation"": ""normal"", ""is_question"": false, ""has_pilot_address"": false, ""is_protocol"": false, ""is_acknowledgment"": false}",Caution. Core activated. Burst core activated. Burst core offline. Burst core ready. Dash core activated. Dash core offline. Dash core ready. Flame core activated. Flame core offline. Flame core ready. Flight core activated. Flight core offline. Flight core ready. Laser core activated. Laser core offline. Laser core ready. Core is recharging. Core offline. Core ready. Salvo core offline.
BT-7274.Voicepack/bt_clips/880_Salvo_core_activated_Salvo_core_ready.wav,"{""primary_emotion"": ""positive"", ""primary_score"": 0.9, ""confidence"": 0.11, ""secondary_emotion"": ""cautious"", ""all_scores"": {""positive"": 0.9, ""cautious"": 0.8, ""concerned"": 0.7}}",880,salvo core activated salvo core ready smart core activated smart core fired smart core offline smart core ready sword core activated sword core offline sword core ready be careful pilot controls to auto mode transferring controls to auto tighten good luck pilot,206,"s æ l v ɒ   c ɔːr ɛ   æ c t ɪ v æ t ɛ d .   s æ l v ɒ   c ɔːr ɛ   r iː d y .   s m ɑːr t   c ɔːr ɛ   æ c t ɪ v æ t ɛ d .   s m ɑːr t   c ɔːr ɛ   f ɪr ɛ d .   s m ɑːr t   c ɔːr ɛ   ɒ f f l ɪ n ɛ .   s m ɑːr t   c ɔːr ɛ   r iː d y .   s w ɔːr d   c ɔːr ɛ   æ c t ɪ v æ t ɛ d .   s w ɔːr d   c ɔːr ɛ   ɒ f f l ɪ n ɛ .   s w ɔːr d   c ɔːr ɛ   r iː d y .   b ɛ   c ɑːr ɛ f ʌ l ,   p ɪ l ɒ t .   c ɒ n t r ɒ l s   t ɒ   ɔː t ɒ   m ɒ d ɛ .   t r æ n s f ɜːr r ɪ ŋ   c ɒ n t r ɒ l s   t ɒ   ɔː t ɒ   t aɪ t ɛ n .   g uː d   l ʌ k ,   p ɪ l ɒ t .","{""mean_pitch_hz"": 557.36, ""pitch_range_hz"": 638.81, ""mean_energy"": 0.0634, ""energy_range"": 0.2712, ""tempo_bpm"": 156.61, ""spectral_centroid"": 2272.06, ""spectral_rolloff"": 3959.39, ""duration_seconds"": 19.54}","{""pace"": ""normal"", ""volume"": ""loud"", ""pitch_variation"": ""normal"", ""is_question"": false, ""has_pilot_address"": true, ""is_protocol"": false, ""is_acknowledgment"": false}","Salvo core activated. Salvo core ready. Smart core activated. Smart core fired. Smart core offline. Smart core ready. Sword core activated. Sword core offline. Sword core ready. Be careful, pilot. Controls to auto mode. Transferring controls to auto tighten. Good luck, pilot."
BT-7274.Voicepack/bt_clips/881_Be_careful_Cooper_Good_luck_pilot.wav,"{""primary_emotion"": ""urgent"", ""primary_score"": 1.0, ""confidence"": 0.12, ""secondary_emotion"": ""positive"", ""all_scores"": {""urgent"": 1.0, ""positive"": 0.9, ""cautious"": 0.8}}",881,be careful cooper good luck pilot cooper warning our reactor is unstable replacement battery required enemy tightened down militia tightened down militia tightened down target eliminated target eliminated nice shot pilot hostile down target down our combat effectiveness has increased pilot mode engaged transferring controls to pilot pilot control initiated,295,"b ɛ   c ɑːr ɛ f ʌ l ,   c uː p ɜːr .   g uː d   l ʌ k ,   p ɪ l ɒ t   c uː p ɜːr .   w ɑːr n ɪ ŋ .   aʊ r   r iː c t ɔːr   ɪ s   ʌ n s t æ b l ɛ .   r ɛ p l æ c ɛ m ɛ n t   b æ t t ɜːr y   r ɛ q ʌ ɪr ɛ d .   ɛ n ɛ m y   t aɪ t ɛ n ɛ d   d oʊ n .   m ɪ l ɪ t ɪ æ   t aɪ t ɛ n ɛ d   d oʊ n .   m ɪ l ɪ t ɪ æ   t aɪ t ɛ n ɛ d   d oʊ n .   t ɑːr g ɛ t   ɛ l ɪ m ɪ n æ t ɛ d .   t ɑːr g ɛ t   ɛ l ɪ m ɪ n æ t ɛ d .   n ɪ c ɛ   ʃ ɒ t ,   p ɪ l ɒ t .   h ɒ s t ɪ l ɛ   d oʊ n .   t ɑːr g ɛ t   d oʊ n .   aʊ r   c ɒ m b æ t   ɛ f f ɛ c t ɪ v ɛ n ɛ s s   h æ s   ɪ n c r iː s ɛ d .   p ɪ l ɒ t   m ɒ d ɛ   ɛ ŋ æ g ɛ d .   t r æ n s f ɜːr r ɪ ŋ   c ɒ n t r ɒ l s   t ɒ   p ɪ l ɒ t .   p ɪ l ɒ t   c ɒ n t r ɒ l   ɪ n ɪ t ɪ æ t ɛ d .","{""mean_pitch_hz"": 670.01, ""pitch_range_hz"": 1128.76, ""mean_energy"": 0.0698, ""energy_range"": 0.2828, ""tempo_bpm"": 143.55, ""spectral_centroid"": 2041.37, ""spectral_rolloff"": 3589.75, ""duration_seconds"": 23.54}","{""pace"": ""fast"", ""volume"": ""loud"", ""pitch_variation"": ""normal"", ""is_question"": false, ""has_pilot_address"": true, ""is_protocol"": false, ""is_acknowledgment"": false}","Be careful, Cooper. Good luck, pilot Cooper. Warning. Our reactor is unstable. Replacement battery required. Enemy tightened down. Militia tightened down. Militia tightened down. Target eliminated. Target eliminated. Nice shot, pilot. Hostile down. Target down. Our combat effectiveness has increased. Pilot mode engaged. Transferring controls to pilot. Pilot control initiated."
BT-7274.Voicepack/bt_clips/882_Controls_transferred_to_pilot_Enemy_tita.wav,"{""primary_emotion"": ""urgent"", ""primary_score"": 1.0, ""confidence"": 0.12, ""secondary_emotion"": null, ""all_scores"": {""urgent"": 1.0}}",882,controls transferred to pilot enemy titanfall detented incoming enemy titanfall battery required warning battery essential warning pilot multiple titans engaging,140,"c ɒ n t r ɒ l s   t r æ n s f ɜːr r ɛ d   t ɒ   p ɪ l ɒ t .   ɛ n ɛ m y   t ɪ t æ n f æ l l   d ɛ t ɛ n t ɛ d .   ɪ n c ɒ m ɪ ŋ   ɛ n ɛ m y   t ɪ t æ n f æ l l .   b æ t t ɜːr y   r ɛ q ʌ ɪr ɛ d .   w ɑːr n ɪ ŋ .   b æ t t ɜːr y   ɛ s s ɛ n t ɪ æ l .   w ɑːr n ɪ ŋ ,   p ɪ l ɒ t .   m ʌ l t ɪ p l ɛ   t ɪ t æ n s   ɛ ŋ æ g ɪ ŋ .","{""mean_pitch_hz"": 458.88, ""pitch_range_hz"": 84.17, ""mean_energy"": 0.0807, ""energy_range"": 0.3277, ""tempo_bpm"": 105.47, ""spectral_centroid"": 1970.81, ""spectral_rolloff"": 3451.92, ""duration_seconds"": 10.14}","{""pace"": ""fast"", ""volume"": ""loud"", ""pitch_variation"": ""normal"", ""is_question"": false, ""has_pilot_address"": true, ""is_protocol"": false, ""is_acknowledgment"": false}","Controls transferred to pilot. Enemy titanfall detented. Incoming enemy titanfall. Battery required. Warning. Battery essential. Warning, pilot. Multiple titans engaging."
BT-7274.Voicepack/bt_clips/883_Warning_Multiple_titans_engaging_us_Warn.wav,"{""primary_emotion"": ""urgent"", ""primary_score"": 1.0, ""confidence"": 0.12, ""secondary_emotion"": null, ""all_scores"": {""urgent"": 1.0}}",883,warning multiple titans engaging us warning enemy titans engaging warning pilot cooper,69,"w ɑːr n ɪ ŋ .   m ʌ l t ɪ p l ɛ   t ɪ t æ n s   ɛ ŋ æ g ɪ ŋ   ʌ s .   w ɑːr n ɪ ŋ .   ɛ n ɛ m y   t ɪ t æ n s   ɛ ŋ æ g ɪ ŋ .   w ɑːr n ɪ ŋ ,   p ɪ l ɒ t   c uː p ɜːr .","{""mean_pitch_hz"": 556.66, ""pitch_range_hz"": 465.54, ""mean_energy"": 0.084, ""energy_range"": 0.3502, ""tempo_bpm"": 136.0, ""spectral_centroid"": 1882.36, ""spectral_rolloff"": 3142.14, ""duration_seconds"": 5.42}","{""pace"": ""fast"", ""volume"": ""loud"", ""pitch_variation"": ""normal"", ""is_question"": false, ""has_pilot_address"": true, ""is_protocol"": false, ""is_acknowledgment"": false}","Warning. Multiple titans engaging us. Warning. Enemy titans engaging. Warning, pilot Cooper."
BT-7274.Voicepack/bt_clips/884_Multiple_titans_engaging_Warning_Multipl.wav,"{""primary_emotion"": ""urgent"", ""primary_score"": 1.0, ""confidence"": 0.12, ""secondary_emotion"": null, ""all_scores"": {""urgent"": 1.0}}",884,multiple titans engaging warning multiple titans engaging us cooper warning cooper enemy titans engaging pilot activating sonar pulse to assist you sonar pulse activated activating sonar pulse,157,"m ʌ l t ɪ p l ɛ   t ɪ t æ n s   ɛ ŋ æ g ɪ ŋ .   w ɑːr n ɪ ŋ .   m ʌ l t ɪ p l ɛ   t ɪ t æ n s   ɛ ŋ æ g ɪ ŋ   ʌ s ,   c uː p ɜːr .   w ɑːr n ɪ ŋ ,   c uː p ɜːr .   ɛ n ɛ m y   t ɪ t æ n s   ɛ ŋ æ g ɪ ŋ .   p ɪ l ɒ t .   æ c t ɪ v æ t ɪ ŋ   s ɒ n ɑːr   p ʌ l s ɛ   t ɒ   æ s s ɪ s t   y aʊ .   s ɒ n ɑːr   p ʌ l s ɛ   æ c t ɪ v æ t ɛ d .   æ c t ɪ v æ t ɪ ŋ   s ɒ n ɑːr   p ʌ l s ɛ .","{""mean_pitch_hz"": 571.93, ""pitch_range_hz"": 851.7, ""mean_energy"": 0.0706, ""energy_range"": 0.2837, ""tempo_bpm"": 129.2, ""spectral_centroid"": 2016.8, ""spectral_rolloff"": 3440.32, ""duration_seconds"": 12.42}","{""pace"": ""fast"", ""volume"": ""loud"", ""pitch_variation"": ""normal"", ""is_question"": false, ""has_pilot_address"": true, ""is_protocol"": false, ""is_acknowledgment"": false}","Multiple titans engaging. Warning. Multiple titans engaging us, Cooper. Warning, Cooper. Enemy titans engaging. Pilot. Activating sonar pulse to assist you. Sonar pulse activated. Activating sonar pulse."
BT-7274.Voicepack/bt_clips/885_Sonar_Pulse_Online_Warning.wav,"{""primary_emotion"": ""urgent"", ""primary_score"": 1.0, ""confidence"": 0.12, ""secondary_emotion"": null, ""all_scores"": {""urgent"": 1.0}}",885,sonar pulse online warning,20,s ɒ n ɑːr   p ʌ l s ɛ   ɒ n l ɪ n ɛ   w ɑːr n ɪ ŋ,"{""mean_pitch_hz"": 549.69, ""pitch_range_hz"": 550.73, ""mean_energy"": 0.0657, ""energy_range"": 0.293, ""tempo_bpm"": 132.51, ""spectral_centroid"": 2534.91, ""spectral_rolloff"": 3974.8, ""duration_seconds"": 2.4}","{""pace"": ""fast"", ""volume"": ""loud"", ""pitch_variation"": ""normal"", ""is_question"": false, ""has_pilot_address"": false, ""is_protocol"": false, ""is_acknowledgment"": false}",Sonar Pulse Online Warning
